Filename,Label,L_mean,A_mean,B_mean,ITA_Angle,Fitzpatrick,Used_ROIs
100.jpg,Normal,167.91,142.32,139.73,53.49,Type_II,R_Cheek+L_Cheek+Forehead
1000.jpg,Normal,108.6,140.72,128.69,-84.67,Type_VI,R_Cheek+L_Cheek+Forehead
10005.jpg,Normal,45.6,138.66,136.98,-74.39,Type_VI,R_Cheek+Forehead
10006.jpg,Normal,75.37,141.59,143.67,-52.52,Type_VI,R_Cheek+L_Cheek+Forehead
10010.jpg,Normal,56.87,129.33,135.75,-74.36,Type_VI,R_Cheek+Forehead
10065.jpg,Normal,116.4,140.35,147.74,-12.44,Type_V,R_Cheek+L_Cheek+Forehead
10096.jpg,Normal,88.51,155.95,150.38,-34.34,Type_VI,R_Cheek+Forehead
10100.jpg,Normal,181.53,138.3,143.59,53.66,Type_II,R_Cheek+Forehead
10101.jpg,Normal,77.99,128.0,128.0,-90.0,Type_VI,R_Cheek+L_Cheek+Forehead
10111.jpg,Normal,147.4,146.96,156.76,15.18,Type_IV,R_Cheek+L_Cheek+Forehead
10124.jpg,Normal,172.07,140.43,141.24,52.86,Type_II,R_Cheek+L_Cheek+Forehead
10161.jpg,Normal,93.4,128.0,128.0,-90.0,Type_VI,R_Cheek+L_Cheek+Forehead
10163.jpg,Normal,53.51,140.56,132.87,-80.48,Type_VI,L_Cheek+Forehead
10165.jpg,Normal,100.29,142.0,142.37,-36.6,Type_VI,L_Cheek+Forehead
10167.jpg,Normal,151.0,144.75,146.1,26.98,Type_IV,R_Cheek+L_Cheek+Forehead
10168.jpg,Normal,95.14,137.96,135.72,-58.69,Type_VI,R_Cheek+L_Cheek+Forehead
10172.jpg,Normal,152.5,142.23,147.34,26.88,Type_IV,R_Cheek+L_Cheek+Forehead
10178.jpg,Normal,167.34,135.84,152.7,32.31,Type_III,R_Cheek+Forehead
10182.jpg,Normal,73.38,140.41,146.51,-48.91,Type_VI,R_Cheek+Forehead
10244.jpg,Normal,118.89,141.17,142.07,-13.49,Type_V,R_Cheek+L_Cheek+Forehead
10271.jpg,Normal,81.68,134.35,137.78,-61.44,Type_VI,R_Cheek+L_Cheek+Forehead
10273.jpg,Normal,147.19,147.31,176.01,9.14,Type_V,R_Cheek+L_Cheek+Forehead
10274.jpg,Normal,131.2,157.03,156.11,2.96,Type_V,R_Cheek+L_Cheek+Forehead
10277.jpg,Normal,86.19,145.67,145.41,-42.93,Type_VI,L_Cheek+Forehead
10278.jpg,Normal,145.53,154.9,148.17,19.32,Type_IV,R_Cheek+L_Cheek+Forehead
10279.jpg,Normal,167.66,137.47,143.13,46.14,Type_II,R_Cheek+L_Cheek+Forehead
10281.jpg,Normal,117.49,149.88,154.68,-8.37,Type_V,R_Cheek+L_Cheek+Forehead
10285.jpg,Normal,103.19,143.08,141.22,-35.79,Type_VI,R_Cheek+L_Cheek+Forehead
10290.jpg,Normal,81.76,135.59,138.94,-58.63,Type_VI,R_Cheek+L_Cheek+Forehead
10291.jpg,Normal,129.6,152.89,154.42,1.78,Type_V,R_Cheek+L_Cheek+Forehead
10295.jpg,Normal,67.63,133.73,134.87,-73.68,Type_VI,R_Cheek+L_Cheek+Forehead
10376.jpg,Normal,144.47,144.6,119.45,-37.88,Type_VI,R_Cheek+L_Cheek+Forehead
10380.jpg,Normal,111.68,134.88,140.12,-27.12,Type_V,R_Cheek+Forehead
10384.jpg,Normal,71.17,132.76,142.7,-56.35,Type_VI,R_Cheek+L_Cheek+Forehead
10388.jpg,Normal,127.52,142.76,147.5,0.02,Type_V,R_Cheek+L_Cheek+Forehead
10389.jpg,Normal,149.04,144.4,152.7,18.88,Type_IV,R_Cheek+L_Cheek+Forehead
10522.jpg,Normal,97.46,142.63,140.4,-43.53,Type_VI,R_Cheek+L_Cheek+Forehead
10527.jpg,Normal,46.85,139.75,134.15,-78.99,Type_VI,R_Cheek+L_Cheek+Forehead
10531.jpg,Normal,91.99,127.02,133.69,-67.77,Type_VI,R_Cheek+L_Cheek+Forehead
10533.jpg,Normal,77.35,144.46,143.93,-50.99,Type_VI,R_Cheek+L_Cheek+Forehead
10535.jpg,Normal,47.46,131.26,138.39,-71.68,Type_VI,R_Cheek+L_Cheek+Forehead
10538.jpg,Normal,114.66,146.47,141.63,-20.28,Type_V,R_Cheek+L_Cheek+Forehead
10542.jpg,Normal,182.6,139.06,137.44,66.4,Type_I,R_Cheek+L_Cheek+Forehead
10546.jpg,Normal,124.99,141.44,142.33,-3.93,Type_V,R_Cheek+L_Cheek+Forehead
10633.jpg,Normal,99.46,143.14,139.99,-42.53,Type_VI,R_Cheek+Forehead
1064.jpg,Normal,136.81,139.58,145.53,11.77,Type_IV,R_Cheek+L_Cheek+Forehead
10645.jpg,Normal,102.39,140.12,136.91,-47.85,Type_VI,R_Cheek+L_Cheek+Forehead
10647.jpg,Normal,34.62,134.38,133.11,-82.01,Type_VI,R_Cheek+L_Cheek+Forehead
10648.jpg,Normal,127.99,131.94,143.77,0.7,Type_V,R_Cheek+L_Cheek+Forehead
10657.jpg,Normal,123.44,139.26,144.65,-5.46,Type_V,R_Cheek+L_Cheek+Forehead
10658.jpg,Normal,118.24,143.24,145.43,-11.76,Type_V,R_Cheek+Forehead
10684.jpg,Normal,95.86,128.59,130.01,-80.78,Type_VI,R_Cheek+L_Cheek+Forehead
10709.jpg,Normal,64.98,152.12,146.49,-52.98,Type_VI,R_Cheek+L_Cheek+Forehead
10735.jpg,Normal,58.14,135.44,134.71,-76.14,Type_VI,R_Cheek+L_Cheek+Forehead
10736.jpg,Normal,155.26,148.87,165.05,16.38,Type_IV,R_Cheek+L_Cheek+Forehead
10738.jpg,Normal,140.42,144.21,145.74,15.94,Type_IV,L_Cheek+Forehead
10743.jpg,Normal,131.59,138.42,137.09,10.0,Type_IV,R_Cheek+Forehead
10745.jpg,Normal,132.72,137.2,136.41,13.69,Type_IV,R_Cheek+L_Cheek+Forehead
10749.jpg,Normal,115.81,140.42,147.17,-13.44,Type_V,R_Cheek+L_Cheek+Forehead
10753.jpg,Normal,148.68,142.28,145.49,25.4,Type_IV,R_Cheek+L_Cheek+Forehead
10837.jpg,Normal,143.66,150.63,152.16,14.7,Type_IV,R_Cheek+L_Cheek+Forehead
1084.jpg,Normal,143.54,142.32,139.24,29.24,Type_III,R_Cheek+L_Cheek+Forehead
10846.jpg,Normal,87.79,133.53,139.67,-53.15,Type_VI,R_Cheek+Forehead
10969.jpg,Normal,50.07,135.63,133.95,-78.92,Type_VI,R_Cheek+L_Cheek+Forehead
10971.jpg,Normal,108.96,145.25,148.49,-19.54,Type_V,R_Cheek+L_Cheek+Forehead
1098.jpg,Normal,142.65,136.87,142.15,22.77,Type_IV,R_Cheek+L_Cheek+Forehead
10980.jpg,Normal,130.72,140.34,145.57,4.11,Type_V,R_Cheek+L_Cheek+Forehead
10981.jpg,Normal,91.04,144.34,139.24,-51.83,Type_VI,L_Cheek+Forehead
10983.jpg,Normal,147.74,138.21,134.52,50.6,Type_II,R_Cheek+L_Cheek+Forehead
11074.jpg,Normal,127.21,135.09,125.95,3.15,Type_V,R_Cheek+L_Cheek+Forehead
11078.jpg,Normal,205.61,137.54,150.69,53.48,Type_II,R_Cheek+L_Cheek+Forehead
11080.jpg,Normal,109.66,146.94,140.41,-29.42,Type_V,R_Cheek+L_Cheek+Forehead
11083.jpg,Normal,89.62,128.57,146.39,-38.93,Type_VI,L_Cheek+Forehead
11084.jpg,Normal,103.05,145.26,144.05,-30.85,Type_VI,R_Cheek+L_Cheek+Forehead
11085.jpg,Normal,169.86,145.39,165.88,23.68,Type_IV,L_Cheek+Forehead
11088.jpg,Normal,126.66,148.46,135.49,-2.51,Type_V,L_Cheek+Forehead
11148.jpg,Normal,129.51,148.95,160.26,1.4,Type_V,R_Cheek+L_Cheek+Forehead
1115.jpg,Normal,106.28,147.09,149.6,-21.07,Type_V,R_Cheek+L_Cheek+Forehead
11156.jpg,Normal,79.89,134.97,134.5,-70.8,Type_VI,L_Cheek+Forehead
11162.jpg,Normal,141.58,139.05,148.32,15.2,Type_IV,R_Cheek+L_Cheek+Forehead
11163.jpg,Normal,162.43,150.76,169.89,18.11,Type_IV,L_Cheek+Forehead
11164.jpg,Normal,178.68,139.29,142.83,53.54,Type_II,R_Cheek+L_Cheek+Forehead
1117.jpg,Normal,183.39,145.33,147.49,48.36,Type_II,R_Cheek+L_Cheek+Forehead
11279.jpg,Normal,85.21,149.52,150.55,-36.33,Type_VI,L_Cheek+Forehead
11280.jpg,Normal,70.35,149.43,149.45,-46.25,Type_VI,R_Cheek+L_Cheek+Forehead
11284.jpg,Normal,165.04,134.18,167.09,20.64,Type_IV,R_Cheek+L_Cheek+Forehead
11286.jpg,Normal,161.77,140.06,142.15,43.52,Type_II,R_Cheek+L_Cheek+Forehead
11292.jpg,Normal,135.67,140.12,143.02,12.04,Type_IV,L_Cheek+Forehead
11295.jpg,Normal,115.23,152.97,151.4,-11.62,Type_V,R_Cheek+L_Cheek+Forehead
11296.jpg,Normal,134.09,147.25,148.02,7.35,Type_V,R_Cheek+Forehead
11369.jpg,Normal,123.97,139.76,141.45,-5.88,Type_V,R_Cheek+Forehead
11370.jpg,Normal,131.5,138.71,139.78,7.59,Type_V,L_Cheek+Forehead
11439.jpg,Normal,120.73,134.87,133.33,-26.46,Type_V,R_Cheek+Forehead
1144.jpg,Normal,157.0,141.46,143.43,36.86,Type_III,R_Cheek+L_Cheek+Forehead
11451.jpg,Normal,117.42,148.77,161.53,-6.72,Type_V,R_Cheek+L_Cheek+Forehead
11452.jpg,Normal,100.07,128.0,128.0,-89.99,Type_VI,R_Cheek+L_Cheek+Forehead
11453.jpg,Normal,98.26,146.86,154.54,-23.37,Type_V,R_Cheek+L_Cheek+Forehead
11455.jpg,Normal,126.75,147.16,144.56,-1.02,Type_V,R_Cheek+L_Cheek+Forehead
11459.jpg,Normal,138.66,153.94,151.73,10.45,Type_IV,R_Cheek+Forehead
11534.jpg,Normal,122.23,144.84,173.76,-2.59,Type_V,R_Cheek+L_Cheek+Forehead
11538.jpg,Normal,134.27,155.6,160.93,4.61,Type_V,R_Cheek+L_Cheek+Forehead
11540.jpg,Normal,201.98,140.04,134.73,77.02,Type_I,R_Cheek+Forehead
11541.jpg,Normal,89.7,156.19,165.47,-21.58,Type_V,R_Cheek+Forehead
11544.jpg,Normal,118.24,145.58,151.03,-8.96,Type_V,R_Cheek+L_Cheek+Forehead
11545.jpg,Normal,116.07,150.26,149.15,-11.97,Type_V,R_Cheek+L_Cheek+Forehead
11546.jpg,Normal,141.92,147.0,150.74,13.97,Type_IV,R_Cheek+L_Cheek+Forehead
11655.jpg,Normal,90.8,146.63,147.73,-36.11,Type_VI,R_Cheek+L_Cheek+Forehead
11662.jpg,Normal,103.03,146.42,148.5,-25.08,Type_V,R_Cheek+L_Cheek+Forehead
11664.jpg,Normal,105.84,139.8,129.67,-78.91,Type_VI,R_Cheek+L_Cheek+Forehead
11666.jpg,Normal,60.65,136.09,140.6,-64.32,Type_VI,R_Cheek+L_Cheek+Forehead
11668.jpg,Normal,128.53,139.25,134.7,3.46,Type_V,R_Cheek+L_Cheek+Forehead
11669.jpg,Normal,98.71,140.98,145.16,-33.34,Type_VI,R_Cheek+L_Cheek+Forehead
11675.jpg,Normal,143.87,143.08,145.61,20.03,Type_IV,R_Cheek+L_Cheek+Forehead
11680.jpg,Normal,77.2,145.14,136.18,-67.48,Type_VI,R_Cheek+L_Cheek+Forehead
11760.jpg,Normal,79.86,150.92,138.52,-60.63,Type_VI,R_Cheek+L_Cheek+Forehead
11768.jpg,Normal,84.77,142.78,148.57,-39.16,Type_VI,L_Cheek+Forehead
11769.jpg,Normal,42.75,138.51,140.37,-69.59,Type_VI,L_Cheek+Forehead
11776.jpg,Normal,120.16,141.2,141.76,-11.81,Type_V,R_Cheek+L_Cheek+Forehead
11778.jpg,Normal,106.68,139.33,128.03,-89.77,Type_VI,R_Cheek+L_Cheek+Forehead
1186.jpg,Normal,56.54,140.52,141.44,-64.22,Type_VI,R_Cheek+L_Cheek+Forehead
11863.jpg,Normal,81.7,148.37,145.82,-45.22,Type_VI,R_Cheek+L_Cheek+Forehead
11864.jpg,Normal,154.2,157.59,176.38,12.21,Type_IV,R_Cheek+L_Cheek+Forehead
11868.jpg,Normal,139.27,136.37,138.64,23.45,Type_IV,R_Cheek+L_Cheek+Forehead
11869.jpg,Normal,144.31,149.98,179.24,7.33,Type_V,R_Cheek+L_Cheek+Forehead
11877.jpg,Normal,111.48,143.73,148.91,-16.72,Type_V,R_Cheek+L_Cheek+Forehead
11879.jpg,Normal,94.82,138.93,132.19,-71.88,Type_VI,R_Cheek+L_Cheek+Forehead
1188.jpg,Normal,119.79,141.57,152.68,-6.98,Type_V,R_Cheek+L_Cheek+Forehead
11882.jpg,Normal,103.01,142.27,144.0,-30.97,Type_VI,R_Cheek+L_Cheek+Forehead
11953.jpg,Normal,129.97,148.36,145.78,3.12,Type_V,R_Cheek+L_Cheek+Forehead
11957.jpg,Normal,128.32,138.88,140.57,1.46,Type_V,R_Cheek+L_Cheek+Forehead
1196.jpg,Normal,39.06,142.2,136.38,-76.42,Type_VI,R_Cheek+L_Cheek+Forehead
11965.jpg,Normal,134.03,143.71,141.8,10.51,Type_IV,R_Cheek+Forehead
11966.jpg,Normal,101.81,143.71,139.07,-42.31,Type_VI,R_Cheek+L_Cheek+Forehead
1197.jpg,Normal,167.46,141.3,150.07,35.38,Type_III,R_Cheek+L_Cheek+Forehead
12032.jpg,Normal,36.81,140.1,132.5,-82.79,Type_VI,R_Cheek+L_Cheek+Forehead
12035.jpg,Normal,153.4,135.83,139.75,40.84,Type_III,R_Cheek+L_Cheek+Forehead
12037.jpg,Normal,161.2,143.49,142.85,41.67,Type_II,R_Cheek+L_Cheek+Forehead
1204.jpg,Normal,154.44,144.83,150.59,25.07,Type_IV,R_Cheek+L_Cheek+Forehead
12040.jpg,Normal,146.99,146.84,135.9,44.07,Type_II,R_Cheek+L_Cheek+Forehead
12043.jpg,Normal,134.26,136.85,144.85,8.94,Type_V,R_Cheek+L_Cheek+Forehead
12044.jpg,Normal,216.0,136.21,135.27,78.16,Type_I,L_Cheek+Forehead
12045.jpg,Normal,72.68,137.12,141.64,-57.6,Type_VI,R_Cheek+Forehead
12048.jpg,Normal,90.06,138.47,153.87,-29.58,Type_V,R_Cheek+Forehead
12049.jpg,Normal,79.61,133.38,134.83,-70.01,Type_VI,R_Cheek+L_Cheek+Forehead
12051.jpg,Normal,85.38,144.86,145.0,-44.17,Type_VI,R_Cheek+L_Cheek+Forehead
12054.jpg,Normal,85.36,142.51,145.06,-44.08,Type_VI,R_Cheek+L_Cheek+Forehead
12056.jpg,Normal,103.81,143.35,147.63,-25.33,Type_V,R_Cheek+L_Cheek+Forehead
12140.jpg,Normal,72.71,130.86,136.52,-68.36,Type_VI,R_Cheek+L_Cheek+Forehead
12144.jpg,Normal,125.18,142.25,150.87,-2.28,Type_V,L_Cheek+Forehead
12152.jpg,Normal,75.46,146.62,149.98,-42.87,Type_VI,R_Cheek+L_Cheek+Forehead
12287.jpg,Normal,90.64,136.75,143.11,-43.74,Type_VI,R_Cheek+L_Cheek+Forehead
123.jpg,Normal,126.98,144.48,148.88,-0.56,Type_V,R_Cheek+Forehead
12403.jpg,Normal,104.74,136.99,154.65,-18.52,Type_V,L_Cheek+Forehead
12407.jpg,Normal,152.9,144.3,149.55,24.8,Type_IV,R_Cheek+L_Cheek+Forehead
12412.jpg,Normal,139.87,131.8,124.64,-55.28,Type_VI,R_Cheek+L_Cheek+Forehead
12415.jpg,Normal,127.79,142.24,136.24,0.79,Type_V,R_Cheek+L_Cheek+Forehead
12498.jpg,Normal,121.3,147.46,148.15,-6.88,Type_V,R_Cheek
1250.jpg,Normal,70.04,143.82,149.42,-46.45,Type_VI,L_Cheek+Forehead
12505.jpg,Normal,137.05,149.94,145.2,12.28,Type_IV,R_Cheek+L_Cheek+Forehead
12508.jpg,Normal,98.56,139.69,140.84,-41.47,Type_VI,R_Cheek+L_Cheek+Forehead
1260.jpg,Normal,104.86,164.74,163.73,-13.95,Type_V,R_Cheek+Forehead
12600.jpg,Normal,75.39,141.34,151.28,-41.28,Type_VI,R_Cheek+L_Cheek+Forehead
12601.jpg,Normal,90.15,144.85,148.15,-36.01,Type_VI,L_Cheek+Forehead
12609.jpg,Normal,134.88,131.81,131.03,43.7,Type_II,R_Cheek+L_Cheek+Forehead
12612.jpg,Normal,119.88,140.06,147.85,-8.56,Type_V,R_Cheek+L_Cheek+Forehead
12613.jpg,Normal,127.35,147.57,153.55,-0.13,Type_V,R_Cheek+Forehead
12615.jpg,Normal,52.85,133.82,136.6,-73.62,Type_VI,L_Cheek+Forehead
12616.jpg,Normal,71.72,136.8,133.84,-75.05,Type_VI,R_Cheek+L_Cheek+Forehead
12618.jpg,Normal,133.77,144.59,141.64,10.21,Type_IV,R_Cheek+L_Cheek+Forehead
12620.jpg,Normal,153.83,138.97,137.03,48.83,Type_II,L_Cheek+Forehead
12623.jpg,Normal,71.4,144.65,150.11,-44.86,Type_VI,R_Cheek+L_Cheek+Forehead
12699.jpg,Normal,118.14,138.76,144.82,-12.31,Type_V,R_Cheek+L_Cheek+Forehead
12711.jpg,Normal,117.25,145.12,157.9,-7.65,Type_V,R_Cheek+Forehead
12712.jpg,Normal,45.21,134.94,123.76,82.51,Type_I,R_Cheek+L_Cheek+Forehead
12865.jpg,Normal,57.51,151.06,152.62,-48.11,Type_VI,R_Cheek+L_Cheek+Forehead
12878.jpg,Normal,75.88,141.98,144.76,-50.38,Type_VI,R_Cheek+L_Cheek+Forehead
12882.jpg,Normal,81.36,140.57,139.31,-58.0,Type_VI,R_Cheek+L_Cheek+Forehead
12892.jpg,Normal,122.04,143.34,138.57,-11.45,Type_V,L_Cheek+Forehead
12895.jpg,Normal,84.9,132.07,104.83,35.79,Type_III,R_Cheek+Forehead
12999.jpg,Normal,50.99,134.24,129.5,-87.13,Type_VI,R_Cheek+L_Cheek+Forehead
130.jpg,Normal,133.78,148.06,155.79,5.07,Type_V,R_Cheek+Forehead
1300.jpg,Normal,64.23,131.48,130.33,-84.63,Type_VI,R_Cheek+Forehead
13007.jpg,Normal,123.51,140.67,136.53,-10.39,Type_V,L_Cheek+Forehead
13009.jpg,Normal,74.02,136.57,150.53,-42.95,Type_VI,R_Cheek+Forehead
1301.jpg,Normal,147.23,146.72,142.43,28.2,Type_III,R_Cheek+L_Cheek+Forehead
13012.jpg,Normal,126.2,150.1,145.05,-1.71,Type_V,R_Cheek+L_Cheek+Forehead
13040.jpg,Normal,167.91,140.54,148.3,37.98,Type_III,L_Cheek+Forehead
13148.jpg,Normal,132.82,136.12,140.23,9.68,Type_V,R_Cheek+L_Cheek+Forehead
13149.jpg,Normal,50.82,138.19,142.3,-64.57,Type_VI,R_Cheek+L_Cheek+Forehead
1315.jpg,Normal,103.94,139.19,144.95,-28.59,Type_V,R_Cheek+L_Cheek+Forehead
13150.jpg,Normal,60.11,133.83,128.36,-89.22,Type_VI,R_Cheek+L_Cheek+Forehead
13154.jpg,Normal,84.97,138.95,141.77,-50.45,Type_VI,R_Cheek+L_Cheek+Forehead
13158.jpg,Normal,42.03,153.04,134.74,-78.64,Type_VI,L_Cheek+Forehead
13164.jpg,Normal,140.82,138.55,140.41,22.82,Type_IV,R_Cheek+L_Cheek+Forehead
1317.jpg,Normal,108.07,143.33,149.57,-19.46,Type_V,R_Cheek+L_Cheek+Forehead
13170.jpg,Normal,160.88,147.35,157.77,23.73,Type_IV,R_Cheek+L_Cheek+Forehead
13175.jpg,Normal,107.62,152.57,148.21,-21.1,Type_V,R_Cheek+L_Cheek+Forehead
13199.jpg,Normal,108.37,139.27,143.41,-25.95,Type_V,R_Cheek+L_Cheek+Forehead
13253.jpg,Normal,122.97,146.26,147.83,-5.12,Type_V,L_Cheek+Forehead
13255.jpg,Normal,138.33,139.88,121.87,-34.69,Type_VI,R_Cheek+L_Cheek+Forehead
13256.jpg,Normal,121.02,140.04,137.21,-15.41,Type_V,R_Cheek+L_Cheek+Forehead
13262.jpg,Normal,170.01,143.03,151.03,35.89,Type_III,R_Cheek+L_Cheek+Forehead
13263.jpg,Normal,129.9,127.93,134.03,8.85,Type_V,R_Cheek+L_Cheek+Forehead
13264.jpg,Normal,135.07,150.64,153.88,6.54,Type_V,L_Cheek+Forehead
13265.jpg,Normal,105.08,148.42,153.03,-19.35,Type_V,R_Cheek+L_Cheek+Forehead
13267.jpg,Normal,159.91,140.79,144.25,38.03,Type_III,R_Cheek+L_Cheek+Forehead
1327.jpg,Normal,98.98,141.92,140.02,-42.93,Type_VI,R_Cheek+L_Cheek+Forehead
13272.jpg,Normal,174.52,143.5,146.12,45.5,Type_II,R_Cheek+L_Cheek+Forehead
13273.jpg,Normal,89.69,143.13,127.92,89.7,Type_I,R_Cheek+L_Cheek+Forehead
1336.jpg,Normal,76.9,140.39,144.46,-50.32,Type_VI,R_Cheek+L_Cheek+Forehead
13366.jpg,Normal,109.15,140.74,145.51,-22.34,Type_V,R_Cheek+L_Cheek+Forehead
13369.jpg,Normal,120.52,138.74,135.19,-20.83,Type_V,R_Cheek+L_Cheek+Forehead
13370.jpg,Normal,143.99,142.38,140.47,27.41,Type_IV,R_Cheek+L_Cheek+Forehead
13371.jpg,Normal,93.49,148.96,134.69,-63.36,Type_VI,R_Cheek+L_Cheek+Forehead
13374.jpg,Normal,174.94,142.92,146.66,44.91,Type_II,R_Cheek+L_Cheek+Forehead
13379.jpg,Normal,108.89,160.86,170.76,-9.69,Type_V,R_Cheek+Forehead
13445.jpg,Normal,184.67,136.29,144.92,52.96,Type_II,R_Cheek+L_Cheek+Forehead
13449.jpg,Normal,113.71,141.09,138.54,-27.16,Type_V,R_Cheek+L_Cheek+Forehead
13452.jpg,Normal,112.86,147.91,153.14,-12.86,Type_V,R_Cheek+L_Cheek+Forehead
13453.jpg,Normal,93.46,148.09,150.57,-30.6,Type_VI,R_Cheek+L_Cheek+Forehead
13454.jpg,Normal,163.45,140.32,136.13,60.03,Type_I,R_Cheek+L_Cheek+Forehead
13459.jpg,Normal,88.48,157.82,150.47,-34.25,Type_VI,R_Cheek+L_Cheek+Forehead
1352.jpg,Normal,157.5,141.36,128.2,89.04,Type_I,R_Cheek+L_Cheek+Forehead
13523.jpg,Normal,23.61,131.73,132.05,-84.32,Type_VI,R_Cheek+L_Cheek+Forehead
13524.jpg,Normal,90.31,128.0,128.0,-90.0,Type_VI,R_Cheek+L_Cheek+Forehead
1353.jpg,Normal,97.09,135.69,141.41,-41.65,Type_VI,R_Cheek+L_Cheek+Forehead
13531.jpg,Normal,78.16,145.01,148.69,-43.09,Type_VI,R_Cheek+L_Cheek+Forehead
13533.jpg,Normal,81.87,136.48,142.12,-51.72,Type_VI,R_Cheek+L_Cheek+Forehead
13536.jpg,Normal,107.46,149.66,149.63,-19.97,Type_V,R_Cheek+L_Cheek+Forehead
13537.jpg,Normal,159.71,143.9,148.4,31.77,Type_III,L_Cheek+Forehead
13599.jpg,Normal,175.38,147.24,154.14,35.68,Type_III,R_Cheek+L_Cheek+Forehead
136.jpg,Normal,117.49,139.68,159.52,-7.1,Type_V,R_Cheek+L_Cheek+Forehead
13603.jpg,Normal,184.98,145.06,140.62,60.76,Type_I,R_Cheek+L_Cheek+Forehead
13619.jpg,Normal,136.47,140.26,152.77,8.09,Type_V,R_Cheek+Forehead
13655.jpg,Normal,133.78,145.19,144.26,8.61,Type_V,R_Cheek+L_Cheek+Forehead
13705.jpg,Normal,122.71,143.95,160.75,-3.29,Type_V,R_Cheek+L_Cheek+Forehead
1373.jpg,Normal,102.21,143.14,140.87,-37.62,Type_VI,R_Cheek+L_Cheek+Forehead
13730.jpg,Normal,120.75,148.17,146.63,-8.08,Type_V,R_Cheek+Forehead
13731.jpg,Normal,164.62,148.48,148.31,35.64,Type_III,R_Cheek+L_Cheek+Forehead
13744.jpg,Normal,132.14,138.37,131.62,26.66,Type_IV,R_Cheek+L_Cheek+Forehead
1377.jpg,Normal,87.18,146.44,148.49,-37.66,Type_VI,R_Cheek+L_Cheek+Forehead
13817.jpg,Normal,74.88,145.46,143.9,-52.38,Type_VI,R_Cheek+L_Cheek+Forehead
13824.jpg,Normal,113.94,155.11,160.14,-9.4,Type_V,R_Cheek+L_Cheek+Forehead
13828.jpg,Normal,114.74,137.06,127.46,83.78,Type_I,L_Cheek+Forehead
13829.jpg,Normal,128.13,145.13,150.23,0.64,Type_V,L_Cheek+Forehead
13831.jpg,Normal,69.28,149.22,148.37,-48.25,Type_VI,L_Cheek+Forehead
13838.jpg,Normal,120.65,137.22,146.41,-8.31,Type_V,R_Cheek+L_Cheek+Forehead
13846.jpg,Normal,136.85,144.1,146.76,11.05,Type_IV,R_Cheek+Forehead
13913.jpg,Normal,162.23,142.79,143.8,40.76,Type_III,R_Cheek+L_Cheek+Forehead
13914.jpg,Normal,222.37,136.16,138.41,74.37,Type_I,R_Cheek+L_Cheek+Forehead
13916.jpg,Normal,114.18,141.62,138.43,-26.6,Type_V,R_Cheek+L_Cheek+Forehead
13918.jpg,Normal,129.75,144.6,148.21,2.5,Type_V,R_Cheek+L_Cheek+Forehead
13924.jpg,Normal,82.76,139.32,140.0,-55.64,Type_VI,R_Cheek+L_Cheek+Forehead
14077.jpg,Normal,97.27,146.84,145.48,-34.14,Type_VI,L_Cheek+Forehead
14088.jpg,Normal,75.12,142.09,143.47,-53.02,Type_VI,R_Cheek+Forehead
14092.jpg,Normal,112.92,148.31,158.48,-10.63,Type_V,R_Cheek+L_Cheek+Forehead
14094.jpg,Normal,159.84,141.46,147.2,33.45,Type_III,R_Cheek+L_Cheek+Forehead
14142.jpg,Normal,86.21,159.69,150.87,-35.3,Type_VI,R_Cheek+Forehead
14147.jpg,Normal,87.66,142.88,135.95,-63.04,Type_VI,R_Cheek+L_Cheek+Forehead
14148.jpg,Normal,127.04,146.34,142.4,-0.72,Type_V,R_Cheek+L_Cheek+Forehead
1415.jpg,Normal,128.03,148.14,156.78,0.42,Type_V,R_Cheek+L_Cheek+Forehead
14150.jpg,Normal,173.75,143.28,152.5,36.51,Type_III,R_Cheek+Forehead
14156.jpg,Normal,146.42,144.91,142.82,26.59,Type_IV,L_Cheek+Forehead
14158.jpg,Normal,71.72,140.29,135.75,-70.49,Type_VI,R_Cheek+Forehead
14159.jpg,Normal,178.71,128.0,128.0,90.0,Type_I,L_Cheek+Forehead
14205.jpg,Normal,33.46,134.99,134.35,-80.23,Type_VI,R_Cheek+L_Cheek+Forehead
14256.jpg,Normal,175.01,136.1,143.12,50.94,Type_II,R_Cheek+L_Cheek+Forehead
1426.jpg,Normal,66.33,141.63,138.61,-66.15,Type_VI,R_Cheek+L_Cheek+Forehead
14260.jpg,Normal,54.59,137.13,130.35,-85.3,Type_VI,R_Cheek+L_Cheek+Forehead
14263.jpg,Normal,37.15,135.84,134.43,-79.72,Type_VI,L_Cheek+Forehead
14269.jpg,Normal,115.09,141.52,147.46,-14.04,Type_V,R_Cheek+L_Cheek+Forehead
14270.jpg,Normal,94.39,136.66,139.63,-48.16,Type_VI,R_Cheek+L_Cheek+Forehead
14416.jpg,Normal,127.4,138.22,137.48,-0.24,Type_V,R_Cheek+L_Cheek+Forehead
14426.jpg,Normal,89.16,144.53,149.04,-35.55,Type_VI,L_Cheek+Forehead
14428.jpg,Normal,54.19,140.24,129.03,-87.95,Type_VI,R_Cheek+L_Cheek+Forehead
14558.jpg,Normal,136.8,137.22,145.0,12.11,Type_IV,R_Cheek+Forehead
14559.jpg,Normal,154.36,140.76,146.24,30.01,Type_III,R_Cheek+L_Cheek+Forehead
1456.jpg,Normal,155.6,141.73,140.74,40.85,Type_III,R_Cheek+L_Cheek+Forehead
14563.jpg,Normal,121.97,148.79,132.95,-23.68,Type_V,R_Cheek+L_Cheek+Forehead
14567.jpg,Normal,134.77,138.12,153.49,6.38,Type_V,R_Cheek+L_Cheek+Forehead
1457.jpg,Normal,123.55,133.33,129.81,-40.66,Type_VI,L_Cheek+Forehead
14575.jpg,Normal,126.52,136.83,138.52,-2.1,Type_V,R_Cheek+L_Cheek+Forehead
14663.jpg,Normal,111.29,152.46,160.94,-10.93,Type_V,R_Cheek+L_Cheek+Forehead
14666.jpg,Normal,110.63,131.15,139.89,-29.08,Type_V,R_Cheek+L_Cheek+Forehead
14669.jpg,Normal,95.88,136.6,141.98,-41.57,Type_VI,R_Cheek+Forehead
14676.jpg,Normal,72.63,138.94,146.05,-50.0,Type_VI,R_Cheek+L_Cheek+Forehead
14813.jpg,Normal,116.08,128.0,128.0,-89.99,Type_VI,R_Cheek+L_Cheek+Forehead
14816.jpg,Normal,12.98,130.97,131.1,-86.05,Type_VI,R_Cheek+L_Cheek+Forehead
14818.jpg,Normal,108.21,145.72,145.16,-23.78,Type_V,R_Cheek+L_Cheek+Forehead
14819.jpg,Normal,161.7,134.8,149.81,31.6,Type_III,R_Cheek+Forehead
1482.jpg,Normal,141.4,143.23,133.25,46.08,Type_II,R_Cheek+L_Cheek+Forehead
14823.jpg,Normal,126.16,140.42,143.96,-1.88,Type_V,R_Cheek+L_Cheek+Forehead
14825.jpg,Normal,182.42,135.85,128.86,87.72,Type_I,R_Cheek+L_Cheek+Forehead
14826.jpg,Normal,173.12,141.71,146.63,43.83,Type_II,R_Cheek+Forehead
14827.jpg,Normal,102.71,150.8,146.08,-28.27,Type_V,L_Cheek+Forehead
14897.jpg,Normal,51.43,138.59,132.64,-81.16,Type_VI,R_Cheek+L_Cheek+Forehead
14974.jpg,Normal,115.33,145.91,168.18,-6.77,Type_V,L_Cheek+Forehead
14975.jpg,Normal,138.21,149.68,146.76,12.62,Type_IV,R_Cheek+L_Cheek+Forehead
14985.jpg,Normal,200.06,134.84,152.68,49.07,Type_II,R_Cheek+L_Cheek+Forehead
14990.jpg,Normal,105.07,145.19,149.65,-22.12,Type_V,R_Cheek+L_Cheek+Forehead
14994.jpg,Normal,116.34,182.3,168.9,-6.11,Type_V,R_Cheek+L_Cheek+Forehead
14997.jpg,Normal,126.07,142.98,138.89,-2.95,Type_V,R_Cheek+L_Cheek+Forehead
14998.jpg,Normal,124.13,148.92,129.52,-40.95,Type_VI,R_Cheek+L_Cheek+Forehead
1500.jpg,Normal,144.37,136.46,143.68,22.87,Type_IV,R_Cheek+L_Cheek+Forehead
15000.jpg,Normal,118.53,145.03,153.15,-7.96,Type_V,R_Cheek+Forehead
15103.jpg,Normal,66.07,145.49,148.41,-49.73,Type_VI,L_Cheek+Forehead
15109.jpg,Normal,91.46,146.01,147.55,-35.86,Type_VI,R_Cheek+L_Cheek+Forehead
15113.jpg,Normal,139.52,138.52,146.32,14.43,Type_IV,R_Cheek+L_Cheek+Forehead
15114.jpg,Normal,86.98,149.83,152.97,-32.47,Type_VI,R_Cheek+Forehead
15116.jpg,Normal,119.24,140.41,128.83,-75.7,Type_VI,R_Cheek+Forehead
15119.jpg,Normal,118.55,148.05,144.29,-12.15,Type_V,R_Cheek+L_Cheek+Forehead
15123.jpg,Normal,162.68,170.18,161.9,22.15,Type_IV,L_Cheek+Forehead
15124.jpg,Normal,97.35,146.17,147.43,-31.31,Type_VI,R_Cheek+L_Cheek+Forehead
15125.jpg,Normal,88.24,138.04,132.29,-74.44,Type_VI,R_Cheek+L_Cheek+Forehead
15221.jpg,Normal,108.75,147.41,157.35,-14.06,Type_V,R_Cheek+L_Cheek+Forehead
15222.jpg,Normal,54.95,135.82,135.0,-76.18,Type_VI,L_Cheek+Forehead
15224.jpg,Normal,88.98,151.94,152.82,-31.33,Type_VI,L_Cheek+Forehead
15225.jpg,Normal,133.81,139.21,144.99,8.28,Type_V,R_Cheek+L_Cheek+Forehead
15231.jpg,Normal,164.01,135.31,135.33,62.88,Type_I,R_Cheek+L_Cheek+Forehead
15233.jpg,Normal,96.5,138.91,139.08,-47.65,Type_VI,R_Cheek+L_Cheek+Forehead
15239.jpg,Normal,96.29,150.84,149.06,-30.17,Type_VI,L_Cheek+Forehead
15242.jpg,Normal,131.03,138.78,141.37,5.92,Type_V,R_Cheek+L_Cheek+Forehead
15338.jpg,Normal,147.67,143.47,148.98,20.66,Type_IV,R_Cheek+L_Cheek+Forehead
15409.jpg,Normal,113.21,151.27,148.97,-14.97,Type_V,R_Cheek+L_Cheek+Forehead
15410.jpg,Normal,60.91,138.3,140.32,-64.74,Type_VI,L_Cheek+Forehead
15413.jpg,Normal,62.73,141.51,138.45,-67.64,Type_VI,R_Cheek+Forehead
15553.jpg,Normal,45.72,145.83,143.34,-64.44,Type_VI,R_Cheek+Forehead
15558.jpg,Normal,67.09,143.7,137.06,-69.08,Type_VI,R_Cheek+L_Cheek+Forehead
15561.jpg,Normal,72.44,149.83,156.8,-36.86,Type_VI,R_Cheek+L_Cheek+Forehead
15566.jpg,Normal,100.96,143.83,144.13,-32.83,Type_VI,R_Cheek+L_Cheek+Forehead
15572.jpg,Normal,100.82,137.59,143.33,-34.31,Type_VI,R_Cheek+L_Cheek+Forehead
15696.jpg,Normal,122.5,143.83,144.73,-6.68,Type_V,R_Cheek+L_Cheek+Forehead
15700.jpg,Normal,84.05,142.99,143.34,-48.01,Type_VI,R_Cheek+L_Cheek+Forehead
15705.jpg,Normal,91.31,150.77,144.12,-41.36,Type_VI,R_Cheek+L_Cheek+Forehead
15706.jpg,Normal,87.88,149.58,153.04,-31.82,Type_VI,R_Cheek+L_Cheek+Forehead
15707.jpg,Normal,83.27,137.82,139.61,-56.21,Type_VI,L_Cheek+Forehead
15709.jpg,Normal,105.8,142.02,136.11,-46.39,Type_VI,L_Cheek+Forehead
15786.jpg,Normal,50.57,134.97,136.72,-73.88,Type_VI,L_Cheek+Forehead
15880.jpg,Normal,146.35,146.82,145.25,23.2,Type_IV,R_Cheek+L_Cheek+Forehead
15885.jpg,Normal,84.91,146.48,145.89,-43.03,Type_VI,R_Cheek+L_Cheek+Forehead
15889.jpg,Normal,163.25,128.4,131.49,76.04,Type_I,R_Cheek+L_Cheek+Forehead
15890.jpg,Normal,103.99,143.43,147.51,-25.29,Type_V,R_Cheek+L_Cheek+Forehead
15899.jpg,Normal,182.32,142.25,143.53,54.16,Type_II,R_Cheek+L_Cheek+Forehead
15903.jpg,Normal,100.4,134.37,129.81,-80.33,Type_VI,L_Cheek+Forehead
15906.jpg,Normal,97.33,155.78,147.84,-30.81,Type_VI,R_Cheek+L_Cheek+Forehead
16001.jpg,Normal,90.1,156.93,156.92,-26.89,Type_V,R_Cheek+L_Cheek+Forehead
16002.jpg,Normal,91.97,138.99,144.44,-40.28,Type_VI,R_Cheek+Forehead
16013.jpg,Normal,77.22,140.13,147.74,-44.96,Type_VI,R_Cheek+L_Cheek+Forehead
16018.jpg,Normal,67.89,139.85,140.62,-61.64,Type_VI,R_Cheek+L_Cheek+Forehead
1602.jpg,Normal,78.5,141.31,144.96,-48.57,Type_VI,R_Cheek+L_Cheek+Forehead
16092.jpg,Normal,124.96,143.22,146.06,-3.15,Type_V,R_Cheek+Forehead
16093.jpg,Normal,150.09,145.25,146.25,25.89,Type_IV,R_Cheek+L_Cheek+Forehead
16094.jpg,Normal,112.94,152.51,157.38,-11.0,Type_V,R_Cheek+Forehead
16097.jpg,Normal,64.77,139.6,143.55,-57.7,Type_VI,R_Cheek+L_Cheek+Forehead
16103.jpg,Normal,138.56,148.16,154.32,9.35,Type_V,R_Cheek+Forehead
16104.jpg,Normal,106.94,137.63,147.08,-22.9,Type_V,L_Cheek+Forehead
16109.jpg,Normal,149.31,135.21,140.56,34.26,Type_III,L_Cheek+Forehead
16110.jpg,Normal,47.34,144.99,144.51,-62.3,Type_VI,R_Cheek+L_Cheek+Forehead
16119.jpg,Normal,137.44,133.45,139.5,18.72,Type_IV,R_Cheek+L_Cheek+Forehead
16121.jpg,Normal,113.6,140.16,167.7,-7.82,Type_V,R_Cheek+L_Cheek+Forehead
16153.jpg,Normal,137.69,144.96,147.48,11.6,Type_IV,R_Cheek+L_Cheek+Forehead
16181.jpg,Normal,157.18,144.96,143.12,37.59,Type_III,L_Cheek+Forehead
16219.jpg,Normal,159.9,138.25,141.27,43.75,Type_II,R_Cheek+L_Cheek+Forehead
1622.jpg,Normal,71.34,137.43,130.55,-83.4,Type_VI,R_Cheek+L_Cheek+Forehead
16221.jpg,Normal,48.84,136.08,133.67,-79.59,Type_VI,R_Cheek+L_Cheek+Forehead
16226.jpg,Normal,163.46,147.49,150.08,32.56,Type_III,R_Cheek+L_Cheek+Forehead
16238.jpg,Normal,106.64,145.4,166.43,-12.02,Type_V,R_Cheek+Forehead
16245.jpg,Normal,66.54,140.7,143.37,-57.26,Type_VI,R_Cheek+Forehead
16247.jpg,Normal,86.09,139.26,142.49,-48.25,Type_VI,R_Cheek+L_Cheek+Forehead
16273.jpg,Normal,32.2,135.38,135.25,-79.02,Type_VI,R_Cheek+Forehead
16400.jpg,Normal,54.84,145.01,144.4,-60.09,Type_VI,R_Cheek+L_Cheek+Forehead
16405.jpg,Normal,100.03,145.73,139.1,-44.15,Type_VI,R_Cheek+L_Cheek+Forehead
16407.jpg,Normal,104.02,128.69,132.77,-62.64,Type_VI,R_Cheek+L_Cheek+Forehead
16410.jpg,Normal,51.22,139.89,137.71,-72.02,Type_VI,R_Cheek+L_Cheek+Forehead
16411.jpg,Normal,96.04,142.63,141.44,-42.55,Type_VI,R_Cheek+L_Cheek+Forehead
16414.jpg,Normal,168.88,139.32,145.23,43.28,Type_II,R_Cheek+L_Cheek+Forehead
16463.jpg,Normal,77.32,143.6,133.33,-74.83,Type_VI,R_Cheek+L_Cheek+Forehead
16551.jpg,Normal,87.14,151.58,158.16,-27.69,Type_V,R_Cheek+L_Cheek+Forehead
1656.jpg,Normal,95.91,145.76,138.64,-49.35,Type_VI,R_Cheek+Forehead
16567.jpg,Normal,145.17,148.49,145.89,21.17,Type_IV,L_Cheek+Forehead
16568.jpg,Normal,112.75,157.25,158.19,-10.85,Type_V,L_Cheek+Forehead
16570.jpg,Normal,90.21,137.59,139.1,-52.81,Type_VI,R_Cheek+L_Cheek+Forehead
16573.jpg,Normal,143.2,137.82,143.78,21.31,Type_IV,R_Cheek+L_Cheek+Forehead
16574.jpg,Normal,116.04,146.51,151.4,-10.87,Type_V,R_Cheek+L_Cheek+Forehead
16576.jpg,Normal,134.55,154.42,124.12,-35.49,Type_VI,R_Cheek+L_Cheek+Forehead
16620.jpg,Normal,35.19,129.92,129.16,-88.17,Type_VI,R_Cheek+L_Cheek+Forehead
16642.jpg,Normal,116.31,146.12,145.16,-14.34,Type_V,R_Cheek+L_Cheek+Forehead
16643.jpg,Normal,80.82,142.46,148.45,-41.83,Type_VI,R_Cheek+L_Cheek+Forehead
16647.jpg,Normal,122.51,142.69,149.0,-5.32,Type_V,R_Cheek+L_Cheek+Forehead
16648.jpg,Normal,99.86,138.05,145.37,-31.96,Type_VI,R_Cheek+L_Cheek+Forehead
1666.jpg,Normal,116.42,138.96,143.98,-15.21,Type_V,R_Cheek+L_Cheek+Forehead
16661.jpg,Normal,112.71,146.01,149.49,-15.1,Type_V,R_Cheek+L_Cheek+Forehead
16748.jpg,Normal,88.93,155.16,159.29,-25.79,Type_V,R_Cheek+L_Cheek+Forehead
16750.jpg,Normal,132.27,181.31,187.03,1.81,Type_V,R_Cheek+Forehead
16753.jpg,Normal,144.54,138.65,146.32,20.04,Type_IV,R_Cheek+L_Cheek+Forehead
16757.jpg,Normal,83.25,136.43,134.78,-68.67,Type_VI,R_Cheek+L_Cheek+Forehead
16838.jpg,Normal,94.8,128.0,128.0,-90.0,Type_VI,R_Cheek+L_Cheek+Forehead
16844.jpg,Normal,160.98,140.19,146.33,35.61,Type_III,R_Cheek+Forehead
16845.jpg,Normal,71.57,144.46,146.26,-50.22,Type_VI,R_Cheek+L_Cheek+Forehead
16851.jpg,Normal,121.6,149.4,163.14,-3.77,Type_V,R_Cheek+Forehead
16853.jpg,Normal,114.14,147.14,150.21,-13.27,Type_V,R_Cheek+L_Cheek+Forehead
16891.jpg,Normal,73.28,142.48,140.59,-59.37,Type_VI,R_Cheek+L_Cheek+Forehead
16910.jpg,Normal,119.5,143.41,144.08,-11.04,Type_V,R_Cheek+L_Cheek+Forehead
16915.jpg,Normal,206.97,136.97,145.09,61.27,Type_I,R_Cheek+L_Cheek+Forehead
16917.jpg,Normal,113.41,152.12,149.97,-14.11,Type_V,R_Cheek+L_Cheek+Forehead
16923.jpg,Normal,59.22,139.87,146.72,-55.04,Type_VI,R_Cheek+L_Cheek+Forehead
16925.jpg,Normal,121.14,135.23,155.55,-5.17,Type_V,R_Cheek+L_Cheek+Forehead
17032.jpg,Normal,92.08,142.96,141.54,-45.73,Type_VI,R_Cheek+L_Cheek+Forehead
17034.jpg,Normal,91.33,146.18,146.89,-36.91,Type_VI,R_Cheek+L_Cheek+Forehead
17039.jpg,Normal,126.68,148.08,158.63,-0.6,Type_V,L_Cheek+Forehead
1704.jpg,Normal,130.66,138.15,136.44,8.35,Type_V,R_Cheek+L_Cheek+Forehead
17043.jpg,Normal,111.34,130.84,135.48,-40.28,Type_VI,L_Cheek+Forehead
17046.jpg,Normal,166.73,141.87,133.37,70.76,Type_I,R_Cheek+L_Cheek+Forehead
17052.jpg,Normal,86.55,149.03,147.78,-39.07,Type_VI,R_Cheek+L_Cheek+Forehead
17053.jpg,Normal,70.77,136.76,135.15,-72.19,Type_VI,R_Cheek+L_Cheek+Forehead
17125.jpg,Normal,29.0,133.26,131.37,-85.02,Type_VI,L_Cheek+Forehead
17134.jpg,Normal,111.2,149.05,150.32,-15.99,Type_V,R_Cheek+Forehead
17139.jpg,Normal,129.34,128.0,128.0,89.92,Type_I,R_Cheek+L_Cheek+Forehead
17142.jpg,Normal,100.04,144.43,147.16,-29.34,Type_V,R_Cheek+L_Cheek+Forehead
17148.jpg,Normal,61.4,145.27,147.29,-53.34,Type_VI,R_Cheek+L_Cheek+Forehead
17150.jpg,Normal,116.0,140.35,148.5,-12.41,Type_V,R_Cheek+L_Cheek+Forehead
17215.jpg,Normal,107.72,139.61,142.03,-28.94,Type_V,R_Cheek+L_Cheek+Forehead
17219.jpg,Normal,77.96,148.45,133.56,-74.04,Type_VI,R_Cheek+L_Cheek+Forehead
17318.jpg,Normal,71.47,153.57,141.68,-58.1,Type_VI,L_Cheek+Forehead
17319.jpg,Normal,163.17,148.18,144.84,39.71,Type_III,R_Cheek+L_Cheek+Forehead
17324.jpg,Normal,87.56,147.16,146.56,-40.16,Type_VI,R_Cheek+L_Cheek+Forehead
17443.jpg,Normal,89.12,136.41,136.36,-60.96,Type_VI,R_Cheek+Forehead
1745.jpg,Normal,104.51,158.76,149.57,-22.68,Type_V,R_Cheek+Forehead
17451.jpg,Normal,134.57,147.22,149.69,7.29,Type_V,R_Cheek+L_Cheek+Forehead
17455.jpg,Normal,113.79,139.3,141.82,-21.27,Type_V,L_Cheek+Forehead
17462.jpg,Normal,95.91,148.62,149.99,-29.4,Type_V,R_Cheek+L_Cheek+Forehead
17591.jpg,Normal,113.22,145.65,149.94,-14.32,Type_V,R_Cheek+L_Cheek+Forehead
17598.jpg,Normal,142.76,147.1,146.34,18.07,Type_IV,R_Cheek+Forehead
17603.jpg,Normal,110.76,147.11,146.97,-19.09,Type_V,R_Cheek+Forehead
17604.jpg,Normal,128.95,130.75,138.08,3.23,Type_V,R_Cheek+L_Cheek+Forehead
1761.jpg,Normal,148.01,143.64,144.01,26.68,Type_IV,R_Cheek+Forehead
1768.jpg,Normal,63.92,133.93,141.44,-61.68,Type_VI,R_Cheek+L_Cheek+Forehead
17688.jpg,Normal,138.37,127.61,132.4,44.13,Type_II,R_Cheek+L_Cheek+Forehead
177.jpg,Normal,100.68,135.49,149.34,-26.24,Type_V,R_Cheek+L_Cheek+Forehead
17708.jpg,Normal,176.1,138.96,136.44,66.11,Type_I,R_Cheek+Forehead
17745.jpg,Normal,99.53,144.72,144.46,-33.68,Type_VI,R_Cheek+L_Cheek+Forehead
17746.jpg,Normal,97.29,141.89,141.57,-41.12,Type_VI,R_Cheek+L_Cheek+Forehead
17749.jpg,Normal,68.4,152.06,153.94,-41.78,Type_VI,L_Cheek+Forehead
17751.jpg,Normal,140.55,139.76,140.37,22.48,Type_IV,R_Cheek+L_Cheek+Forehead
17761.jpg,Normal,69.74,139.21,149.53,-46.46,Type_VI,R_Cheek+L_Cheek+Forehead
17762.jpg,Normal,71.4,133.44,140.03,-61.32,Type_VI,R_Cheek+L_Cheek+Forehead
17763.jpg,Normal,126.64,144.55,150.34,-0.87,Type_V,R_Cheek+L_Cheek+Forehead
1784.jpg,Normal,87.49,139.84,139.25,-54.36,Type_VI,R_Cheek+Forehead
17840.jpg,Normal,128.72,139.25,139.89,2.3,Type_V,R_Cheek+L_Cheek+Forehead
17843.jpg,Normal,89.63,149.45,149.97,-34.05,Type_VI,R_Cheek+L_Cheek+Forehead
17844.jpg,Normal,102.5,127.13,147.81,-26.34,Type_V,R_Cheek+L_Cheek+Forehead
17857.jpg,Normal,185.64,143.64,148.09,48.62,Type_II,R_Cheek+L_Cheek+Forehead
1786.jpg,Normal,125.71,146.8,143.42,-2.61,Type_V,R_Cheek+L_Cheek+Forehead
17860.jpg,Normal,187.39,144.72,143.83,56.03,Type_I,L_Cheek+Forehead
17862.jpg,Normal,50.23,138.78,140.76,-67.17,Type_VI,L_Cheek+Forehead
17863.jpg,Normal,118.73,145.79,148.42,-9.57,Type_V,R_Cheek+L_Cheek+Forehead
17900.jpg,Normal,128.02,135.1,129.62,7.24,Type_V,R_Cheek+L_Cheek+Forehead
17905.jpg,Normal,112.04,142.03,140.86,-25.24,Type_V,R_Cheek+L_Cheek+Forehead
17908.jpg,Normal,118.89,142.57,143.5,-12.29,Type_V,R_Cheek+L_Cheek+Forehead
17915.jpg,Normal,179.96,141.25,136.02,68.71,Type_I,R_Cheek+L_Cheek+Forehead
17919.jpg,Normal,87.72,141.43,133.84,-69.49,Type_VI,R_Cheek+L_Cheek+Forehead
1792.jpg,Normal,170.81,140.16,143.97,46.76,Type_II,R_Cheek+L_Cheek+Forehead
17922.jpg,Normal,143.97,138.01,134.9,43.12,Type_II,R_Cheek+L_Cheek+Forehead
1803.jpg,Normal,179.99,135.92,129.07,87.03,Type_I,R_Cheek+L_Cheek+Forehead
18031.jpg,Normal,132.63,144.18,139.71,9.75,Type_V,R_Cheek+L_Cheek+Forehead
18032.jpg,Normal,118.95,140.03,144.4,-11.55,Type_V,R_Cheek+L_Cheek+Forehead
18034.jpg,Normal,177.43,142.41,174.0,23.06,Type_IV,R_Cheek+Forehead
18039.jpg,Normal,147.25,148.2,148.36,20.83,Type_IV,R_Cheek+L_Cheek+Forehead
18047.jpg,Normal,122.93,144.94,148.91,-4.9,Type_V,R_Cheek+L_Cheek+Forehead
18113.jpg,Normal,102.4,143.07,139.77,-39.92,Type_VI,R_Cheek+Forehead
18114.jpg,Normal,126.62,147.48,158.25,-0.65,Type_V,R_Cheek+L_Cheek+Forehead
18119.jpg,Normal,59.88,140.23,139.01,-67.46,Type_VI,R_Cheek+L_Cheek+Forehead
18129.jpg,Normal,112.45,158.15,154.43,-12.59,Type_V,R_Cheek+L_Cheek+Forehead
18133.jpg,Normal,55.82,136.87,138.03,-70.36,Type_VI,R_Cheek+L_Cheek+Forehead
18139.jpg,Normal,129.85,148.05,152.34,2.17,Type_V,R_Cheek+L_Cheek+Forehead
18303.jpg,Normal,126.47,143.42,146.43,-1.26,Type_V,R_Cheek+L_Cheek+Forehead
18307.jpg,Normal,129.75,143.41,143.57,3.25,Type_V,R_Cheek+L_Cheek+Forehead
18310.jpg,Normal,170.28,137.65,128.45,88.47,Type_I,R_Cheek+L_Cheek+Forehead
18315.jpg,Normal,68.66,141.54,149.47,-47.07,Type_VI,L_Cheek+Forehead
18318.jpg,Normal,148.4,134.44,148.38,21.9,Type_IV,R_Cheek+L_Cheek+Forehead
18321.jpg,Normal,109.45,153.74,161.45,-11.95,Type_V,R_Cheek+L_Cheek+Forehead
18322.jpg,Normal,148.31,143.44,156.14,16.17,Type_IV,L_Cheek+Forehead
18326.jpg,Normal,85.83,142.07,145.5,-43.04,Type_VI,R_Cheek+L_Cheek+Forehead
18334.jpg,Normal,123.83,144.86,150.85,-3.61,Type_V,R_Cheek+L_Cheek+Forehead
18448.jpg,Normal,120.47,146.12,145.14,-9.14,Type_V,R_Cheek+Forehead
18452.jpg,Normal,157.03,150.17,149.12,28.73,Type_III,R_Cheek+L_Cheek+Forehead
18453.jpg,Normal,187.72,141.0,140.79,61.56,Type_I,R_Cheek+L_Cheek+Forehead
18456.jpg,Normal,49.47,131.48,137.06,-73.51,Type_VI,R_Cheek+L_Cheek+Forehead
18466.jpg,Normal,147.54,145.26,182.59,8.19,Type_V,R_Cheek+Forehead
18469.jpg,Normal,83.25,141.5,142.69,-49.76,Type_VI,R_Cheek+Forehead
18538.jpg,Normal,105.03,139.9,139.82,-36.71,Type_VI,R_Cheek+L_Cheek+Forehead
1855.jpg,Normal,126.95,128.0,128.0,-89.73,Type_VI,R_Cheek+L_Cheek+Forehead
18550.jpg,Normal,146.07,144.05,152.28,16.69,Type_IV,R_Cheek+L_Cheek+Forehead
18632.jpg,Normal,122.03,139.44,137.72,-12.46,Type_V,R_Cheek+L_Cheek+Forehead
18633.jpg,Normal,113.52,144.46,147.87,-15.42,Type_V,R_Cheek+L_Cheek+Forehead
18636.jpg,Normal,110.77,131.96,147.01,-19.04,Type_V,R_Cheek+L_Cheek+Forehead
18638.jpg,Normal,31.2,138.73,134.17,-80.72,Type_VI,R_Cheek+L_Cheek+Forehead
18719.jpg,Normal,116.43,144.94,138.05,-23.35,Type_V,R_Cheek+L_Cheek+Forehead
18721.jpg,Normal,113.64,150.23,149.66,-14.09,Type_V,R_Cheek+Forehead
18871.jpg,Normal,88.64,142.42,142.76,-45.91,Type_VI,R_Cheek+L_Cheek+Forehead
18886.jpg,Normal,108.01,136.42,139.24,-34.21,Type_VI,R_Cheek+Forehead
18889.jpg,Normal,79.7,137.42,140.02,-57.33,Type_VI,R_Cheek+L_Cheek+Forehead
18984.jpg,Normal,110.51,136.46,151.09,-16.09,Type_V,R_Cheek+L_Cheek+Forehead
18985.jpg,Normal,80.57,145.6,148.13,-42.43,Type_VI,R_Cheek+L_Cheek+Forehead
18986.jpg,Normal,127.18,147.19,153.92,-0.28,Type_V,L_Cheek+Forehead
18987.jpg,Normal,90.85,151.07,150.14,-32.98,Type_VI,L_Cheek+Forehead
18988.jpg,Normal,123.78,139.6,159.36,-2.66,Type_V,R_Cheek+L_Cheek+Forehead
1899.jpg,Normal,62.5,133.34,132.41,-80.18,Type_VI,R_Cheek+L_Cheek+Forehead
18991.jpg,Normal,122.06,145.54,146.08,-6.72,Type_V,R_Cheek+L_Cheek+Forehead
18994.jpg,Normal,75.73,140.87,145.95,-48.52,Type_VI,R_Cheek+L_Cheek+Forehead
18997.jpg,Normal,130.67,146.1,130.52,26.19,Type_IV,R_Cheek+Forehead
18999.jpg,Normal,89.41,138.06,141.62,-47.64,Type_VI,R_Cheek+L_Cheek+Forehead
190.jpg,Normal,86.07,140.12,133.75,-70.52,Type_VI,R_Cheek+L_Cheek+Forehead
19000.jpg,Normal,136.57,134.96,129.71,64.28,Type_I,R_Cheek+L_Cheek+Forehead
19005.jpg,Normal,89.06,157.06,161.4,-24.29,Type_V,R_Cheek+Forehead
19007.jpg,Normal,92.93,146.46,148.2,-33.86,Type_VI,R_Cheek+Forehead
19102.jpg,Normal,106.42,143.07,140.18,-34.16,Type_VI,R_Cheek+L_Cheek+Forehead
19104.jpg,Normal,112.5,128.78,128.66,-83.55,Type_VI,R_Cheek+L_Cheek+Forehead
19111.jpg,Normal,93.36,128.0,128.0,-90.0,Type_VI,R_Cheek+L_Cheek+Forehead
19117.jpg,Normal,43.5,149.95,124.33,83.64,Type_I,L_Cheek+Forehead
19120.jpg,Normal,126.1,152.24,154.66,-1.18,Type_V,R_Cheek+L_Cheek+Forehead
19123.jpg,Normal,46.33,140.88,137.39,-73.56,Type_VI,R_Cheek+Forehead
19125.jpg,Normal,161.73,142.81,149.58,31.87,Type_III,R_Cheek+Forehead
19203.jpg,Normal,68.22,135.76,135.64,-71.81,Type_VI,R_Cheek+Forehead
19205.jpg,Normal,156.97,128.48,144.04,35.77,Type_III,R_Cheek+Forehead
19217.jpg,Normal,176.1,143.08,148.12,43.45,Type_II,R_Cheek+L_Cheek+Forehead
19219.jpg,Normal,116.31,154.91,160.44,-7.71,Type_V,R_Cheek+Forehead
19225.jpg,Normal,111.4,141.26,142.56,-23.45,Type_V,R_Cheek+L_Cheek+Forehead
19227.jpg,Normal,104.97,133.44,137.97,-41.54,Type_VI,R_Cheek+L_Cheek+Forehead
19232.jpg,Normal,102.21,140.71,148.0,-26.38,Type_V,R_Cheek+L_Cheek+Forehead
1926.jpg,Normal,85.24,142.54,139.88,-54.37,Type_VI,R_Cheek+L_Cheek+Forehead
19291.jpg,Normal,63.9,123.08,144.49,-56.53,Type_VI,R_Cheek+L_Cheek+Forehead
19298.jpg,Normal,71.21,149.19,146.58,-49.91,Type_VI,R_Cheek+L_Cheek+Forehead
193.jpg,Normal,134.71,153.85,160.04,5.04,Type_V,R_Cheek+Forehead
19302.jpg,Normal,132.64,142.05,138.97,10.41,Type_IV,R_Cheek+Forehead
19418.jpg,Normal,113.68,146.12,137.76,-29.04,Type_V,R_Cheek+L_Cheek+Forehead
19419.jpg,Normal,70.68,163.78,159.34,-35.42,Type_VI,R_Cheek+L_Cheek+Forehead
19426.jpg,Normal,142.53,143.11,150.72,14.54,Type_IV,R_Cheek+L_Cheek+Forehead
19438.jpg,Normal,105.27,144.31,150.21,-21.43,Type_V,R_Cheek+L_Cheek+Forehead
19441.jpg,Normal,54.42,140.95,131.74,-82.56,Type_VI,R_Cheek+L_Cheek+Forehead
19469.jpg,Normal,136.2,148.33,148.3,9.54,Type_V,R_Cheek+L_Cheek+Forehead
19530.jpg,Normal,108.89,146.0,148.05,-20.0,Type_V,R_Cheek+L_Cheek+Forehead
19532.jpg,Normal,150.54,134.01,138.67,40.26,Type_III,L_Cheek+Forehead
19536.jpg,Normal,113.1,144.75,146.91,-16.63,Type_V,R_Cheek+Forehead
19541.jpg,Normal,126.59,140.07,148.02,-1.02,Type_V,R_Cheek+Forehead
19547.jpg,Normal,115.45,134.13,130.23,-64.78,Type_VI,L_Cheek+Forehead
19594.jpg,Normal,115.06,157.62,143.16,-17.84,Type_V,R_Cheek+L_Cheek+Forehead
19610.jpg,Normal,136.41,143.71,147.23,10.3,Type_IV,R_Cheek+Forehead
19611.jpg,Normal,110.24,152.76,137.78,-34.7,Type_VI,R_Cheek+L_Cheek+Forehead
19616.jpg,Normal,133.42,150.4,150.94,5.78,Type_V,R_Cheek+L_Cheek+Forehead
19623.jpg,Normal,90.39,157.43,163.49,-22.3,Type_V,R_Cheek+L_Cheek+Forehead
19627.jpg,Normal,114.14,135.27,141.28,-21.53,Type_V,R_Cheek+L_Cheek+Forehead
19628.jpg,Normal,65.89,131.01,138.71,-66.09,Type_VI,R_Cheek+L_Cheek+Forehead
19629.jpg,Normal,92.58,146.38,160.53,-22.83,Type_V,R_Cheek+L_Cheek+Forehead
19673.jpg,Normal,31.05,146.01,145.14,-65.63,Type_VI,L_Cheek+Forehead
19720.jpg,Normal,92.23,143.22,146.97,-36.09,Type_VI,R_Cheek+L_Cheek+Forehead
19721.jpg,Normal,171.93,135.43,137.66,61.0,Type_I,R_Cheek+Forehead
19726.jpg,Normal,119.99,130.17,150.2,-7.55,Type_V,R_Cheek+L_Cheek+Forehead
1973.jpg,Normal,102.53,135.66,150.76,-23.27,Type_V,L_Cheek+Forehead
19730.jpg,Normal,72.8,134.13,146.9,-48.62,Type_VI,R_Cheek+L_Cheek+Forehead
19733.jpg,Normal,163.04,148.04,149.5,32.95,Type_III,R_Cheek+L_Cheek+Forehead
19736.jpg,Normal,143.43,128.0,128.0,89.99,Type_I,R_Cheek+Forehead
1974.jpg,Normal,88.18,139.72,131.36,-77.71,Type_VI,R_Cheek+L_Cheek+Forehead
19743.jpg,Normal,91.89,135.04,141.53,-45.91,Type_VI,R_Cheek+Forehead
19748.jpg,Normal,140.6,143.74,142.81,19.12,Type_IV,R_Cheek+L_Cheek+Forehead
19894.jpg,Normal,102.39,136.16,152.0,-22.3,Type_V,L_Cheek+Forehead
19895.jpg,Normal,114.18,138.89,138.17,-27.19,Type_V,R_Cheek+L_Cheek+Forehead
19897.jpg,Normal,157.1,132.62,131.79,71.92,Type_I,R_Cheek+Forehead
19898.jpg,Normal,70.56,146.33,134.65,-73.41,Type_VI,R_Cheek+L_Cheek+Forehead
19905.jpg,Normal,153.54,138.52,139.57,41.43,Type_II,R_Cheek+L_Cheek+Forehead
19910.jpg,Normal,163.06,144.19,150.17,32.17,Type_III,R_Cheek+L_Cheek+Forehead
2000.jpg,Normal,139.38,151.8,156.07,9.43,Type_V,R_Cheek+L_Cheek+Forehead
20001.jpg,Normal,94.65,135.13,144.54,-37.92,Type_VI,R_Cheek+L_Cheek+Forehead
20017.jpg,Normal,148.57,141.82,141.92,30.69,Type_III,R_Cheek+L_Cheek+Forehead
20022.jpg,Normal,110.61,128.0,128.0,-89.99,Type_VI,R_Cheek+Forehead
20023.jpg,Normal,114.6,139.05,140.15,-22.61,Type_V,R_Cheek+Forehead
20118.jpg,Normal,43.07,139.34,142.37,-66.53,Type_VI,R_Cheek+L_Cheek+Forehead
20119.jpg,Normal,70.84,136.85,136.37,-69.35,Type_VI,R_Cheek+L_Cheek+Forehead
20127.jpg,Normal,117.56,151.08,163.87,-6.2,Type_V,R_Cheek+L_Cheek+Forehead
20128.jpg,Normal,136.43,140.25,138.79,17.99,Type_IV,R_Cheek+L_Cheek+Forehead
20129.jpg,Normal,84.78,135.28,151.96,-34.96,Type_VI,R_Cheek+L_Cheek+Forehead
20243.jpg,Normal,81.41,136.1,136.11,-65.82,Type_VI,R_Cheek+L_Cheek+Forehead
20246.jpg,Normal,80.42,143.78,143.17,-50.59,Type_VI,R_Cheek+L_Cheek+Forehead
20247.jpg,Normal,146.91,131.69,149.7,19.34,Type_IV,R_Cheek+L_Cheek+Forehead
20250.jpg,Normal,198.27,140.03,133.25,79.28,Type_I,R_Cheek+Forehead
20251.jpg,Normal,153.9,139.2,155.97,20.31,Type_IV,R_Cheek+Forehead
20253.jpg,Normal,62.2,150.38,141.52,-62.18,Type_VI,R_Cheek+L_Cheek+Forehead
20254.jpg,Normal,153.3,142.71,141.62,36.6,Type_III,L_Cheek+Forehead
20257.jpg,Normal,115.35,150.59,151.69,-11.37,Type_V,R_Cheek+L_Cheek+Forehead
20262.jpg,Normal,88.0,141.27,133.94,-69.03,Type_VI,R_Cheek+L_Cheek+Forehead
20268.jpg,Normal,118.53,136.03,136.76,-21.89,Type_V,R_Cheek+L_Cheek+Forehead
20270.jpg,Normal,46.24,138.6,138.17,-72.31,Type_VI,R_Cheek+L_Cheek+Forehead
20273.jpg,Normal,76.85,133.21,139.67,-59.56,Type_VI,R_Cheek+L_Cheek+Forehead
20389.jpg,Normal,35.03,144.81,141.98,-68.92,Type_VI,L_Cheek+Forehead
20392.jpg,Normal,48.79,144.27,143.1,-63.93,Type_VI,R_Cheek+L_Cheek+Forehead
20394.jpg,Normal,154.73,145.96,149.16,26.78,Type_IV,L_Cheek+Forehead
20398.jpg,Normal,97.73,142.51,147.47,-30.95,Type_VI,R_Cheek+Forehead
2040.jpg,Normal,76.01,150.7,159.3,-32.83,Type_VI,R_Cheek+L_Cheek+Forehead
20404.jpg,Normal,133.93,143.48,148.19,7.12,Type_V,R_Cheek+L_Cheek+Forehead
20492.jpg,Normal,115.27,135.57,136.6,-29.15,Type_V,R_Cheek+L_Cheek+Forehead
20495.jpg,Normal,86.23,143.12,150.82,-35.34,Type_VI,R_Cheek+L_Cheek+Forehead
20496.jpg,Normal,123.34,145.12,153.59,-3.64,Type_V,R_Cheek+L_Cheek+Forehead
20499.jpg,Normal,101.69,142.95,139.2,-42.11,Type_VI,R_Cheek+L_Cheek+Forehead
20500.jpg,Normal,102.7,140.74,142.55,-33.76,Type_VI,R_Cheek+L_Cheek+Forehead
20504.jpg,Normal,114.41,140.76,146.08,-15.85,Type_V,R_Cheek+Forehead
20506.jpg,Normal,171.86,139.14,113.82,-50.81,Type_VI,R_Cheek+Forehead
20513.jpg,Normal,106.3,139.49,142.74,-29.43,Type_V,L_Cheek+Forehead
2052.jpg,Normal,79.84,140.53,143.03,-51.2,Type_VI,R_Cheek+L_Cheek+Forehead
20520.jpg,Normal,93.17,141.11,143.55,-40.88,Type_VI,L_Cheek+Forehead
20612.jpg,Normal,103.33,138.18,138.38,-42.39,Type_VI,R_Cheek+L_Cheek+Forehead
20614.jpg,Normal,42.34,136.32,137.72,-73.76,Type_VI,L_Cheek+Forehead
20619.jpg,Normal,130.35,139.55,145.63,3.63,Type_V,R_Cheek+Forehead
20622.jpg,Normal,99.32,150.76,157.88,-20.3,Type_V,R_Cheek+Forehead
20625.jpg,Normal,151.15,140.68,148.55,24.3,Type_IV,R_Cheek+L_Cheek+Forehead
20628.jpg,Normal,85.72,144.86,147.65,-39.82,Type_VI,R_Cheek+L_Cheek+Forehead
20773.jpg,Normal,85.91,164.03,165.61,-23.44,Type_V,L_Cheek+Forehead
20775.jpg,Normal,104.76,142.91,151.29,-20.95,Type_V,L_Cheek+Forehead
20782.jpg,Normal,112.12,128.0,128.0,-89.99,Type_VI,R_Cheek+L_Cheek+Forehead
20783.jpg,Normal,54.56,142.92,145.15,-59.05,Type_VI,L_Cheek+Forehead
20784.jpg,Normal,147.72,128.0,128.0,89.99,Type_I,R_Cheek+L_Cheek+Forehead
20785.jpg,Normal,96.63,144.14,144.77,-35.83,Type_VI,R_Cheek+L_Cheek+Forehead
2079.jpg,Normal,159.87,152.29,152.42,27.47,Type_IV,R_Cheek+L_Cheek+Forehead
20790.jpg,Normal,72.63,138.39,134.69,-72.74,Type_VI,R_Cheek+L_Cheek+Forehead
20794.jpg,Normal,55.77,136.75,134.82,-76.37,Type_VI,L_Cheek+Forehead
20922.jpg,Normal,157.16,148.08,119.65,-54.33,Type_VI,R_Cheek+L_Cheek+Forehead
20927.jpg,Normal,136.85,152.49,149.37,9.74,Type_V,R_Cheek+L_Cheek+Forehead
21056.jpg,Normal,147.4,141.94,141.07,30.85,Type_III,R_Cheek+L_Cheek+Forehead
21060.jpg,Normal,120.36,136.97,130.75,-45.55,Type_VI,R_Cheek+L_Cheek+Forehead
21065.jpg,Normal,88.4,136.48,131.59,-76.83,Type_VI,R_Cheek+L_Cheek+Forehead
21066.jpg,Normal,60.15,144.47,142.97,-60.46,Type_VI,R_Cheek+L_Cheek+Forehead
2124.jpg,Normal,88.7,148.07,148.98,-35.95,Type_VI,R_Cheek+L_Cheek+Forehead
21242.jpg,Normal,171.57,148.8,145.79,44.17,Type_II,R_Cheek+L_Cheek+Forehead
21311.jpg,Normal,84.21,135.25,130.47,-81.71,Type_VI,R_Cheek+L_Cheek+Forehead
21319.jpg,Normal,103.08,140.01,139.41,-39.99,Type_VI,L_Cheek+Forehead
21330.jpg,Normal,90.21,140.62,142.56,-45.13,Type_VI,L_Cheek+Forehead
21335.jpg,Normal,62.09,139.85,141.68,-61.93,Type_VI,R_Cheek+L_Cheek+Forehead
21368.jpg,Normal,77.67,137.19,138.74,-61.19,Type_VI,R_Cheek+L_Cheek+Forehead
21369.jpg,Normal,158.62,142.2,143.41,38.38,Type_III,R_Cheek+L_Cheek+Forehead
21372.jpg,Normal,97.17,145.27,148.5,-30.12,Type_VI,R_Cheek+L_Cheek+Forehead
21468.jpg,Normal,73.31,139.12,145.13,-51.14,Type_VI,L_Cheek+Forehead
21469.jpg,Normal,80.73,144.24,138.64,-59.89,Type_VI,L_Cheek+Forehead
2147.jpg,Normal,143.43,146.18,143.51,21.94,Type_IV,R_Cheek+Forehead
21470.jpg,Normal,129.61,144.31,152.13,1.96,Type_V,R_Cheek+Forehead
21471.jpg,Normal,131.29,141.63,148.23,4.2,Type_V,L_Cheek+Forehead
21477.jpg,Normal,102.64,148.23,146.84,-27.36,Type_V,R_Cheek+L_Cheek+Forehead
21488.jpg,Normal,134.07,139.57,129.46,60.48,Type_I,R_Cheek+L_Cheek+Forehead
2149.jpg,Normal,83.32,143.91,148.72,-39.9,Type_VI,R_Cheek+L_Cheek+Forehead
21582.jpg,Normal,89.93,132.15,144.38,-41.97,Type_VI,R_Cheek+L_Cheek+Forehead
21588.jpg,Normal,87.41,140.71,135.87,-63.41,Type_VI,R_Cheek+L_Cheek+Forehead
2159.jpg,Normal,70.57,135.35,142.25,-57.45,Type_VI,R_Cheek+Forehead
21596.jpg,Normal,147.75,140.25,146.75,22.95,Type_IV,R_Cheek+Forehead
21597.jpg,Normal,73.18,140.75,141.73,-57.2,Type_VI,L_Cheek+Forehead
21598.jpg,Normal,106.66,145.66,140.08,-34.07,Type_VI,R_Cheek+L_Cheek+Forehead
21600.jpg,Normal,99.21,161.34,119.65,53.02,Type_II,R_Cheek+L_Cheek+Forehead
21605.jpg,Normal,166.26,145.97,145.06,41.7,Type_II,R_Cheek+Forehead
2161.jpg,Normal,155.28,131.06,133.68,62.47,Type_I,R_Cheek+L_Cheek+Forehead
21718.jpg,Normal,138.99,148.57,144.62,15.17,Type_IV,R_Cheek+Forehead
21722.jpg,Normal,85.72,137.59,142.91,-47.7,Type_VI,R_Cheek+L_Cheek+Forehead
21724.jpg,Normal,133.25,146.82,150.7,5.68,Type_V,L_Cheek+Forehead
21726.jpg,Normal,121.13,141.97,139.97,-11.78,Type_V,R_Cheek+L_Cheek+Forehead
21728.jpg,Normal,88.76,140.38,135.15,-64.79,Type_VI,R_Cheek+L_Cheek+Forehead
2173.jpg,Normal,60.39,135.52,146.51,-54.88,Type_VI,R_Cheek+Forehead
21738.jpg,Normal,66.44,139.58,143.06,-57.84,Type_VI,R_Cheek+L_Cheek+Forehead
21739.jpg,Normal,110.46,142.94,146.15,-20.21,Type_V,R_Cheek+Forehead
2174.jpg,Normal,113.48,141.06,144.81,-18.12,Type_V,L_Cheek+Forehead
21864.jpg,Normal,68.72,139.21,141.54,-59.57,Type_VI,R_Cheek+L_Cheek+Forehead
21869.jpg,Normal,81.07,140.4,148.77,-41.23,Type_VI,R_Cheek+L_Cheek+Forehead
2187.jpg,Normal,73.68,134.28,145.86,-49.76,Type_VI,R_Cheek+L_Cheek+Forehead
21875.jpg,Normal,152.23,145.3,175.02,11.65,Type_IV,R_Cheek+L_Cheek+Forehead
21877.jpg,Normal,131.73,145.28,141.62,6.95,Type_V,R_Cheek+L_Cheek+Forehead
21880.jpg,Normal,173.91,149.87,154.57,34.41,Type_III,R_Cheek+L_Cheek+Forehead
21882.jpg,Normal,71.77,136.52,134.97,-72.31,Type_VI,R_Cheek+L_Cheek+Forehead
21884.jpg,Normal,38.38,127.87,128.55,-89.1,Type_VI,R_Cheek+Forehead
21885.jpg,Normal,67.79,128.0,128.0,-90.0,Type_VI,R_Cheek+L_Cheek+Forehead
21886.jpg,Normal,78.36,144.4,147.29,-44.98,Type_VI,R_Cheek+Forehead
21888.jpg,Normal,127.8,141.54,140.55,0.54,Type_V,R_Cheek+Forehead
22000.jpg,Normal,120.78,137.74,139.45,-12.96,Type_V,L_Cheek+Forehead
22012.jpg,Normal,146.32,137.2,155.44,15.05,Type_IV,R_Cheek+Forehead
22013.jpg,Normal,98.03,137.65,138.87,-46.76,Type_VI,R_Cheek+L_Cheek+Forehead
22014.jpg,Normal,170.37,129.5,137.67,60.08,Type_I,R_Cheek+L_Cheek+Forehead
22018.jpg,Normal,103.89,142.84,144.05,-29.98,Type_V,R_Cheek+L_Cheek+Forehead
2202.jpg,Normal,73.25,136.96,135.45,-70.71,Type_VI,R_Cheek+Forehead
22020.jpg,Normal,164.72,149.49,151.34,32.02,Type_III,R_Cheek+L_Cheek+Forehead
22115.jpg,Normal,109.94,138.48,136.55,-38.86,Type_VI,R_Cheek+L_Cheek+Forehead
22116.jpg,Normal,99.97,147.98,160.39,-18.44,Type_V,R_Cheek+L_Cheek+Forehead
22126.jpg,Normal,167.88,136.19,144.13,44.47,Type_II,R_Cheek+L_Cheek+Forehead
22133.jpg,Normal,168.36,135.0,139.01,55.51,Type_I,R_Cheek+L_Cheek+Forehead
22235.jpg,Normal,71.28,138.21,137.11,-67.55,Type_VI,R_Cheek+L_Cheek+Forehead
22238.jpg,Normal,104.4,130.26,134.25,-55.41,Type_VI,R_Cheek+Forehead
22239.jpg,Normal,73.46,139.05,144.0,-52.95,Type_VI,R_Cheek+Forehead
22240.jpg,Normal,124.75,154.09,153.3,-2.44,Type_V,R_Cheek+Forehead
22244.jpg,Normal,117.24,136.44,152.51,-9.32,Type_V,R_Cheek+L_Cheek+Forehead
22251.jpg,Normal,52.84,137.54,130.39,-85.34,Type_VI,R_Cheek+L_Cheek+Forehead
22255.jpg,Normal,126.74,147.11,159.59,-0.54,Type_V,L_Cheek+Forehead
22326.jpg,Normal,80.52,147.34,151.49,-38.1,Type_VI,L_Cheek+Forehead
22330.jpg,Normal,117.44,148.24,152.01,-9.33,Type_V,R_Cheek+L_Cheek+Forehead
22331.jpg,Normal,46.12,136.81,140.83,-68.09,Type_VI,R_Cheek+L_Cheek+Forehead
22334.jpg,Normal,164.26,147.12,152.74,30.23,Type_III,L_Cheek+Forehead
22344.jpg,Normal,87.54,143.05,139.33,-54.13,Type_VI,R_Cheek+L_Cheek+Forehead
22410.jpg,Normal,78.71,156.77,144.95,-48.46,Type_VI,R_Cheek+L_Cheek+Forehead
22524.jpg,Normal,109.98,149.32,153.09,-15.31,Type_V,R_Cheek+Forehead
22529.jpg,Normal,98.13,137.34,136.62,-53.2,Type_VI,R_Cheek+L_Cheek+Forehead
22532.jpg,Normal,134.04,140.29,145.57,8.31,Type_V,R_Cheek+L_Cheek+Forehead
22533.jpg,Normal,115.5,132.92,150.72,-11.7,Type_V,L_Cheek+Forehead
22542.jpg,Normal,111.49,144.17,146.43,-18.81,Type_V,R_Cheek+L_Cheek+Forehead
22645.jpg,Normal,125.01,144.71,139.69,-4.78,Type_V,R_Cheek+L_Cheek+Forehead
22646.jpg,Normal,136.59,142.94,131.58,44.91,Type_II,R_Cheek+L_Cheek+Forehead
2265.jpg,Normal,94.29,132.51,139.47,-48.64,Type_VI,R_Cheek+L_Cheek+Forehead
22654.jpg,Normal,106.05,140.16,145.36,-25.86,Type_V,R_Cheek+L_Cheek+Forehead
22658.jpg,Normal,102.88,144.99,141.71,-35.14,Type_VI,R_Cheek+L_Cheek+Forehead
22726.jpg,Normal,57.89,137.31,135.67,-74.31,Type_VI,R_Cheek+L_Cheek+Forehead
22728.jpg,Normal,133.56,137.77,141.51,9.98,Type_V,R_Cheek+L_Cheek+Forehead
22731.jpg,Normal,140.81,149.55,150.83,12.88,Type_IV,R_Cheek+L_Cheek+Forehead
22736.jpg,Normal,132.05,140.77,147.42,5.25,Type_V,R_Cheek+Forehead
22744.jpg,Normal,65.77,150.77,150.91,-46.58,Type_VI,L_Cheek+Forehead
22746.jpg,Normal,112.84,147.06,153.92,-12.5,Type_V,R_Cheek+Forehead
22747.jpg,Normal,153.47,142.76,151.26,23.65,Type_IV,R_Cheek+L_Cheek+Forehead
22863.jpg,Normal,101.09,128.0,128.0,-89.99,Type_VI,L_Cheek+Forehead
22873.jpg,Normal,130.47,139.33,136.03,8.25,Type_V,R_Cheek+L_Cheek+Forehead
22875.jpg,Normal,114.61,146.27,141.41,-20.65,Type_V,R_Cheek+L_Cheek+Forehead
22879.jpg,Normal,123.19,132.58,134.61,-14.36,Type_V,L_Cheek+Forehead
22881.jpg,Normal,124.97,162.16,174.3,-1.23,Type_V,R_Cheek+L_Cheek+Forehead
22882.jpg,Normal,106.44,141.66,147.11,-23.37,Type_V,R_Cheek+L_Cheek+Forehead
22929.jpg,Normal,57.22,135.33,132.47,-80.78,Type_VI,R_Cheek+L_Cheek+Forehead
22970.jpg,Normal,167.94,133.88,153.76,31.62,Type_III,L_Cheek+Forehead
22972.jpg,Normal,58.83,141.92,140.75,-64.66,Type_VI,R_Cheek+L_Cheek+Forehead
22975.jpg,Normal,150.24,148.43,146.05,26.29,Type_IV,R_Cheek+L_Cheek+Forehead
22977.jpg,Normal,64.25,130.43,138.84,-66.4,Type_VI,R_Cheek+L_Cheek+Forehead
22979.jpg,Normal,100.69,137.21,142.0,-36.91,Type_VI,R_Cheek+Forehead
22980.jpg,Normal,86.1,147.06,147.77,-39.4,Type_VI,R_Cheek+L_Cheek+Forehead
22982.jpg,Normal,81.85,139.24,138.09,-60.59,Type_VI,R_Cheek+Forehead
22985.jpg,Normal,98.7,146.99,148.3,-29.08,Type_V,R_Cheek+L_Cheek+Forehead
22989.jpg,Normal,102.62,145.73,145.11,-29.69,Type_V,R_Cheek+L_Cheek+Forehead
22990.jpg,Normal,137.49,168.25,161.21,6.73,Type_V,L_Cheek+Forehead
22991.jpg,Normal,68.94,139.8,142.72,-57.34,Type_VI,R_Cheek+Forehead
23078.jpg,Normal,144.07,145.56,158.47,12.04,Type_IV,R_Cheek+Forehead
23095.jpg,Normal,98.02,141.42,136.56,-53.49,Type_VI,R_Cheek+L_Cheek+Forehead
23146.jpg,Normal,83.25,146.13,148.2,-40.67,Type_VI,R_Cheek+L_Cheek+Forehead
23149.jpg,Normal,114.17,142.57,140.28,-23.05,Type_V,R_Cheek+Forehead
2315.jpg,Normal,159.55,148.19,152.03,27.61,Type_IV,R_Cheek+L_Cheek+Forehead
23151.jpg,Normal,173.89,134.68,134.81,69.49,Type_I,R_Cheek+L_Cheek+Forehead
23153.jpg,Normal,144.47,142.78,147.84,18.55,Type_IV,R_Cheek+L_Cheek+Forehead
23161.jpg,Normal,191.38,134.91,136.52,71.22,Type_I,R_Cheek+L_Cheek+Forehead
23166.jpg,Normal,94.27,144.92,145.94,-35.99,Type_VI,R_Cheek+L_Cheek+Forehead
23167.jpg,Normal,100.91,148.61,142.47,-35.76,Type_VI,R_Cheek+L_Cheek+Forehead
23168.jpg,Normal,99.41,146.04,132.58,-67.44,Type_VI,R_Cheek+L_Cheek+Forehead
23196.jpg,Normal,142.93,140.35,139.68,27.38,Type_IV,R_Cheek+L_Cheek+Forehead
23282.jpg,Normal,155.95,138.81,142.79,37.03,Type_III,R_Cheek+L_Cheek+Forehead
23286.jpg,Normal,97.82,137.23,138.0,-49.33,Type_VI,R_Cheek+L_Cheek+Forehead
23287.jpg,Normal,96.06,143.69,144.55,-36.69,Type_VI,R_Cheek+L_Cheek+Forehead
23288.jpg,Normal,117.27,148.31,148.59,-11.03,Type_V,R_Cheek+L_Cheek+Forehead
2329.jpg,Normal,22.02,134.1,137.11,-77.58,Type_VI,R_Cheek+L_Cheek+Forehead
23296.jpg,Normal,68.35,128.0,128.0,-90.0,Type_VI,R_Cheek+L_Cheek+Forehead
23297.jpg,Normal,65.34,133.83,131.93,-80.85,Type_VI,R_Cheek+L_Cheek+Forehead
23299.jpg,Normal,113.62,142.41,145.23,-17.54,Type_V,R_Cheek+L_Cheek+Forehead
23439.jpg,Normal,130.76,149.83,145.37,4.21,Type_V,R_Cheek+L_Cheek+Forehead
23445.jpg,Normal,195.98,138.3,156.98,42.82,Type_II,R_Cheek+L_Cheek+Forehead
23446.jpg,Normal,155.63,140.18,141.72,38.81,Type_III,R_Cheek+L_Cheek+Forehead
23517.jpg,Normal,125.23,142.01,151.52,-2.16,Type_V,L_Cheek+Forehead
23519.jpg,Normal,116.99,145.63,145.81,-13.04,Type_V,R_Cheek+Forehead
23523.jpg,Normal,112.09,149.82,154.48,-12.86,Type_V,R_Cheek+L_Cheek+Forehead
23524.jpg,Normal,55.33,140.36,141.44,-64.6,Type_VI,R_Cheek+L_Cheek+Forehead
23621.jpg,Normal,59.77,145.78,141.89,-62.39,Type_VI,R_Cheek+L_Cheek+Forehead
23622.jpg,Normal,174.83,146.37,152.07,37.64,Type_III,R_Cheek+L_Cheek+Forehead
23624.jpg,Normal,125.99,147.17,147.25,-1.76,Type_V,R_Cheek+L_Cheek+Forehead
23627.jpg,Normal,84.09,163.99,155.18,-32.07,Type_VI,R_Cheek+L_Cheek+Forehead
23629.jpg,Normal,137.54,146.53,151.93,9.34,Type_V,R_Cheek+Forehead
23631.jpg,Normal,122.9,133.14,149.47,-4.8,Type_V,R_Cheek+L_Cheek+Forehead
23632.jpg,Normal,112.43,140.96,132.27,-54.16,Type_VI,R_Cheek+L_Cheek+Forehead
23633.jpg,Normal,112.83,142.42,136.48,-34.17,Type_VI,R_Cheek+L_Cheek+Forehead
23634.jpg,Normal,208.6,137.81,132.92,81.2,Type_I,R_Cheek+Forehead
23639.jpg,Normal,149.39,142.45,149.55,21.72,Type_IV,R_Cheek+L_Cheek+Forehead
23640.jpg,Normal,58.16,135.47,137.54,-70.67,Type_VI,R_Cheek+L_Cheek+Forehead
23641.jpg,Normal,100.51,145.8,147.86,-28.06,Type_V,R_Cheek+Forehead
23642.jpg,Normal,143.63,139.45,152.74,14.34,Type_IV,L_Cheek+Forehead
23644.jpg,Normal,148.76,144.24,144.6,26.67,Type_IV,R_Cheek+L_Cheek+Forehead
2365.jpg,Normal,164.64,144.92,145.25,40.18,Type_III,R_Cheek+L_Cheek+Forehead
23746.jpg,Normal,62.57,149.49,145.69,-55.21,Type_VI,R_Cheek+L_Cheek+Forehead
23747.jpg,Normal,130.13,137.71,139.97,4.93,Type_V,R_Cheek+L_Cheek+Forehead
23748.jpg,Normal,83.21,144.19,145.83,-44.24,Type_VI,L_Cheek+Forehead
2375.jpg,Normal,172.48,142.12,145.97,44.46,Type_II,R_Cheek+Forehead
23753.jpg,Normal,135.66,146.96,144.11,11.23,Type_IV,R_Cheek+L_Cheek+Forehead
23755.jpg,Normal,121.88,140.49,143.55,-8.06,Type_V,R_Cheek+L_Cheek+Forehead
23758.jpg,Normal,81.65,142.54,129.94,-83.84,Type_VI,L_Cheek+Forehead
23762.jpg,Normal,149.42,150.43,159.48,15.27,Type_IV,R_Cheek+Forehead
23824.jpg,Normal,83.91,136.21,138.17,-59.25,Type_VI,R_Cheek+L_Cheek+Forehead
23889.jpg,Normal,144.96,147.19,155.47,14.0,Type_IV,R_Cheek+L_Cheek+Forehead
23893.jpg,Normal,107.47,137.07,138.63,-36.45,Type_VI,R_Cheek+L_Cheek+Forehead
23895.jpg,Normal,137.59,137.57,150.91,9.8,Type_V,R_Cheek+L_Cheek+Forehead
23899.jpg,Normal,138.64,146.39,146.55,13.25,Type_IV,R_Cheek+L_Cheek+Forehead
23900.jpg,Normal,104.9,140.01,143.28,-30.11,Type_VI,R_Cheek+L_Cheek+Forehead
23901.jpg,Normal,113.07,148.79,155.77,-11.51,Type_V,R_Cheek+Forehead
23907.jpg,Normal,115.71,145.52,146.84,-13.79,Type_V,R_Cheek+L_Cheek+Forehead
23909.jpg,Normal,114.44,147.05,149.87,-13.19,Type_V,R_Cheek+L_Cheek+Forehead
23912.jpg,Normal,108.94,144.19,143.36,-25.35,Type_V,L_Cheek+Forehead
23914.jpg,Normal,128.26,148.68,151.17,0.74,Type_V,L_Cheek+Forehead
24025.jpg,Normal,103.46,149.85,147.71,-25.56,Type_V,R_Cheek+Forehead
24026.jpg,Normal,72.09,140.08,138.65,-63.9,Type_VI,R_Cheek+L_Cheek+Forehead
24027.jpg,Normal,151.22,133.03,138.2,42.35,Type_II,R_Cheek+L_Cheek+Forehead
24029.jpg,Normal,216.27,127.05,144.99,63.98,Type_I,R_Cheek+L_Cheek+Forehead
24032.jpg,Normal,113.54,144.65,134.79,-38.87,Type_VI,R_Cheek+Forehead
24039.jpg,Normal,117.37,152.87,146.34,-12.22,Type_V,R_Cheek+L_Cheek+Forehead
24040.jpg,Normal,66.82,128.61,139.72,-63.78,Type_VI,R_Cheek+L_Cheek+Forehead
24165.jpg,Normal,65.64,146.53,149.81,-48.04,Type_VI,R_Cheek+Forehead
24171.jpg,Normal,121.02,155.5,155.43,-5.29,Type_V,R_Cheek+L_Cheek+Forehead
24183.jpg,Normal,111.8,141.12,144.89,-20.02,Type_V,R_Cheek+L_Cheek+Forehead
24185.jpg,Normal,151.76,128.76,130.23,76.83,Type_I,L_Cheek+Forehead
24233.jpg,Normal,66.69,140.91,141.95,-59.68,Type_VI,R_Cheek+Forehead
24235.jpg,Normal,55.78,134.29,139.4,-67.93,Type_VI,R_Cheek+L_Cheek+Forehead
24240.jpg,Normal,134.72,149.47,148.99,7.68,Type_V,R_Cheek+L_Cheek+Forehead
24241.jpg,Normal,57.46,140.72,144.8,-58.54,Type_VI,R_Cheek+L_Cheek+Forehead
24242.jpg,Normal,95.86,144.08,153.08,-26.33,Type_V,R_Cheek+Forehead
24247.jpg,Normal,176.59,135.35,141.33,55.29,Type_I,R_Cheek+L_Cheek+Forehead
24252.jpg,Normal,62.44,133.4,136.14,-72.31,Type_VI,R_Cheek+L_Cheek+Forehead
24253.jpg,Normal,89.05,136.38,126.9,85.84,Type_I,L_Cheek+Forehead
24484.jpg,Normal,149.98,147.74,152.24,19.99,Type_IV,R_Cheek+L_Cheek+Forehead
24487.jpg,Normal,81.67,133.82,141.8,-52.47,Type_VI,R_Cheek+L_Cheek+Forehead
24488.jpg,Normal,87.18,138.61,148.51,-37.63,Type_VI,R_Cheek+Forehead
24490.jpg,Normal,206.55,141.02,135.84,75.8,Type_I,R_Cheek+L_Cheek+Forehead
24495.jpg,Normal,122.08,139.5,148.09,-6.04,Type_V,L_Cheek+Forehead
24496.jpg,Normal,68.47,153.61,136.37,-70.11,Type_VI,R_Cheek+L_Cheek+Forehead
24497.jpg,Normal,174.71,143.68,142.75,51.45,Type_II,R_Cheek+Forehead
245.jpg,Normal,148.16,144.62,161.39,13.64,Type_IV,R_Cheek+L_Cheek+Forehead
2450.jpg,Normal,126.51,148.77,158.96,-0.72,Type_V,R_Cheek+L_Cheek+Forehead
24500.jpg,Normal,126.6,143.98,147.29,-1.04,Type_V,L_Cheek+Forehead
24505.jpg,Normal,141.35,142.44,123.62,-51.11,Type_VI,L_Cheek+Forehead
24509.jpg,Normal,134.02,141.3,150.73,6.42,Type_V,R_Cheek+Forehead
24514.jpg,Normal,138.31,144.66,155.2,8.86,Type_V,R_Cheek+L_Cheek+Forehead
24594.jpg,Normal,145.53,128.0,128.0,89.99,Type_I,L_Cheek+Forehead
24597.jpg,Normal,123.67,140.03,146.64,-4.6,Type_V,R_Cheek+L_Cheek+Forehead
2460.jpg,Normal,141.09,159.49,167.85,7.62,Type_V,R_Cheek+L_Cheek+Forehead
24600.jpg,Normal,175.87,145.13,139.73,58.27,Type_I,R_Cheek+L_Cheek+Forehead
24606.jpg,Normal,50.27,138.0,143.16,-63.42,Type_VI,L_Cheek+Forehead
24607.jpg,Normal,103.71,142.83,146.33,-26.98,Type_V,R_Cheek+L_Cheek+Forehead
24608.jpg,Normal,103.65,142.31,156.42,-18.22,Type_V,R_Cheek+L_Cheek+Forehead
24609.jpg,Normal,136.89,128.71,123.19,-37.41,Type_VI,R_Cheek+L_Cheek+Forehead
24612.jpg,Normal,124.56,137.77,139.86,-5.55,Type_V,R_Cheek+Forehead
24739.jpg,Normal,72.82,137.59,136.91,-67.44,Type_VI,R_Cheek+L_Cheek+Forehead
2474.jpg,Normal,80.71,147.43,147.46,-43.31,Type_VI,L_Cheek+Forehead
24740.jpg,Normal,92.32,144.79,146.41,-36.85,Type_VI,L_Cheek+Forehead
24748.jpg,Normal,164.35,151.3,126.54,-84.25,Type_VI,R_Cheek+Forehead
24753.jpg,Normal,56.36,137.9,148.99,-53.05,Type_VI,R_Cheek+L_Cheek+Forehead
24755.jpg,Normal,105.87,145.25,151.35,-19.96,Type_V,R_Cheek+L_Cheek+Forehead
24759.jpg,Normal,98.88,153.57,144.76,-33.8,Type_VI,L_Cheek+Forehead
2476.jpg,Normal,142.89,136.37,151.88,14.19,Type_IV,R_Cheek+L_Cheek+Forehead
24869.jpg,Normal,108.57,144.59,142.42,-27.24,Type_V,R_Cheek+Forehead
24873.jpg,Normal,111.55,148.79,152.34,-14.41,Type_V,R_Cheek+L_Cheek+Forehead
24874.jpg,Normal,77.95,128.0,128.0,-90.0,Type_VI,R_Cheek+L_Cheek+Forehead
24876.jpg,Normal,74.18,144.98,150.36,-43.08,Type_VI,R_Cheek+L_Cheek+Forehead
24883.jpg,Normal,88.17,137.07,140.47,-51.04,Type_VI,R_Cheek+L_Cheek+Forehead
24888.jpg,Normal,98.78,140.91,155.14,-22.54,Type_V,L_Cheek+Forehead
24958.jpg,Normal,47.76,133.35,134.04,-79.07,Type_VI,R_Cheek+L_Cheek+Forehead
2496.jpg,Normal,135.23,154.13,144.16,10.62,Type_IV,R_Cheek+L_Cheek+Forehead
24962.jpg,Normal,101.33,142.74,144.6,-31.72,Type_VI,R_Cheek+L_Cheek+Forehead
24965.jpg,Normal,110.88,147.96,150.43,-16.21,Type_V,R_Cheek+L_Cheek+Forehead
24966.jpg,Normal,68.14,139.62,124.11,80.52,Type_I,L_Cheek+Forehead
24968.jpg,Normal,157.7,148.46,151.18,27.06,Type_IV,R_Cheek+L_Cheek+Forehead
24970.jpg,Normal,157.61,148.23,156.1,22.79,Type_IV,L_Cheek+Forehead
25106.jpg,Normal,208.84,133.14,146.2,60.29,Type_I,R_Cheek+L_Cheek+Forehead
25110.jpg,Normal,38.63,130.82,131.62,-84.07,Type_VI,R_Cheek+L_Cheek+Forehead
25115.jpg,Normal,62.59,142.66,147.28,-52.85,Type_VI,R_Cheek+L_Cheek+Forehead
25121.jpg,Normal,197.49,128.0,128.0,90.0,Type_I,L_Cheek+Forehead
25122.jpg,Normal,34.72,137.94,135.79,-77.92,Type_VI,R_Cheek+L_Cheek+Forehead
25123.jpg,Normal,143.68,143.27,154.27,13.58,Type_IV,R_Cheek+L_Cheek+Forehead
25124.jpg,Normal,129.68,152.85,157.62,1.66,Type_V,R_Cheek+L_Cheek+Forehead
25126.jpg,Normal,114.85,145.05,153.25,-11.11,Type_V,R_Cheek+L_Cheek+Forehead
25212.jpg,Normal,115.1,140.04,134.94,-35.02,Type_VI,R_Cheek+L_Cheek+Forehead
25224.jpg,Normal,144.9,136.19,130.84,67.39,Type_I,L_Cheek+Forehead
25226.jpg,Normal,171.5,139.11,152.43,35.23,Type_III,R_Cheek+L_Cheek+Forehead
25228.jpg,Normal,94.84,144.28,136.66,-55.92,Type_VI,L_Cheek+Forehead
2523.jpg,Normal,94.94,142.9,148.39,-32.05,Type_VI,L_Cheek+Forehead
25237.jpg,Normal,75.68,135.15,127.25,87.9,Type_I,R_Cheek+L_Cheek+Forehead
2524.jpg,Normal,113.62,135.29,140.3,-23.88,Type_V,R_Cheek+L_Cheek+Forehead
25244.jpg,Normal,69.42,154.04,158.67,-36.6,Type_VI,L_Cheek+Forehead
25245.jpg,Normal,102.83,147.77,146.89,-27.11,Type_V,R_Cheek+L_Cheek+Forehead
25268.jpg,Normal,174.4,123.31,141.66,53.41,Type_II,R_Cheek+L_Cheek+Forehead
25304.jpg,Normal,126.77,146.17,157.07,-0.56,Type_V,R_Cheek+Forehead
25305.jpg,Normal,64.11,140.74,141.9,-60.78,Type_VI,R_Cheek+L_Cheek+Forehead
25312.jpg,Normal,95.95,144.36,149.36,-30.07,Type_VI,R_Cheek+L_Cheek+Forehead
25316.jpg,Normal,85.1,145.42,146.6,-41.8,Type_VI,R_Cheek+Forehead
25318.jpg,Normal,155.2,143.37,147.91,28.62,Type_III,R_Cheek+L_Cheek+Forehead
25319.jpg,Normal,112.4,143.62,139.89,-26.48,Type_V,R_Cheek+L_Cheek+Forehead
25404.jpg,Normal,139.68,142.04,143.99,16.64,Type_IV,R_Cheek+L_Cheek+Forehead
25434.jpg,Normal,126.71,165.26,169.54,-0.43,Type_V,L_Cheek+Forehead
25438.jpg,Normal,88.0,143.8,155.84,-29.09,Type_V,L_Cheek+Forehead
25440.jpg,Normal,153.02,145.72,145.83,29.3,Type_III,R_Cheek+L_Cheek+Forehead
25444.jpg,Normal,172.38,138.16,144.86,46.24,Type_II,R_Cheek+L_Cheek+Forehead
25446.jpg,Normal,105.65,136.13,143.5,-28.93,Type_V,R_Cheek+L_Cheek+Forehead
25447.jpg,Normal,104.03,144.95,148.96,-23.7,Type_V,R_Cheek+Forehead
25536.jpg,Normal,118.45,138.81,138.18,-19.23,Type_V,R_Cheek+Forehead
25537.jpg,Normal,164.09,138.23,127.5,-88.01,Type_VI,R_Cheek+Forehead
25540.jpg,Normal,152.3,148.54,157.04,18.52,Type_IV,R_Cheek+Forehead
25549.jpg,Normal,178.4,143.72,148.1,44.8,Type_II,R_Cheek+L_Cheek+Forehead
2556.jpg,Normal,70.0,137.68,136.97,-68.31,Type_VI,R_Cheek+L_Cheek+Forehead
25589.jpg,Normal,160.05,144.72,141.94,42.48,Type_II,R_Cheek+L_Cheek+Forehead
25653.jpg,Normal,96.82,145.64,149.75,-28.95,Type_V,R_Cheek+Forehead
25654.jpg,Normal,87.85,145.39,158.66,-26.89,Type_V,R_Cheek+L_Cheek+Forehead
25656.jpg,Normal,69.96,143.44,149.05,-46.98,Type_VI,R_Cheek+Forehead
25659.jpg,Normal,86.31,135.68,140.45,-52.39,Type_VI,R_Cheek+L_Cheek+Forehead
25665.jpg,Normal,166.89,157.43,173.09,18.91,Type_IV,R_Cheek+L_Cheek+Forehead
25795.jpg,Normal,184.65,139.39,141.58,58.8,Type_I,L_Cheek+Forehead
25796.jpg,Normal,33.55,136.52,140.1,-71.82,Type_VI,R_Cheek+L_Cheek+Forehead
25798.jpg,Normal,24.95,132.0,130.85,-85.95,Type_VI,R_Cheek+Forehead
25804.jpg,Normal,85.11,141.38,140.38,-53.33,Type_VI,R_Cheek+L_Cheek+Forehead
25806.jpg,Normal,137.04,140.1,143.05,13.95,Type_IV,R_Cheek+L_Cheek+Forehead
25807.jpg,Normal,55.94,136.4,135.79,-74.49,Type_VI,R_Cheek+L_Cheek+Forehead
2581.jpg,Normal,68.95,135.47,134.17,-74.96,Type_VI,R_Cheek+L_Cheek+Forehead
25810.jpg,Normal,95.88,150.34,152.33,-27.0,Type_V,R_Cheek+L_Cheek+Forehead
25925.jpg,Normal,139.13,140.66,146.06,14.18,Type_IV,R_Cheek+L_Cheek+Forehead
25926.jpg,Normal,165.02,150.11,153.82,29.67,Type_III,R_Cheek+L_Cheek+Forehead
25928.jpg,Normal,145.97,133.7,139.75,31.65,Type_III,R_Cheek+L_Cheek+Forehead
25930.jpg,Normal,73.52,148.15,143.3,-54.14,Type_VI,R_Cheek+L_Cheek+Forehead
25932.jpg,Normal,114.7,146.59,147.98,-14.11,Type_V,R_Cheek+L_Cheek+Forehead
25935.jpg,Normal,111.38,137.02,133.25,-50.32,Type_VI,R_Cheek+L_Cheek+Forehead
25936.jpg,Normal,63.69,141.92,144.53,-56.55,Type_VI,R_Cheek+L_Cheek+Forehead
25942.jpg,Normal,176.78,135.47,138.65,61.14,Type_I,R_Cheek+L_Cheek+Forehead
25944.jpg,Normal,173.7,145.31,147.14,43.42,Type_II,R_Cheek+L_Cheek+Forehead
25945.jpg,Normal,85.49,139.33,129.01,-86.49,Type_VI,R_Cheek+L_Cheek+Forehead
26024.jpg,Normal,139.49,136.9,153.19,10.57,Type_IV,R_Cheek+Forehead
26028.jpg,Normal,79.61,140.58,137.05,-64.26,Type_VI,R_Cheek+L_Cheek+Forehead
26031.jpg,Normal,92.69,147.55,146.84,-35.93,Type_VI,R_Cheek+Forehead
26032.jpg,Normal,192.14,142.94,104.73,-47.44,Type_VI,R_Cheek+L_Cheek+Forehead
26044.jpg,Normal,161.74,140.5,136.36,58.09,Type_I,R_Cheek+L_Cheek+Forehead
26047.jpg,Normal,101.09,179.09,177.21,-11.89,Type_V,R_Cheek+L_Cheek+Forehead
26048.jpg,Normal,179.68,142.45,149.86,43.11,Type_II,R_Cheek+Forehead
26050.jpg,Normal,159.56,139.74,145.64,35.48,Type_III,R_Cheek+L_Cheek+Forehead
26085.jpg,Normal,174.08,148.13,154.15,34.94,Type_III,R_Cheek+L_Cheek+Forehead
26148.jpg,Normal,148.02,146.06,147.78,22.14,Type_IV,R_Cheek+L_Cheek+Forehead
26149.jpg,Normal,54.08,141.31,140.06,-67.28,Type_VI,R_Cheek+L_Cheek+Forehead
26278.jpg,Normal,112.31,140.34,140.31,-25.82,Type_V,R_Cheek+L_Cheek+Forehead
26281.jpg,Normal,104.52,150.75,149.63,-22.61,Type_V,R_Cheek+L_Cheek+Forehead
26282.jpg,Normal,142.77,142.02,147.18,17.34,Type_IV,L_Cheek+Forehead
26283.jpg,Normal,130.43,145.02,143.65,4.2,Type_V,R_Cheek+L_Cheek+Forehead
26284.jpg,Normal,30.62,136.83,137.36,-76.16,Type_VI,R_Cheek+L_Cheek+Forehead
26288.jpg,Normal,87.34,131.71,131.53,-77.37,Type_VI,R_Cheek+L_Cheek+Forehead
26289.jpg,Normal,60.12,136.2,135.59,-73.97,Type_VI,R_Cheek+Forehead
2629.jpg,Normal,107.11,150.91,137.27,-40.76,Type_VI,R_Cheek+L_Cheek+Forehead
26290.jpg,Normal,96.5,141.07,144.31,-36.7,Type_VI,L_Cheek+Forehead
26292.jpg,Normal,141.74,146.14,153.62,12.3,Type_IV,R_Cheek+L_Cheek+Forehead
26295.jpg,Normal,134.57,140.37,142.01,11.19,Type_IV,R_Cheek+Forehead
26381.jpg,Normal,145.98,149.8,145.75,22.21,Type_IV,R_Cheek+L_Cheek+Forehead
26384.jpg,Normal,120.33,151.4,152.3,-6.6,Type_V,R_Cheek+L_Cheek+Forehead
26390.jpg,Normal,91.12,143.7,140.31,-49.21,Type_VI,R_Cheek+L_Cheek+Forehead
26391.jpg,Normal,97.9,138.64,139.95,-44.18,Type_VI,L_Cheek+Forehead
26396.jpg,Normal,104.97,144.59,145.27,-27.1,Type_V,R_Cheek+L_Cheek+Forehead
26397.jpg,Normal,74.93,136.22,115.62,59.02,Type_I,R_Cheek+Forehead
26401.jpg,Normal,154.86,144.92,149.36,26.67,Type_IV,R_Cheek+L_Cheek+Forehead
26405.jpg,Normal,143.9,147.82,136.49,37.13,Type_III,R_Cheek+L_Cheek+Forehead
26530.jpg,Normal,110.44,142.06,147.12,-19.28,Type_V,R_Cheek+L_Cheek+Forehead
26532.jpg,Normal,145.88,146.3,146.05,21.77,Type_IV,R_Cheek+L_Cheek+Forehead
26533.jpg,Normal,72.96,153.87,155.57,-37.8,Type_VI,R_Cheek+L_Cheek+Forehead
26544.jpg,Normal,121.43,143.71,139.21,-12.0,Type_V,R_Cheek+L_Cheek+Forehead
26545.jpg,Normal,99.54,150.24,155.03,-22.07,Type_V,L_Cheek+Forehead
26561.jpg,Normal,138.98,147.78,146.55,13.64,Type_IV,R_Cheek+L_Cheek+Forehead
26562.jpg,Normal,145.8,139.76,135.41,44.08,Type_II,R_Cheek+L_Cheek+Forehead
2661.jpg,Normal,53.42,144.21,147.14,-56.61,Type_VI,L_Cheek+Forehead
26686.jpg,Normal,112.86,140.77,139.62,-26.3,Type_V,R_Cheek+L_Cheek+Forehead
26687.jpg,Normal,144.31,138.79,139.57,29.67,Type_III,L_Cheek+Forehead
26833.jpg,Normal,139.93,141.78,146.37,14.86,Type_IV,R_Cheek+L_Cheek+Forehead
26834.jpg,Normal,51.63,139.51,147.31,-57.01,Type_VI,R_Cheek+L_Cheek+Forehead
26835.jpg,Normal,90.93,138.91,138.7,-53.28,Type_VI,R_Cheek+L_Cheek+Forehead
26837.jpg,Normal,75.19,144.32,156.19,-36.05,Type_VI,R_Cheek+L_Cheek+Forehead
26840.jpg,Normal,121.67,145.76,142.2,-9.16,Type_V,L_Cheek+Forehead
26843.jpg,Normal,96.0,139.03,144.58,-36.69,Type_VI,L_Cheek+Forehead
26909.jpg,Normal,136.97,148.39,144.84,12.43,Type_IV,R_Cheek+L_Cheek+Forehead
26915.jpg,Normal,133.54,143.98,160.26,4.2,Type_V,R_Cheek+L_Cheek+Forehead
26919.jpg,Normal,142.09,142.89,142.98,20.9,Type_IV,R_Cheek+L_Cheek+Forehead
2692.jpg,Normal,145.99,147.81,142.26,26.94,Type_IV,R_Cheek+L_Cheek+Forehead
26923.jpg,Normal,165.43,148.28,135.79,62.36,Type_I,R_Cheek+L_Cheek+Forehead
26925.jpg,Normal,129.65,147.62,149.53,2.25,Type_V,R_Cheek+L_Cheek+Forehead
26998.jpg,Normal,112.53,147.98,139.58,-26.89,Type_V,R_Cheek+L_Cheek+Forehead
27000.jpg,Normal,126.04,135.96,139.81,-2.77,Type_V,R_Cheek+L_Cheek+Forehead
27002.jpg,Normal,159.0,145.02,151.12,28.11,Type_III,R_Cheek+L_Cheek+Forehead
27010.jpg,Normal,147.56,146.92,148.61,20.89,Type_IV,R_Cheek+L_Cheek+Forehead
27014.jpg,Normal,150.58,144.23,144.63,28.56,Type_III,R_Cheek+L_Cheek+Forehead
27016.jpg,Normal,83.07,136.84,137.68,-60.94,Type_VI,R_Cheek+L_Cheek+Forehead
2709.jpg,Normal,96.88,148.0,155.19,-23.83,Type_V,L_Cheek+Forehead
271.jpg,Normal,126.72,142.59,138.24,-1.72,Type_V,R_Cheek+L_Cheek+Forehead
27101.jpg,Normal,115.15,144.44,140.01,-21.97,Type_V,R_Cheek+L_Cheek+Forehead
27187.jpg,Normal,118.22,165.16,176.09,-4.33,Type_V,R_Cheek+L_Cheek+Forehead
27191.jpg,Normal,136.71,143.26,145.22,11.85,Type_IV,R_Cheek+L_Cheek+Forehead
2720.jpg,Normal,73.2,147.97,144.71,-51.88,Type_VI,R_Cheek+L_Cheek+Forehead
27201.jpg,Normal,96.32,132.91,138.16,-50.28,Type_VI,R_Cheek+L_Cheek+Forehead
27203.jpg,Normal,75.28,138.43,144.66,-50.87,Type_VI,R_Cheek+L_Cheek+Forehead
27287.jpg,Normal,125.38,141.17,139.87,-4.0,Type_V,R_Cheek+L_Cheek+Forehead
27288.jpg,Normal,100.46,149.12,149.68,-26.06,Type_V,R_Cheek+L_Cheek+Forehead
27289.jpg,Normal,139.97,144.19,140.5,21.36,Type_IV,R_Cheek+L_Cheek+Forehead
27298.jpg,Normal,93.23,139.68,139.61,-49.18,Type_VI,R_Cheek+Forehead
27301.jpg,Normal,95.66,137.8,134.03,-64.24,Type_VI,R_Cheek+Forehead
27302.jpg,Normal,143.31,142.46,142.31,23.43,Type_IV,R_Cheek+L_Cheek+Forehead
27303.jpg,Normal,103.24,138.09,138.39,-42.48,Type_VI,R_Cheek+Forehead
27305.jpg,Normal,129.59,141.37,143.75,2.99,Type_V,R_Cheek+L_Cheek+Forehead
27360.jpg,Normal,91.59,144.14,137.05,-57.28,Type_VI,R_Cheek+L_Cheek+Forehead
27386.jpg,Normal,56.77,136.04,140.44,-65.84,Type_VI,R_Cheek+L_Cheek+Forehead
27394.jpg,Normal,144.12,144.34,166.02,9.72,Type_V,R_Cheek+Forehead
27397.jpg,Normal,136.42,142.92,141.79,14.23,Type_IV,R_Cheek+L_Cheek+Forehead
27398.jpg,Normal,97.1,140.85,137.32,-51.97,Type_VI,L_Cheek+Forehead
27403.jpg,Normal,101.34,131.86,145.23,-30.76,Type_VI,L_Cheek+Forehead
27461.jpg,Normal,71.88,133.85,133.91,-74.84,Type_VI,R_Cheek+L_Cheek+Forehead
27492.jpg,Normal,42.88,138.44,136.83,-75.1,Type_VI,R_Cheek+Forehead
27528.jpg,Normal,93.74,152.56,166.69,-18.89,Type_V,R_Cheek+L_Cheek+Forehead
27565.jpg,Normal,107.87,145.42,154.05,-16.46,Type_V,L_Cheek+Forehead
276.jpg,Normal,90.52,137.31,129.43,-84.36,Type_VI,R_Cheek+L_Cheek+Forehead
2760.jpg,Normal,88.14,145.47,147.91,-37.78,Type_VI,R_Cheek+L_Cheek+Forehead
27604.jpg,Normal,186.7,130.8,138.53,65.6,Type_I,R_Cheek+L_Cheek+Forehead
27609.jpg,Normal,128.66,136.15,147.94,1.3,Type_V,R_Cheek+L_Cheek+Forehead
27610.jpg,Normal,167.65,147.54,151.88,33.4,Type_III,R_Cheek+Forehead
27615.jpg,Normal,203.46,139.42,144.92,60.41,Type_I,R_Cheek+L_Cheek+Forehead
27616.jpg,Normal,110.6,142.66,140.71,-27.53,Type_V,R_Cheek+Forehead
2762.jpg,Normal,99.91,147.23,150.34,-25.84,Type_V,L_Cheek+Forehead
27620.jpg,Normal,130.28,146.48,141.81,4.52,Type_V,R_Cheek+L_Cheek+Forehead
27621.jpg,Normal,142.55,142.39,144.99,19.15,Type_IV,R_Cheek+L_Cheek+Forehead
27622.jpg,Normal,147.27,148.82,146.67,22.56,Type_IV,R_Cheek+L_Cheek+Forehead
27625.jpg,Normal,120.36,144.87,155.71,-5.77,Type_V,R_Cheek+L_Cheek+Forehead
27627.jpg,Normal,109.64,147.0,144.53,-22.95,Type_V,R_Cheek+Forehead
27655.jpg,Normal,44.65,145.4,143.89,-63.93,Type_VI,R_Cheek+Forehead
27709.jpg,Normal,81.36,138.75,136.39,-65.12,Type_VI,R_Cheek+L_Cheek+Forehead
2771.jpg,Normal,86.52,137.92,144.54,-44.18,Type_VI,R_Cheek+L_Cheek+Forehead
27711.jpg,Normal,96.74,132.34,153.34,-25.46,Type_V,R_Cheek+L_Cheek+Forehead
27715.jpg,Normal,84.94,142.49,141.94,-50.14,Type_VI,R_Cheek+Forehead
27719.jpg,Normal,123.34,153.77,169.53,-2.25,Type_V,R_Cheek+L_Cheek+Forehead
27720.jpg,Normal,86.41,136.92,140.6,-51.98,Type_VI,R_Cheek+L_Cheek+Forehead
27725.jpg,Normal,114.53,142.54,151.89,-12.02,Type_V,R_Cheek+Forehead
27836.jpg,Normal,131.61,147.28,149.63,4.26,Type_V,R_Cheek+L_Cheek+Forehead
27840.jpg,Normal,123.35,140.43,136.38,-10.98,Type_V,R_Cheek+L_Cheek+Forehead
27841.jpg,Normal,119.05,150.35,150.79,-8.28,Type_V,R_Cheek+L_Cheek+Forehead
27846.jpg,Normal,110.03,145.21,138.99,-31.93,Type_VI,R_Cheek+L_Cheek+Forehead
27852.jpg,Normal,92.98,148.53,150.49,-31.05,Type_VI,R_Cheek+L_Cheek+Forehead
27858.jpg,Normal,149.17,142.84,139.6,36.22,Type_III,R_Cheek+L_Cheek+Forehead
27952.jpg,Normal,155.99,141.99,138.88,45.77,Type_II,R_Cheek+L_Cheek+Forehead
27953.jpg,Normal,72.97,129.04,136.82,-67.58,Type_VI,R_Cheek+Forehead
27954.jpg,Normal,140.82,173.21,148.39,14.37,Type_IV,R_Cheek+L_Cheek+Forehead
27955.jpg,Normal,118.59,130.85,137.03,-21.15,Type_V,R_Cheek+L_Cheek+Forehead
27956.jpg,Normal,159.25,147.59,152.66,26.79,Type_IV,R_Cheek+L_Cheek+Forehead
2796.jpg,Normal,127.77,143.4,145.91,0.34,Type_V,R_Cheek+L_Cheek+Forehead
27960.jpg,Normal,106.06,140.23,150.18,-20.76,Type_V,R_Cheek+L_Cheek+Forehead
27961.jpg,Normal,112.27,128.69,145.87,-18.48,Type_V,R_Cheek+Forehead
27963.jpg,Normal,69.9,132.19,130.33,-84.1,Type_VI,R_Cheek+Forehead
28023.jpg,Normal,66.58,135.57,139.74,-63.83,Type_VI,R_Cheek+L_Cheek+Forehead
28024.jpg,Normal,151.25,139.38,141.75,34.11,Type_III,R_Cheek+Forehead
28035.jpg,Normal,125.52,149.39,148.9,-2.13,Type_V,R_Cheek+L_Cheek+Forehead
28044.jpg,Normal,206.35,140.41,142.61,64.71,Type_I,L_Cheek+Forehead
28047.jpg,Normal,74.08,141.65,145.85,-49.57,Type_VI,R_Cheek+Forehead
28122.jpg,Normal,99.45,147.47,151.04,-25.52,Type_V,R_Cheek+L_Cheek+Forehead
28124.jpg,Normal,108.33,146.77,159.29,-13.51,Type_V,R_Cheek+L_Cheek+Forehead
28130.jpg,Normal,86.5,145.04,142.29,-48.37,Type_VI,R_Cheek+L_Cheek+Forehead
28233.jpg,Normal,148.84,143.81,150.43,20.46,Type_IV,R_Cheek+L_Cheek+Forehead
28236.jpg,Normal,64.01,144.34,149.37,-49.36,Type_VI,R_Cheek+Forehead
2831.jpg,Normal,85.44,138.63,136.73,-62.1,Type_VI,R_Cheek+L_Cheek+Forehead
28311.jpg,Normal,144.86,147.77,157.86,12.84,Type_IV,R_Cheek+L_Cheek+Forehead
28313.jpg,Normal,81.69,138.61,136.83,-63.83,Type_VI,R_Cheek+L_Cheek+Forehead
28315.jpg,Normal,50.06,139.76,141.46,-66.1,Type_VI,R_Cheek+L_Cheek+Forehead
28318.jpg,Normal,115.71,145.1,147.0,-13.67,Type_V,R_Cheek+L_Cheek+Forehead
28320.jpg,Normal,56.84,137.91,144.96,-58.53,Type_VI,R_Cheek+Forehead
28322.jpg,Normal,169.19,138.78,134.85,67.26,Type_I,L_Cheek+Forehead
28323.jpg,Normal,66.87,140.12,148.66,-49.01,Type_VI,R_Cheek+Forehead
2833.jpg,Normal,130.28,142.4,144.85,3.7,Type_V,R_Cheek+L_Cheek+Forehead
28334.jpg,Normal,109.87,156.19,168.58,-9.67,Type_V,R_Cheek+L_Cheek+Forehead
28410.jpg,Normal,153.25,144.58,144.83,30.97,Type_III,R_Cheek+L_Cheek+Forehead
28412.jpg,Normal,75.03,141.96,150.25,-42.76,Type_VI,L_Cheek+Forehead
28416.jpg,Normal,101.39,143.93,146.22,-29.34,Type_V,R_Cheek+L_Cheek+Forehead
28417.jpg,Normal,146.1,149.36,154.13,15.59,Type_IV,R_Cheek+L_Cheek+Forehead
28418.jpg,Normal,115.17,139.63,156.51,-9.63,Type_V,R_Cheek+L_Cheek+Forehead
28420.jpg,Normal,149.54,127.4,133.03,59.79,Type_I,R_Cheek+L_Cheek+Forehead
28423.jpg,Normal,96.17,139.51,146.21,-34.0,Type_VI,R_Cheek+L_Cheek+Forehead
28522.jpg,Normal,97.65,145.4,143.4,-37.24,Type_VI,R_Cheek+Forehead
28523.jpg,Normal,75.02,143.05,130.92,-81.92,Type_VI,R_Cheek+L_Cheek+Forehead
28530.jpg,Normal,113.57,140.0,143.5,-19.41,Type_V,R_Cheek+L_Cheek+Forehead
28531.jpg,Normal,57.61,135.57,137.36,-71.14,Type_VI,R_Cheek+L_Cheek+Forehead
28536.jpg,Normal,137.7,144.88,141.65,16.33,Type_IV,L_Cheek+Forehead
28537.jpg,Normal,27.27,138.36,137.51,-76.4,Type_VI,R_Cheek+L_Cheek+Forehead
28601.jpg,Normal,123.82,135.92,136.22,-9.95,Type_V,R_Cheek+L_Cheek+Forehead
28607.jpg,Normal,111.87,156.39,152.3,-14.15,Type_V,R_Cheek+L_Cheek+Forehead
28611.jpg,Normal,55.5,136.42,142.48,-62.85,Type_VI,R_Cheek+L_Cheek+Forehead
28616.jpg,Normal,91.27,143.54,144.3,-41.09,Type_VI,R_Cheek+L_Cheek+Forehead
28619.jpg,Normal,197.4,141.85,141.83,63.23,Type_I,R_Cheek+L_Cheek+Forehead
28690.jpg,Normal,76.01,140.14,137.66,-64.42,Type_VI,R_Cheek+L_Cheek+Forehead
28691.jpg,Normal,77.13,136.77,146.82,-46.39,Type_VI,R_Cheek+L_Cheek+Forehead
28692.jpg,Normal,108.61,138.05,141.27,-29.16,Type_V,L_Cheek+Forehead
28693.jpg,Normal,162.83,137.98,147.28,35.7,Type_III,R_Cheek+L_Cheek+Forehead
28695.jpg,Normal,104.9,137.3,144.24,-28.63,Type_V,R_Cheek+L_Cheek+Forehead
28699.jpg,Normal,88.05,137.92,142.61,-46.63,Type_VI,R_Cheek+L_Cheek+Forehead
2870.jpg,Normal,67.75,136.52,137.48,-67.97,Type_VI,R_Cheek+L_Cheek+Forehead
28702.jpg,Normal,124.73,139.23,165.56,-1.66,Type_V,R_Cheek+L_Cheek+Forehead
28703.jpg,Normal,69.3,141.8,143.2,-56.33,Type_VI,R_Cheek+Forehead
28704.jpg,Normal,125.23,148.34,128.43,-64.18,Type_VI,L_Cheek+Forehead
28707.jpg,Normal,219.81,135.69,142.68,67.93,Type_I,R_Cheek+L_Cheek+Forehead
28714.jpg,Normal,60.38,138.22,139.97,-65.55,Type_VI,R_Cheek+L_Cheek+Forehead
2884.jpg,Normal,82.9,130.11,121.39,69.28,Type_I,R_Cheek+L_Cheek+Forehead
28842.jpg,Normal,156.43,142.13,141.21,40.65,Type_III,R_Cheek+L_Cheek+Forehead
28844.jpg,Normal,118.55,149.22,166.21,-5.25,Type_V,R_Cheek+L_Cheek+Forehead
28849.jpg,Normal,129.42,140.53,148.03,2.16,Type_V,R_Cheek+Forehead
2885.jpg,Normal,126.98,147.03,146.77,-0.62,Type_V,R_Cheek+L_Cheek+Forehead
28852.jpg,Normal,75.54,145.11,151.62,-40.78,Type_VI,R_Cheek+Forehead
2886.jpg,Normal,38.03,138.53,137.89,-74.27,Type_VI,L_Cheek+Forehead
28863.jpg,Normal,106.01,142.19,142.7,-29.82,Type_V,R_Cheek+L_Cheek+Forehead
2887.jpg,Normal,141.99,138.31,153.23,12.69,Type_IV,R_Cheek+Forehead
28871.jpg,Normal,136.96,142.42,147.16,10.96,Type_IV,R_Cheek+L_Cheek+Forehead
28942.jpg,Normal,138.44,144.21,149.9,11.08,Type_IV,R_Cheek+Forehead
28950.jpg,Normal,128.28,138.57,140.26,1.44,Type_V,R_Cheek+L_Cheek+Forehead
28953.jpg,Normal,87.97,145.84,151.95,-32.91,Type_VI,R_Cheek+Forehead
28955.jpg,Normal,88.59,146.38,138.85,-54.58,Type_VI,R_Cheek+L_Cheek+Forehead
29028.jpg,Normal,114.03,149.38,152.63,-12.11,Type_V,R_Cheek+L_Cheek+Forehead
29029.jpg,Normal,163.18,148.93,157.99,25.01,Type_IV,R_Cheek+L_Cheek+Forehead
29032.jpg,Normal,140.94,147.84,162.05,8.8,Type_V,L_Cheek+Forehead
29034.jpg,Normal,92.85,139.63,138.87,-51.35,Type_VI,R_Cheek+L_Cheek+Forehead
29039.jpg,Normal,117.78,145.8,142.37,-14.86,Type_V,R_Cheek+L_Cheek+Forehead
29042.jpg,Normal,92.08,139.67,149.32,-33.09,Type_VI,R_Cheek+L_Cheek+Forehead
29043.jpg,Normal,89.7,144.6,151.92,-31.79,Type_VI,L_Cheek+Forehead
29091.jpg,Normal,93.37,136.04,135.95,-59.29,Type_VI,R_Cheek+L_Cheek+Forehead
29113.jpg,Normal,130.72,144.19,138.34,6.96,Type_V,L_Cheek+Forehead
29127.jpg,Normal,204.42,137.87,147.88,56.62,Type_I,L_Cheek+Forehead
29153.jpg,Normal,182.44,144.26,152.87,40.91,Type_III,R_Cheek+L_Cheek+Forehead
29225.jpg,Normal,113.14,141.15,145.9,-17.47,Type_V,R_Cheek+L_Cheek+Forehead
29226.jpg,Normal,125.62,143.77,142.65,-2.88,Type_V,R_Cheek+L_Cheek+Forehead
29231.jpg,Normal,155.37,141.68,144.13,34.11,Type_III,R_Cheek+L_Cheek+Forehead
29233.jpg,Normal,87.68,132.52,138.52,-56.03,Type_VI,R_Cheek+L_Cheek+Forehead
29241.jpg,Normal,109.95,135.23,139.29,-31.35,Type_VI,R_Cheek+Forehead
2925.jpg,Normal,56.41,140.77,142.06,-63.23,Type_VI,R_Cheek+Forehead
29267.jpg,Normal,83.8,138.44,134.67,-68.74,Type_VI,R_Cheek+L_Cheek+Forehead
29298.jpg,Normal,110.1,128.0,128.0,-89.99,Type_VI,R_Cheek+L_Cheek+Forehead
293.jpg,Normal,95.31,143.31,141.93,-42.19,Type_VI,R_Cheek+L_Cheek+Forehead
29300.jpg,Normal,61.86,147.63,137.55,-69.64,Type_VI,R_Cheek+Forehead
29313.jpg,Normal,140.76,146.01,147.53,14.9,Type_IV,R_Cheek+L_Cheek+Forehead
29314.jpg,Normal,86.43,160.37,157.43,-28.69,Type_V,R_Cheek+L_Cheek+Forehead
29339.jpg,Normal,109.8,144.53,150.08,-17.46,Type_V,L_Cheek+Forehead
29399.jpg,Normal,159.31,142.84,152.51,26.98,Type_IV,R_Cheek+L_Cheek+Forehead
294.jpg,Normal,96.26,147.13,153.18,-25.95,Type_V,R_Cheek+L_Cheek+Forehead
29400.jpg,Normal,115.45,141.83,141.44,-19.38,Type_V,R_Cheek+L_Cheek+Forehead
29401.jpg,Normal,78.25,142.49,137.21,-64.5,Type_VI,R_Cheek+Forehead
29402.jpg,Normal,127.47,139.88,138.62,-0.06,Type_V,R_Cheek+L_Cheek+Forehead
29403.jpg,Normal,68.05,138.27,131.07,-82.5,Type_VI,R_Cheek+L_Cheek+Forehead
29411.jpg,Normal,90.4,140.57,140.71,-48.87,Type_VI,R_Cheek+L_Cheek+Forehead
29413.jpg,Normal,78.74,127.98,135.68,-68.12,Type_VI,L_Cheek+Forehead
29524.jpg,Normal,105.6,142.2,136.59,-45.01,Type_VI,R_Cheek+Forehead
29525.jpg,Normal,122.65,128.0,128.0,-89.97,Type_VI,L_Cheek+Forehead
29530.jpg,Normal,81.82,144.46,143.09,-49.89,Type_VI,R_Cheek+L_Cheek+Forehead
29532.jpg,Normal,111.09,138.44,144.03,-21.88,Type_V,R_Cheek+L_Cheek+Forehead
29534.jpg,Normal,115.32,133.57,138.9,-23.66,Type_V,R_Cheek+L_Cheek+Forehead
29603.jpg,Normal,82.97,160.1,166.64,-24.32,Type_V,R_Cheek+L_Cheek+Forehead
29606.jpg,Normal,125.03,141.3,145.47,-3.18,Type_V,R_Cheek+L_Cheek+Forehead
29610.jpg,Normal,91.33,140.73,139.57,-50.8,Type_VI,R_Cheek+L_Cheek+Forehead
29611.jpg,Normal,97.99,135.74,143.81,-36.21,Type_VI,L_Cheek+Forehead
29612.jpg,Normal,163.28,146.27,149.64,32.96,Type_III,R_Cheek+L_Cheek+Forehead
29618.jpg,Normal,116.9,128.0,128.0,-89.99,Type_VI,R_Cheek+L_Cheek+Forehead
29686.jpg,Normal,62.19,143.43,147.51,-52.71,Type_VI,L_Cheek+Forehead
29687.jpg,Normal,123.11,137.01,140.0,-8.15,Type_V,L_Cheek+Forehead
29689.jpg,Normal,125.46,143.1,146.55,-2.47,Type_V,R_Cheek+L_Cheek+Forehead
29692.jpg,Normal,154.73,150.05,156.59,20.48,Type_IV,R_Cheek+L_Cheek+Forehead
29693.jpg,Normal,174.42,128.0,128.0,90.0,Type_I,R_Cheek+L_Cheek+Forehead
29699.jpg,Normal,34.48,139.94,143.71,-66.7,Type_VI,R_Cheek+L_Cheek+Forehead
2970.jpg,Normal,102.44,140.53,140.32,-38.58,Type_VI,R_Cheek+Forehead
29768.jpg,Normal,93.85,157.49,153.19,-27.65,Type_V,L_Cheek+Forehead
2977.jpg,Normal,58.14,140.87,143.42,-60.45,Type_VI,L_Cheek+Forehead
29770.jpg,Normal,121.97,144.22,142.08,-8.75,Type_V,R_Cheek+L_Cheek+Forehead
29777.jpg,Normal,121.86,161.21,145.14,-7.36,Type_V,R_Cheek+Forehead
29864.jpg,Normal,192.02,141.19,147.33,52.62,Type_II,R_Cheek+L_Cheek+Forehead
29865.jpg,Normal,142.58,141.3,148.27,16.27,Type_IV,R_Cheek+L_Cheek+Forehead
29962.jpg,Normal,62.18,141.77,144.63,-57.0,Type_VI,R_Cheek+L_Cheek+Forehead
29963.jpg,Normal,29.88,135.38,140.65,-71.72,Type_VI,R_Cheek+Forehead
29967.jpg,Normal,90.35,137.57,139.56,-51.57,Type_VI,R_Cheek+L_Cheek+Forehead
29970.jpg,Normal,116.7,144.23,157.19,-8.25,Type_V,R_Cheek+L_Cheek+Forehead
29982.jpg,Normal,128.35,145.61,150.01,0.87,Type_V,R_Cheek+L_Cheek+Forehead
29987.jpg,Normal,139.45,136.64,130.87,58.55,Type_I,R_Cheek+Forehead
30082.jpg,Normal,176.14,128.0,128.0,90.0,Type_I,R_Cheek+L_Cheek+Forehead
30086.jpg,Normal,194.36,135.38,136.48,72.08,Type_I,R_Cheek+L_Cheek+Forehead
30088.jpg,Normal,145.35,147.91,152.63,15.86,Type_IV,L_Cheek+Forehead
3009.jpg,Normal,95.12,141.28,142.94,-40.36,Type_VI,R_Cheek+Forehead
30096.jpg,Normal,151.03,135.05,147.09,25.8,Type_IV,R_Cheek+Forehead
301.jpg,Normal,75.23,138.8,140.22,-59.2,Type_VI,R_Cheek+L_Cheek+Forehead
30102.jpg,Normal,51.3,137.28,135.78,-75.41,Type_VI,R_Cheek+L_Cheek+Forehead
30207.jpg,Normal,94.76,139.99,143.56,-39.53,Type_VI,R_Cheek+Forehead
30209.jpg,Normal,170.25,139.22,139.29,56.05,Type_I,L_Cheek+Forehead
3021.jpg,Normal,70.86,144.29,138.82,-64.02,Type_VI,R_Cheek+L_Cheek+Forehead
30210.jpg,Normal,97.85,147.83,140.8,-42.25,Type_VI,R_Cheek+L_Cheek+Forehead
30211.jpg,Normal,107.54,142.29,139.34,-34.61,Type_VI,L_Cheek+Forehead
3022.jpg,Normal,161.07,140.86,130.58,78.93,Type_I,L_Cheek+Forehead
30222.jpg,Normal,143.41,147.25,148.51,16.92,Type_IV,R_Cheek+Forehead
30291.jpg,Normal,60.21,136.9,134.69,-75.78,Type_VI,R_Cheek+L_Cheek+Forehead
30296.jpg,Normal,75.01,143.2,136.84,-66.76,Type_VI,R_Cheek+Forehead
30297.jpg,Normal,118.91,128.31,130.3,-55.68,Type_VI,L_Cheek+Forehead
30300.jpg,Normal,96.95,137.83,144.44,-36.07,Type_VI,R_Cheek+L_Cheek+Forehead
30301.jpg,Normal,73.8,152.95,158.59,-34.55,Type_VI,L_Cheek+Forehead
30302.jpg,Normal,130.2,148.01,150.77,2.66,Type_V,R_Cheek+Forehead
30303.jpg,Normal,157.25,138.8,142.04,39.73,Type_III,R_Cheek+Forehead
30306.jpg,Normal,64.6,144.52,138.55,-66.84,Type_VI,R_Cheek+L_Cheek+Forehead
30382.jpg,Normal,142.96,142.59,148.27,16.65,Type_IV,R_Cheek+Forehead
30387.jpg,Normal,122.36,146.76,160.13,-3.59,Type_V,L_Cheek+Forehead
30389.jpg,Normal,86.93,141.39,144.25,-44.4,Type_VI,R_Cheek+L_Cheek+Forehead
30395.jpg,Normal,116.34,147.29,143.35,-15.91,Type_V,R_Cheek+Forehead
30497.jpg,Normal,39.28,136.71,137.92,-73.99,Type_VI,R_Cheek+L_Cheek+Forehead
30499.jpg,Normal,87.28,144.11,136.61,-61.39,Type_VI,R_Cheek+L_Cheek+Forehead
30503.jpg,Normal,78.98,142.0,142.04,-53.59,Type_VI,R_Cheek+L_Cheek+Forehead
30624.jpg,Normal,75.76,140.86,142.96,-53.6,Type_VI,R_Cheek+L_Cheek+Forehead
30626.jpg,Normal,126.15,144.7,143.87,-1.91,Type_V,R_Cheek+Forehead
30636.jpg,Normal,139.52,143.72,145.26,15.28,Type_IV,R_Cheek+L_Cheek+Forehead
3064.jpg,Normal,138.87,141.27,161.19,7.65,Type_V,R_Cheek+L_Cheek+Forehead
30640.jpg,Normal,94.14,134.42,140.33,-46.71,Type_VI,R_Cheek+L_Cheek+Forehead
30642.jpg,Normal,99.55,144.78,159.76,-19.04,Type_V,R_Cheek+L_Cheek+Forehead
3065.jpg,Normal,169.07,142.54,153.34,32.75,Type_III,R_Cheek+L_Cheek+Forehead
30651.jpg,Normal,102.32,141.59,144.98,-30.18,Type_VI,R_Cheek+Forehead
30743.jpg,Normal,109.99,143.28,149.41,-17.79,Type_V,L_Cheek+Forehead
30754.jpg,Normal,85.79,148.76,152.28,-33.96,Type_VI,R_Cheek+L_Cheek+Forehead
30862.jpg,Normal,126.4,136.33,131.7,-6.67,Type_V,R_Cheek+L_Cheek+Forehead
30943.jpg,Normal,29.19,131.87,133.1,-82.47,Type_VI,R_Cheek+L_Cheek+Forehead
3095.jpg,Normal,136.84,155.59,158.38,6.88,Type_V,R_Cheek+Forehead
30955.jpg,Normal,42.78,137.51,127.39,88.95,Type_I,R_Cheek+L_Cheek+Forehead
3096.jpg,Normal,125.47,146.59,153.24,-1.81,Type_V,R_Cheek+L_Cheek+Forehead
30971.jpg,Normal,52.99,144.7,137.85,-71.38,Type_VI,R_Cheek+L_Cheek+Forehead
30972.jpg,Normal,78.8,141.19,153.15,-37.21,Type_VI,L_Cheek+Forehead
30973.jpg,Normal,98.94,141.44,138.94,-45.68,Type_VI,R_Cheek+L_Cheek+Forehead
31043.jpg,Normal,146.6,134.72,138.31,35.99,Type_III,R_Cheek+L_Cheek+Forehead
31044.jpg,Normal,130.79,133.66,138.92,6.74,Type_V,R_Cheek+L_Cheek+Forehead
31045.jpg,Normal,122.69,160.12,177.27,-2.19,Type_V,L_Cheek+Forehead
31047.jpg,Normal,125.74,144.4,139.66,-3.38,Type_V,R_Cheek+L_Cheek+Forehead
31051.jpg,Normal,81.78,145.03,157.6,-31.21,Type_VI,R_Cheek+Forehead
31057.jpg,Normal,118.13,146.19,148.56,-10.13,Type_V,R_Cheek+Forehead
3106.jpg,Normal,107.53,140.17,142.38,-28.58,Type_V,R_Cheek+L_Cheek+Forehead
31136.jpg,Normal,38.73,133.02,136.58,-76.15,Type_VI,R_Cheek+L_Cheek+Forehead
31149.jpg,Normal,68.63,137.46,147.5,-49.81,Type_VI,R_Cheek+L_Cheek+Forehead
3121.jpg,Normal,159.13,141.25,151.28,28.06,Type_III,R_Cheek+Forehead
31216.jpg,Normal,112.19,155.88,147.71,-16.94,Type_V,R_Cheek+L_Cheek+Forehead
31220.jpg,Normal,123.64,145.39,148.67,-4.19,Type_V,L_Cheek+Forehead
31222.jpg,Normal,53.42,136.51,136.61,-73.49,Type_VI,R_Cheek+L_Cheek+Forehead
31223.jpg,Normal,113.51,151.6,145.78,-17.14,Type_V,R_Cheek+L_Cheek+Forehead
31226.jpg,Normal,112.75,139.81,140.97,-24.03,Type_V,R_Cheek+L_Cheek+Forehead
31334.jpg,Normal,138.51,156.12,119.61,-27.22,Type_V,R_Cheek+L_Cheek+Forehead
31336.jpg,Normal,50.8,132.97,131.02,-84.27,Type_VI,R_Cheek+L_Cheek+Forehead
31337.jpg,Normal,140.41,149.91,162.87,8.26,Type_V,L_Cheek+Forehead
31343.jpg,Normal,91.82,138.06,142.03,-44.92,Type_VI,R_Cheek+Forehead
31354.jpg,Normal,50.37,138.82,141.81,-65.46,Type_VI,R_Cheek+L_Cheek+Forehead
31522.jpg,Normal,77.08,141.79,139.62,-59.56,Type_VI,R_Cheek+L_Cheek+Forehead
31524.jpg,Normal,113.66,144.04,148.05,-15.15,Type_V,R_Cheek+L_Cheek+Forehead
31529.jpg,Normal,127.22,144.68,151.11,-0.27,Type_V,R_Cheek+L_Cheek+Forehead
31544.jpg,Normal,99.32,143.78,146.74,-30.52,Type_VI,L_Cheek+Forehead
31546.jpg,Normal,67.01,132.79,131.47,-81.68,Type_VI,R_Cheek+L_Cheek+Forehead
31548.jpg,Normal,132.39,140.65,153.18,4.36,Type_V,L_Cheek+Forehead
31550.jpg,Normal,185.03,139.26,152.21,42.98,Type_II,L_Cheek+Forehead
31670.jpg,Normal,151.09,141.25,144.62,29.1,Type_III,R_Cheek+L_Cheek+Forehead
31673.jpg,Normal,113.62,143.22,141.5,-21.97,Type_V,L_Cheek+Forehead
31674.jpg,Normal,131.15,140.37,146.74,4.37,Type_V,L_Cheek+Forehead
3168.jpg,Normal,172.96,144.02,161.45,28.06,Type_III,L_Cheek+Forehead
31682.jpg,Normal,71.5,139.91,137.34,-66.96,Type_VI,R_Cheek+L_Cheek+Forehead
31688.jpg,Normal,136.07,143.23,152.63,7.77,Type_V,L_Cheek+Forehead
31690.jpg,Normal,110.88,136.18,137.27,-35.12,Type_VI,L_Cheek+Forehead
3181.jpg,Normal,163.69,148.79,146.94,36.84,Type_III,R_Cheek+Forehead
31817.jpg,Normal,89.95,147.32,143.8,-42.98,Type_VI,R_Cheek+L_Cheek+Forehead
31825.jpg,Normal,126.16,151.55,156.76,-1.05,Type_V,R_Cheek+L_Cheek+Forehead
31924.jpg,Normal,147.82,145.39,143.48,27.23,Type_IV,R_Cheek+L_Cheek+Forehead
31927.jpg,Normal,126.14,146.91,152.28,-1.26,Type_V,R_Cheek+L_Cheek+Forehead
31928.jpg,Normal,95.15,138.85,137.79,-52.33,Type_VI,R_Cheek+L_Cheek+Forehead
31930.jpg,Normal,106.05,146.38,145.95,-25.1,Type_V,R_Cheek+L_Cheek+Forehead
31933.jpg,Normal,128.8,149.9,153.28,1.15,Type_V,R_Cheek+L_Cheek+Forehead
31940.jpg,Normal,112.24,142.49,146.34,-18.07,Type_V,R_Cheek+Forehead
31942.jpg,Normal,105.58,135.99,148.67,-22.58,Type_V,R_Cheek+L_Cheek+Forehead
32082.jpg,Normal,108.03,143.06,148.69,-20.25,Type_V,R_Cheek+L_Cheek+Forehead
3209.jpg,Normal,139.67,140.28,147.36,13.85,Type_IV,R_Cheek+Forehead
32090.jpg,Normal,85.08,148.06,153.5,-33.12,Type_VI,R_Cheek+L_Cheek+Forehead
32091.jpg,Normal,123.47,141.16,139.98,-7.51,Type_V,R_Cheek+Forehead
32094.jpg,Normal,140.27,139.47,147.57,14.35,Type_IV,L_Cheek+Forehead
32192.jpg,Normal,114.18,145.88,151.61,-12.48,Type_V,R_Cheek+L_Cheek+Forehead
32193.jpg,Normal,136.42,141.62,151.2,8.57,Type_V,R_Cheek+L_Cheek+Forehead
32195.jpg,Normal,184.18,135.63,132.54,78.46,Type_I,R_Cheek+L_Cheek+Forehead
322.jpg,Normal,115.81,147.08,143.06,-16.94,Type_V,R_Cheek+L_Cheek+Forehead
32202.jpg,Normal,104.84,136.84,150.86,-21.24,Type_V,R_Cheek+L_Cheek+Forehead
32203.jpg,Normal,63.37,142.81,146.1,-54.25,Type_VI,L_Cheek+Forehead
32210.jpg,Normal,197.07,140.93,153.93,46.45,Type_II,R_Cheek+L_Cheek+Forehead
32318.jpg,Normal,56.1,154.34,130.38,-85.15,Type_VI,L_Cheek+Forehead
32321.jpg,Normal,91.19,138.85,147.19,-36.58,Type_VI,R_Cheek+L_Cheek+Forehead
32322.jpg,Normal,153.9,146.22,147.73,27.69,Type_IV,R_Cheek+L_Cheek+Forehead
32329.jpg,Normal,86.31,139.83,147.02,-40.33,Type_VI,R_Cheek+L_Cheek+Forehead
32330.jpg,Normal,100.18,148.8,148.51,-27.57,Type_V,R_Cheek+L_Cheek+Forehead
32331.jpg,Normal,96.46,145.33,132.89,-68.09,Type_VI,R_Cheek+L_Cheek+Forehead
32341.jpg,Normal,136.27,147.08,145.21,11.3,Type_IV,R_Cheek+L_Cheek+Forehead
32466.jpg,Normal,140.62,147.67,150.61,12.82,Type_IV,R_Cheek+L_Cheek+Forehead
32469.jpg,Normal,72.11,135.48,140.76,-59.57,Type_VI,R_Cheek+L_Cheek+Forehead
32471.jpg,Normal,105.43,150.66,158.99,-15.6,Type_V,R_Cheek+Forehead
32474.jpg,Normal,139.67,144.54,148.33,13.21,Type_IV,R_Cheek+L_Cheek+Forehead
32478.jpg,Normal,93.43,141.59,144.62,-38.79,Type_VI,R_Cheek+L_Cheek+Forehead
32486.jpg,Normal,182.29,139.13,142.48,56.02,Type_I,R_Cheek+L_Cheek+Forehead
32487.jpg,Normal,93.6,136.59,137.41,-54.71,Type_VI,R_Cheek+Forehead
32580.jpg,Normal,29.81,143.81,137.31,-76.34,Type_VI,R_Cheek+L_Cheek+Forehead
3266.jpg,Normal,55.52,128.0,128.0,-90.0,Type_VI,L_Cheek+Forehead
32662.jpg,Normal,127.26,137.68,154.41,-0.21,Type_V,R_Cheek+L_Cheek+Forehead
32665.jpg,Normal,68.3,149.27,151.05,-45.21,Type_VI,L_Cheek+Forehead
32672.jpg,Normal,106.93,146.57,146.8,-23.23,Type_V,R_Cheek+L_Cheek+Forehead
32675.jpg,Normal,104.28,160.73,167.52,-12.98,Type_V,L_Cheek+Forehead
32676.jpg,Normal,144.9,143.61,142.22,25.64,Type_IV,L_Cheek+Forehead
32677.jpg,Normal,159.12,138.75,147.64,32.27,Type_III,R_Cheek+L_Cheek+Forehead
32681.jpg,Normal,151.15,145.53,144.66,29.11,Type_III,R_Cheek+Forehead
32684.jpg,Normal,90.41,143.08,141.32,-47.51,Type_VI,R_Cheek+L_Cheek+Forehead
32686.jpg,Normal,136.6,141.89,142.31,14.01,Type_IV,R_Cheek+Forehead
3276.jpg,Normal,97.17,131.33,129.06,-84.92,Type_VI,R_Cheek+Forehead
32767.jpg,Normal,146.1,146.41,153.8,15.79,Type_IV,L_Cheek+Forehead
32768.jpg,Normal,173.89,141.7,141.49,53.45,Type_II,R_Cheek+L_Cheek+Forehead
32773.jpg,Normal,149.27,136.56,139.47,36.66,Type_III,R_Cheek+L_Cheek+Forehead
32779.jpg,Normal,120.16,140.43,151.91,-6.87,Type_V,R_Cheek+L_Cheek+Forehead
32782.jpg,Normal,109.16,139.16,152.01,-16.68,Type_V,R_Cheek+L_Cheek+Forehead
32856.jpg,Normal,93.67,150.11,150.5,-30.53,Type_VI,R_Cheek+L_Cheek+Forehead
32868.jpg,Normal,170.72,144.54,143.25,48.02,Type_II,L_Cheek+Forehead
32874.jpg,Normal,134.27,145.81,140.8,11.73,Type_IV,R_Cheek+L_Cheek+Forehead
33044.jpg,Normal,151.96,138.59,143.16,32.32,Type_III,R_Cheek+L_Cheek+Forehead
33045.jpg,Normal,63.77,134.34,135.77,-72.73,Type_VI,R_Cheek+L_Cheek+Forehead
33052.jpg,Normal,103.2,142.76,143.78,-31.13,Type_VI,R_Cheek+L_Cheek+Forehead
33055.jpg,Normal,93.25,144.17,138.9,-50.95,Type_VI,R_Cheek+L_Cheek+Forehead
33056.jpg,Normal,163.09,139.46,136.61,58.32,Type_I,L_Cheek+Forehead
3306.jpg,Normal,115.22,128.0,128.0,-89.99,Type_VI,R_Cheek+L_Cheek+Forehead
33063.jpg,Normal,134.96,142.53,146.35,9.05,Type_V,R_Cheek+Forehead
33140.jpg,Normal,110.56,153.45,143.43,-23.29,Type_V,R_Cheek+Forehead
33142.jpg,Normal,91.1,135.81,134.85,-64.35,Type_VI,R_Cheek+L_Cheek+Forehead
33145.jpg,Normal,31.77,134.27,131.8,-84.22,Type_VI,L_Cheek+Forehead
33149.jpg,Normal,103.95,147.62,146.24,-26.85,Type_V,R_Cheek+Forehead
33150.jpg,Normal,33.46,134.34,132.62,-82.85,Type_VI,L_Cheek+Forehead
33158.jpg,Normal,36.03,145.21,139.96,-71.57,Type_VI,R_Cheek+L_Cheek+Forehead
33159.jpg,Normal,133.8,146.41,155.9,5.06,Type_V,R_Cheek+Forehead
33166.jpg,Normal,146.37,136.73,147.65,20.64,Type_IV,R_Cheek+L_Cheek+Forehead
33204.jpg,Normal,86.98,138.44,132.26,-75.01,Type_VI,R_Cheek+L_Cheek+Forehead
33205.jpg,Normal,89.48,140.22,152.8,-31.02,Type_VI,R_Cheek+Forehead
33209.jpg,Normal,151.54,138.35,132.05,66.74,Type_I,R_Cheek+L_Cheek+Forehead
33217.jpg,Normal,86.03,144.04,137.27,-60.32,Type_VI,R_Cheek+Forehead
33221.jpg,Normal,82.63,139.76,144.65,-46.59,Type_VI,R_Cheek+L_Cheek+Forehead
33292.jpg,Normal,110.16,149.45,149.3,-17.71,Type_V,R_Cheek+L_Cheek+Forehead
33297.jpg,Normal,103.46,143.93,158.03,-17.43,Type_V,R_Cheek+L_Cheek+Forehead
33304.jpg,Normal,126.55,143.26,158.12,-0.71,Type_V,L_Cheek+Forehead
33305.jpg,Normal,72.9,152.15,143.12,-54.77,Type_VI,L_Cheek+Forehead
33380.jpg,Normal,49.52,135.13,140.22,-68.23,Type_VI,R_Cheek+L_Cheek+Forehead
33460.jpg,Normal,126.5,139.2,133.9,-3.82,Type_V,R_Cheek+Forehead
33473.jpg,Normal,132.85,135.62,140.31,9.68,Type_V,R_Cheek+L_Cheek+Forehead
33513.jpg,Normal,136.39,147.22,148.24,9.77,Type_V,R_Cheek+L_Cheek+Forehead
33516.jpg,Normal,105.63,138.56,136.85,-44.1,Type_VI,L_Cheek+Forehead
3352.jpg,Normal,141.39,144.75,150.49,13.61,Type_IV,R_Cheek+L_Cheek+Forehead
33520.jpg,Normal,69.7,138.74,135.9,-70.78,Type_VI,R_Cheek+L_Cheek+Forehead
33524.jpg,Normal,72.13,145.94,151.98,-42.16,Type_VI,L_Cheek+Forehead
33528.jpg,Normal,148.81,145.87,142.22,30.44,Type_III,R_Cheek+L_Cheek+Forehead
33532.jpg,Normal,103.37,138.15,135.48,-51.67,Type_VI,L_Cheek+Forehead
33536.jpg,Normal,151.99,143.56,143.73,31.4,Type_III,R_Cheek+L_Cheek+Forehead
33537.jpg,Normal,195.09,134.19,168.08,33.48,Type_III,R_Cheek+L_Cheek+Forehead
3363.jpg,Normal,125.18,141.98,142.65,-3.56,Type_V,R_Cheek+L_Cheek+Forehead
33631.jpg,Normal,87.02,145.84,143.29,-46.08,Type_VI,R_Cheek+L_Cheek+Forehead
33633.jpg,Normal,129.77,153.01,150.36,2.28,Type_V,R_Cheek+Forehead
33636.jpg,Normal,178.22,143.17,144.08,51.04,Type_II,R_Cheek+L_Cheek+Forehead
33638.jpg,Normal,92.23,133.32,132.21,-73.08,Type_VI,R_Cheek+L_Cheek+Forehead
33641.jpg,Normal,77.53,140.77,146.57,-46.54,Type_VI,R_Cheek+L_Cheek+Forehead
33642.jpg,Normal,92.04,138.53,141.41,-46.05,Type_VI,R_Cheek+L_Cheek+Forehead
33650.jpg,Normal,131.43,143.76,149.1,4.18,Type_V,R_Cheek+L_Cheek+Forehead
33756.jpg,Normal,132.28,146.68,143.35,6.96,Type_V,R_Cheek+L_Cheek+Forehead
33757.jpg,Normal,87.92,130.84,142.41,-47.13,Type_VI,R_Cheek+L_Cheek+Forehead
33758.jpg,Normal,97.86,145.63,149.73,-28.14,Type_V,R_Cheek+L_Cheek+Forehead
33760.jpg,Normal,115.86,146.5,153.61,-10.11,Type_V,R_Cheek+L_Cheek+Forehead
33903.jpg,Normal,125.82,138.59,143.7,-2.41,Type_V,R_Cheek+L_Cheek+Forehead
33906.jpg,Normal,90.47,145.5,148.1,-35.84,Type_VI,R_Cheek+L_Cheek+Forehead
33908.jpg,Normal,177.1,130.77,147.73,44.59,Type_II,R_Cheek+L_Cheek+Forehead
33916.jpg,Normal,117.61,149.42,156.02,-7.88,Type_V,R_Cheek+L_Cheek+Forehead
33920.jpg,Normal,138.73,147.76,143.59,15.77,Type_IV,R_Cheek+L_Cheek+Forehead
33923.jpg,Normal,130.16,147.33,152.32,2.46,Type_V,R_Cheek+L_Cheek+Forehead
33929.jpg,Normal,117.02,138.01,144.16,-14.27,Type_V,R_Cheek+L_Cheek+Forehead
34007.jpg,Normal,124.9,133.42,148.32,-2.88,Type_V,R_Cheek+Forehead
34010.jpg,Normal,179.03,143.48,148.99,43.91,Type_II,R_Cheek+Forehead
34012.jpg,Normal,106.71,163.53,172.46,-10.39,Type_V,R_Cheek+L_Cheek+Forehead
34014.jpg,Normal,78.49,143.56,149.69,-41.54,Type_VI,R_Cheek+L_Cheek+Forehead
34015.jpg,Normal,85.44,127.47,131.21,-79.0,Type_VI,R_Cheek+Forehead
34017.jpg,Normal,170.49,137.06,132.82,74.03,Type_I,R_Cheek+Forehead
34018.jpg,Normal,142.27,146.43,140.8,24.34,Type_IV,R_Cheek+L_Cheek+Forehead
3402.jpg,Normal,85.28,150.42,148.66,-38.71,Type_VI,R_Cheek+L_Cheek+Forehead
34023.jpg,Normal,92.3,138.04,134.59,-64.48,Type_VI,R_Cheek+L_Cheek+Forehead
34025.jpg,Normal,56.22,142.48,128.6,-88.77,Type_VI,R_Cheek+L_Cheek+Forehead
34029.jpg,Normal,162.25,140.48,170.18,17.9,Type_IV,R_Cheek+L_Cheek+Forehead
34038.jpg,Normal,129.69,135.88,135.48,6.56,Type_V,R_Cheek+L_Cheek+Forehead
34149.jpg,Normal,164.37,147.62,145.54,39.5,Type_III,R_Cheek+L_Cheek+Forehead
34151.jpg,Normal,179.32,143.58,146.81,47.22,Type_II,R_Cheek+L_Cheek+Forehead
34154.jpg,Normal,131.18,147.45,149.62,3.82,Type_V,R_Cheek+L_Cheek+Forehead
34157.jpg,Normal,45.59,142.83,135.23,-77.32,Type_VI,R_Cheek+L_Cheek+Forehead
34161.jpg,Normal,134.09,147.94,146.98,7.76,Type_V,R_Cheek+L_Cheek+Forehead
34166.jpg,Normal,121.32,149.96,152.76,-5.59,Type_V,R_Cheek+L_Cheek+Forehead
34167.jpg,Normal,87.01,143.68,148.38,-37.93,Type_VI,R_Cheek+L_Cheek+Forehead
34168.jpg,Normal,125.17,139.39,140.98,-4.03,Type_V,R_Cheek+L_Cheek+Forehead
34249.jpg,Normal,97.21,141.19,136.23,-55.27,Type_VI,L_Cheek+Forehead
34251.jpg,Normal,88.33,139.71,137.82,-57.4,Type_VI,R_Cheek+Forehead
34252.jpg,Normal,114.07,146.98,140.38,-23.04,Type_V,R_Cheek+L_Cheek+Forehead
34257.jpg,Normal,113.58,145.35,151.17,-13.26,Type_V,R_Cheek+L_Cheek+Forehead
34258.jpg,Normal,104.05,129.21,127.77,88.56,Type_I,R_Cheek+L_Cheek+Forehead
34263.jpg,Normal,72.64,143.28,141.52,-57.85,Type_VI,L_Cheek+Forehead
34267.jpg,Normal,169.53,145.11,150.74,35.94,Type_III,R_Cheek+L_Cheek+Forehead
34270.jpg,Normal,90.79,145.55,144.91,-40.4,Type_VI,R_Cheek+Forehead
34273.jpg,Normal,82.38,145.84,149.22,-39.83,Type_VI,R_Cheek+L_Cheek+Forehead
34274.jpg,Normal,209.12,138.25,135.0,77.66,Type_I,R_Cheek+L_Cheek+Forehead
34275.jpg,Normal,126.83,143.26,146.37,-0.82,Type_V,R_Cheek+L_Cheek+Forehead
34277.jpg,Normal,106.81,140.39,145.23,-25.22,Type_V,R_Cheek+L_Cheek+Forehead
34376.jpg,Normal,96.24,145.18,146.4,-33.68,Type_VI,R_Cheek+Forehead
34378.jpg,Normal,169.86,137.42,144.66,44.91,Type_II,R_Cheek+L_Cheek+Forehead
34387.jpg,Normal,71.93,150.47,146.96,-48.98,Type_VI,R_Cheek+L_Cheek+Forehead
34392.jpg,Normal,74.55,141.0,141.26,-57.44,Type_VI,R_Cheek+L_Cheek+Forehead
34399.jpg,Normal,59.02,142.22,136.2,-73.02,Type_VI,R_Cheek+L_Cheek+Forehead
34401.jpg,Normal,156.77,143.29,144.87,34.22,Type_III,R_Cheek+L_Cheek+Forehead
34511.jpg,Normal,150.28,142.75,135.02,51.84,Type_II,R_Cheek+L_Cheek+Forehead
34512.jpg,Normal,72.37,139.84,138.45,-64.2,Type_VI,R_Cheek+L_Cheek+Forehead
34513.jpg,Normal,116.19,139.9,142.82,-16.66,Type_V,R_Cheek+L_Cheek+Forehead
34521.jpg,Normal,145.33,138.05,137.79,35.54,Type_III,R_Cheek+L_Cheek+Forehead
34533.jpg,Normal,151.13,138.1,150.7,22.2,Type_IV,R_Cheek+L_Cheek+Forehead
34598.jpg,Normal,28.68,136.11,138.49,-74.85,Type_VI,L_Cheek+Forehead
34605.jpg,Normal,49.47,132.95,130.21,-85.87,Type_VI,R_Cheek+L_Cheek+Forehead
34609.jpg,Normal,78.35,141.86,145.88,-47.15,Type_VI,R_Cheek+Forehead
34615.jpg,Normal,143.04,140.59,138.85,29.31,Type_III,R_Cheek+L_Cheek+Forehead
34620.jpg,Normal,152.26,143.63,141.91,34.92,Type_III,R_Cheek+Forehead
3472.jpg,Normal,77.8,141.24,142.37,-53.6,Type_VI,L_Cheek+Forehead
34729.jpg,Normal,88.96,134.58,150.19,-34.25,Type_VI,R_Cheek+L_Cheek+Forehead
34732.jpg,Normal,125.9,142.29,154.35,-1.37,Type_V,R_Cheek+L_Cheek+Forehead
34738.jpg,Normal,96.58,132.37,130.53,-78.19,Type_VI,L_Cheek+Forehead
3482.jpg,Normal,119.17,139.01,134.34,-27.29,Type_V,R_Cheek+L_Cheek+Forehead
34822.jpg,Normal,86.36,144.76,150.07,-36.16,Type_VI,R_Cheek+Forehead
34826.jpg,Normal,121.88,145.81,154.42,-4.77,Type_V,R_Cheek+Forehead
34830.jpg,Normal,144.15,138.51,145.0,21.0,Type_IV,R_Cheek+L_Cheek+Forehead
34837.jpg,Normal,121.36,138.07,149.39,-6.42,Type_V,L_Cheek+Forehead
34840.jpg,Normal,78.89,139.93,140.23,-57.32,Type_VI,R_Cheek+L_Cheek+Forehead
34841.jpg,Normal,164.69,132.01,142.08,46.02,Type_II,R_Cheek+L_Cheek+Forehead
34843.jpg,Normal,38.12,145.14,142.38,-67.7,Type_VI,R_Cheek+L_Cheek+Forehead
34844.jpg,Normal,123.32,140.86,139.46,-8.13,Type_V,L_Cheek+Forehead
34845.jpg,Normal,56.66,138.49,141.38,-64.29,Type_VI,R_Cheek+Forehead
34847.jpg,Normal,106.5,140.98,144.5,-26.53,Type_V,L_Cheek+Forehead
34962.jpg,Normal,149.15,143.82,142.93,29.63,Type_III,L_Cheek+Forehead
34963.jpg,Normal,69.1,140.81,138.95,-64.46,Type_VI,R_Cheek+L_Cheek+Forehead
34964.jpg,Normal,107.63,149.01,143.52,-26.67,Type_V,R_Cheek+L_Cheek+Forehead
34971.jpg,Normal,173.38,152.8,170.56,22.92,Type_IV,R_Cheek+L_Cheek+Forehead
34972.jpg,Normal,114.94,153.84,138.15,-25.9,Type_V,R_Cheek+L_Cheek+Forehead
34974.jpg,Normal,77.94,148.82,138.73,-61.11,Type_VI,L_Cheek+Forehead
34975.jpg,Normal,43.62,140.96,141.19,-68.15,Type_VI,R_Cheek+Forehead
35029.jpg,Normal,52.63,146.43,138.19,-70.87,Type_VI,R_Cheek+L_Cheek+Forehead
35037.jpg,Normal,127.59,150.0,147.27,0.11,Type_V,R_Cheek+L_Cheek+Forehead
35038.jpg,Normal,102.6,145.84,150.44,-23.51,Type_V,R_Cheek+L_Cheek+Forehead
35106.jpg,Normal,135.61,134.08,136.5,20.52,Type_IV,R_Cheek+L_Cheek+Forehead
35107.jpg,Normal,99.19,153.85,158.97,-19.72,Type_V,R_Cheek+L_Cheek+Forehead
35108.jpg,Normal,124.9,139.82,141.33,-4.38,Type_V,R_Cheek+L_Cheek+Forehead
35109.jpg,Normal,96.38,142.5,141.05,-43.09,Type_VI,R_Cheek+L_Cheek+Forehead
35110.jpg,Normal,79.42,150.05,153.94,-36.01,Type_VI,R_Cheek+Forehead
35116.jpg,Normal,94.98,156.2,153.79,-26.31,Type_V,R_Cheek+L_Cheek+Forehead
35117.jpg,Normal,62.3,134.49,132.44,-80.14,Type_VI,L_Cheek+Forehead
35120.jpg,Normal,55.7,128.0,128.0,-90.0,Type_VI,L_Cheek+Forehead
3520.jpg,Normal,99.44,140.57,144.94,-33.0,Type_VI,R_Cheek+L_Cheek+Forehead
35212.jpg,Normal,15.04,141.23,136.43,-79.18,Type_VI,R_Cheek+L_Cheek+Forehead
35219.jpg,Normal,85.03,136.85,136.04,-64.22,Type_VI,R_Cheek+L_Cheek+Forehead
3522.jpg,Normal,101.8,156.94,150.52,-24.11,Type_V,R_Cheek+L_Cheek+Forehead
35222.jpg,Normal,114.62,143.27,158.96,-9.26,Type_V,R_Cheek+L_Cheek+Forehead
35223.jpg,Normal,164.63,141.78,137.25,57.56,Type_I,R_Cheek+L_Cheek+Forehead
35227.jpg,Normal,94.48,147.16,142.86,-41.06,Type_VI,R_Cheek+L_Cheek+Forehead
35228.jpg,Normal,128.55,147.94,148.6,1.15,Type_V,L_Cheek+Forehead
35264.jpg,Normal,79.29,139.13,140.51,-56.5,Type_VI,L_Cheek+Forehead
35269.jpg,Normal,119.11,140.94,144.29,-11.42,Type_V,R_Cheek+L_Cheek+Forehead
35277.jpg,Normal,148.24,142.93,137.95,39.25,Type_III,R_Cheek+Forehead
35286.jpg,Normal,97.18,144.23,139.6,-45.69,Type_VI,R_Cheek+L_Cheek+Forehead
35367.jpg,Normal,108.25,151.42,147.61,-21.06,Type_V,R_Cheek+L_Cheek+Forehead
35368.jpg,Normal,53.21,135.71,133.41,-79.48,Type_VI,R_Cheek+L_Cheek+Forehead
35373.jpg,Normal,123.77,135.71,137.88,-8.41,Type_V,R_Cheek+Forehead
3538.jpg,Normal,164.66,151.58,169.06,19.54,Type_IV,L_Cheek+Forehead
35385.jpg,Normal,85.77,131.43,140.2,-53.3,Type_VI,L_Cheek+Forehead
35389.jpg,Normal,77.57,149.42,140.19,-58.09,Type_VI,R_Cheek+Forehead
35392.jpg,Normal,139.16,137.4,146.77,13.68,Type_IV,R_Cheek+L_Cheek+Forehead
35505.jpg,Normal,114.07,145.25,143.84,-18.39,Type_V,R_Cheek+L_Cheek+Forehead
35507.jpg,Normal,104.85,142.76,142.59,-31.33,Type_VI,L_Cheek+Forehead
35511.jpg,Normal,89.67,136.62,137.63,-57.02,Type_VI,R_Cheek+L_Cheek+Forehead
35512.jpg,Normal,109.88,135.35,127.36,84.71,Type_I,R_Cheek+L_Cheek+Forehead
35516.jpg,Normal,113.3,145.47,143.77,-19.44,Type_V,R_Cheek+Forehead
35591.jpg,Normal,135.91,137.28,133.62,30.41,Type_III,R_Cheek+L_Cheek+Forehead
35615.jpg,Normal,55.53,139.99,140.64,-65.87,Type_VI,R_Cheek+L_Cheek+Forehead
35622.jpg,Normal,91.87,143.16,134.09,-66.45,Type_VI,R_Cheek+L_Cheek+Forehead
35629.jpg,Normal,104.51,149.64,149.27,-22.98,Type_V,R_Cheek+L_Cheek+Forehead
35630.jpg,Normal,142.91,144.77,138.12,30.83,Type_III,L_Cheek+Forehead
35633.jpg,Normal,160.38,142.1,148.48,32.2,Type_III,R_Cheek+L_Cheek+Forehead
35635.jpg,Normal,62.48,139.76,137.18,-70.21,Type_VI,R_Cheek+L_Cheek+Forehead
35636.jpg,Normal,96.41,128.04,127.85,89.27,Type_I,R_Cheek+L_Cheek+Forehead
35637.jpg,Normal,114.99,155.59,150.69,-12.2,Type_V,R_Cheek+L_Cheek+Forehead
3564.jpg,Normal,136.67,143.77,145.74,11.46,Type_IV,R_Cheek+L_Cheek+Forehead
35712.jpg,Normal,72.84,144.75,145.51,-50.75,Type_VI,R_Cheek+L_Cheek+Forehead
35718.jpg,Normal,109.78,139.65,136.68,-38.66,Type_VI,R_Cheek+L_Cheek+Forehead
3579.jpg,Normal,63.15,133.54,140.48,-63.69,Type_VI,R_Cheek+Forehead
35796.jpg,Normal,86.27,141.72,143.66,-45.91,Type_VI,L_Cheek+Forehead
35798.jpg,Normal,109.18,127.79,143.62,-24.7,Type_V,R_Cheek+L_Cheek+Forehead
35799.jpg,Normal,162.85,135.07,136.59,58.21,Type_I,R_Cheek+Forehead
358.jpg,Normal,131.28,146.56,150.95,3.7,Type_V,R_Cheek+L_Cheek+Forehead
3580.jpg,Normal,91.15,142.39,146.78,-37.2,Type_VI,R_Cheek+L_Cheek+Forehead
35800.jpg,Normal,139.84,141.97,136.5,29.67,Type_III,R_Cheek+L_Cheek+Forehead
35804.jpg,Normal,117.41,139.2,153.77,-8.73,Type_V,L_Cheek+Forehead
35808.jpg,Normal,98.89,134.4,122.81,65.17,Type_I,R_Cheek+L_Cheek+Forehead
35830.jpg,Normal,181.46,146.33,145.78,49.97,Type_II,L_Cheek+Forehead
35876.jpg,Normal,88.4,141.31,140.36,-51.13,Type_VI,L_Cheek+Forehead
35941.jpg,Normal,130.41,128.0,128.0,89.95,Type_I,R_Cheek+L_Cheek+Forehead
35947.jpg,Normal,70.42,138.2,134.36,-74.13,Type_VI,R_Cheek+L_Cheek+Forehead
35953.jpg,Normal,111.2,144.0,146.37,-19.19,Type_V,R_Cheek+L_Cheek+Forehead
35957.jpg,Normal,164.35,130.97,126.09,-82.46,Type_VI,L_Cheek+Forehead
3596.jpg,Normal,132.32,139.19,140.72,8.45,Type_V,R_Cheek+L_Cheek+Forehead
35960.jpg,Normal,121.02,145.48,154.71,-5.43,Type_V,R_Cheek+L_Cheek+Forehead
36003.jpg,Normal,74.99,145.31,140.99,-57.75,Type_VI,R_Cheek+L_Cheek+Forehead
36027.jpg,Normal,121.42,132.03,134.98,-18.84,Type_V,R_Cheek+L_Cheek+Forehead
36030.jpg,Normal,84.08,146.5,146.06,-43.31,Type_VI,R_Cheek+L_Cheek+Forehead
36037.jpg,Normal,77.69,144.82,140.84,-56.69,Type_VI,L_Cheek+Forehead
36045.jpg,Normal,117.12,151.89,154.71,-8.66,Type_V,R_Cheek+Forehead
36049.jpg,Normal,167.83,130.11,122.4,-70.51,Type_VI,R_Cheek+L_Cheek+Forehead
36119.jpg,Normal,120.5,145.78,157.68,-5.28,Type_V,R_Cheek+L_Cheek+Forehead
36121.jpg,Normal,137.34,144.26,159.96,6.88,Type_V,R_Cheek+L_Cheek+Forehead
36122.jpg,Normal,111.46,146.95,139.42,-28.86,Type_V,R_Cheek+Forehead
36123.jpg,Normal,96.41,146.5,144.34,-36.73,Type_VI,R_Cheek+L_Cheek+Forehead
36128.jpg,Normal,145.96,148.07,160.33,12.62,Type_IV,L_Cheek+Forehead
36134.jpg,Normal,72.44,148.13,141.91,-57.22,Type_VI,R_Cheek+L_Cheek+Forehead
36230.jpg,Normal,88.76,143.94,157.05,-27.61,Type_V,R_Cheek+L_Cheek+Forehead
36233.jpg,Normal,134.14,136.78,124.76,-38.79,Type_VI,R_Cheek+L_Cheek+Forehead
36236.jpg,Normal,104.16,140.51,145.37,-27.79,Type_V,R_Cheek+L_Cheek+Forehead
36250.jpg,Normal,82.32,137.83,141.89,-51.9,Type_VI,R_Cheek+L_Cheek+Forehead
36347.jpg,Normal,98.32,143.95,155.82,-22.36,Type_V,R_Cheek+L_Cheek+Forehead
3635.jpg,Normal,76.04,154.54,133.24,-75.45,Type_VI,R_Cheek+L_Cheek+Forehead
36357.jpg,Normal,125.09,137.97,132.59,-11.62,Type_V,R_Cheek+L_Cheek+Forehead
36359.jpg,Normal,78.96,147.78,147.48,-44.34,Type_VI,R_Cheek+L_Cheek+Forehead
3636.jpg,Normal,84.0,140.05,135.61,-65.97,Type_VI,R_Cheek+L_Cheek+Forehead
36360.jpg,Normal,164.78,149.69,131.56,76.31,Type_I,L_Cheek+Forehead
36362.jpg,Normal,113.56,140.44,137.6,-29.65,Type_V,R_Cheek+L_Cheek+Forehead
36367.jpg,Normal,105.29,152.21,146.45,-25.27,Type_V,L_Cheek+Forehead
36368.jpg,Normal,159.16,139.38,136.85,54.51,Type_II,R_Cheek+Forehead
36476.jpg,Normal,83.03,154.49,150.07,-38.32,Type_VI,L_Cheek+Forehead
36479.jpg,Normal,160.5,147.82,151.29,29.05,Type_III,R_Cheek+L_Cheek+Forehead
36483.jpg,Normal,133.0,149.45,143.11,8.13,Type_V,R_Cheek+Forehead
36484.jpg,Normal,146.74,143.19,147.05,21.61,Type_IV,R_Cheek+Forehead
36503.jpg,Normal,109.14,138.32,128.84,-83.38,Type_VI,R_Cheek+Forehead
36637.jpg,Normal,115.88,139.77,150.08,-11.66,Type_V,R_Cheek+L_Cheek+Forehead
3664.jpg,Normal,164.22,136.13,137.59,56.35,Type_I,L_Cheek+Forehead
36641.jpg,Normal,107.7,140.17,148.11,-21.11,Type_V,L_Cheek+Forehead
36643.jpg,Normal,77.52,137.76,140.05,-58.42,Type_VI,R_Cheek+L_Cheek+Forehead
36648.jpg,Normal,130.68,135.63,143.4,4.63,Type_V,R_Cheek+L_Cheek+Forehead
36649.jpg,Normal,104.02,144.32,145.49,-27.76,Type_V,R_Cheek+L_Cheek+Forehead
36773.jpg,Normal,88.91,144.51,141.2,-48.91,Type_VI,R_Cheek+Forehead
36777.jpg,Normal,67.68,143.47,139.21,-64.45,Type_VI,L_Cheek+Forehead
36782.jpg,Normal,122.13,147.82,153.45,-4.73,Type_V,R_Cheek+L_Cheek+Forehead
36791.jpg,Normal,143.1,147.39,150.27,15.37,Type_IV,R_Cheek+L_Cheek+Forehead
36792.jpg,Normal,154.23,143.52,147.42,28.36,Type_III,R_Cheek+L_Cheek+Forehead
36795.jpg,Normal,72.8,148.82,148.5,-46.3,Type_VI,L_Cheek+Forehead
36797.jpg,Normal,85.57,138.52,140.12,-53.61,Type_VI,R_Cheek+L_Cheek+Forehead
368.jpg,Normal,122.02,139.88,138.11,-12.0,Type_V,R_Cheek+L_Cheek+Forehead
36875.jpg,Normal,175.05,142.69,143.16,50.9,Type_II,R_Cheek+L_Cheek+Forehead
36877.jpg,Normal,65.51,151.84,153.68,-43.43,Type_VI,R_Cheek+L_Cheek+Forehead
36881.jpg,Normal,105.19,141.59,144.05,-28.6,Type_V,R_Cheek+Forehead
36960.jpg,Normal,113.88,153.98,152.16,-12.46,Type_V,R_Cheek+L_Cheek+Forehead
36968.jpg,Normal,109.33,141.78,140.0,-30.69,Type_VI,R_Cheek+L_Cheek+Forehead
36969.jpg,Normal,109.47,140.38,137.88,-35.58,Type_VI,L_Cheek+Forehead
36971.jpg,Normal,154.08,161.18,167.51,14.78,Type_IV,R_Cheek+L_Cheek+Forehead
36977.jpg,Normal,104.09,139.49,137.57,-43.82,Type_VI,R_Cheek+L_Cheek+Forehead
36981.jpg,Normal,68.83,135.56,133.03,-77.66,Type_VI,L_Cheek+Forehead
36982.jpg,Normal,131.96,143.86,154.63,3.76,Type_V,L_Cheek+Forehead
37128.jpg,Normal,109.52,148.12,143.6,-24.32,Type_V,R_Cheek+Forehead
37132.jpg,Normal,145.74,139.01,139.82,31.19,Type_III,R_Cheek+L_Cheek+Forehead
37135.jpg,Normal,139.59,142.16,158.57,8.82,Type_V,L_Cheek+Forehead
37139.jpg,Normal,234.36,127.95,119.36,-78.35,Type_VI,R_Cheek+L_Cheek+Forehead
37143.jpg,Normal,106.81,141.87,145.24,-25.2,Type_V,R_Cheek+L_Cheek+Forehead
37250.jpg,Normal,102.03,151.08,142.28,-34.98,Type_VI,R_Cheek+L_Cheek+Forehead
37256.jpg,Normal,104.46,137.81,134.87,-52.75,Type_VI,R_Cheek+L_Cheek+Forehead
3726.jpg,Normal,115.47,131.52,130.35,-63.53,Type_VI,R_Cheek+Forehead
37264.jpg,Normal,80.01,138.8,136.6,-65.21,Type_VI,R_Cheek+L_Cheek+Forehead
37440.jpg,Normal,152.43,142.54,148.04,26.0,Type_IV,R_Cheek+L_Cheek+Forehead
37442.jpg,Normal,149.1,142.0,129.14,82.37,Type_I,R_Cheek+L_Cheek+Forehead
37448.jpg,Normal,116.68,142.48,139.32,-20.55,Type_V,R_Cheek+Forehead
3745.jpg,Normal,104.43,135.86,145.26,-27.66,Type_V,R_Cheek+L_Cheek+Forehead
37621.jpg,Normal,79.55,136.28,138.45,-60.93,Type_VI,R_Cheek+Forehead
37626.jpg,Normal,81.69,141.79,146.69,-43.87,Type_VI,L_Cheek+Forehead
37628.jpg,Normal,126.68,140.07,151.94,-0.77,Type_V,R_Cheek+L_Cheek+Forehead
37632.jpg,Normal,142.82,152.05,154.67,12.69,Type_IV,R_Cheek+L_Cheek+Forehead
3777.jpg,Normal,65.7,143.75,158.46,-38.51,Type_VI,R_Cheek+L_Cheek+Forehead
37772.jpg,Normal,167.04,141.52,157.48,27.74,Type_IV,R_Cheek+L_Cheek+Forehead
37917.jpg,Normal,76.86,138.73,143.47,-52.09,Type_VI,R_Cheek+L_Cheek+Forehead
37920.jpg,Normal,151.03,128.0,128.0,89.99,Type_I,R_Cheek+Forehead
37921.jpg,Normal,108.62,140.67,139.28,-33.28,Type_VI,R_Cheek+L_Cheek+Forehead
37922.jpg,Normal,21.16,133.17,131.57,-85.11,Type_VI,R_Cheek+L_Cheek+Forehead
37923.jpg,Normal,81.49,141.72,138.58,-59.61,Type_VI,R_Cheek+L_Cheek+Forehead
37924.jpg,Normal,111.83,142.17,145.92,-18.93,Type_V,R_Cheek+L_Cheek+Forehead
37928.jpg,Normal,146.32,141.58,145.0,23.46,Type_IV,L_Cheek+Forehead
37930.jpg,Normal,126.45,143.45,137.32,-2.54,Type_V,L_Cheek+Forehead
37931.jpg,Normal,120.16,147.33,125.5,49.0,Type_II,R_Cheek+L_Cheek+Forehead
37933.jpg,Normal,183.19,149.29,169.9,27.53,Type_IV,R_Cheek+L_Cheek+Forehead
37935.jpg,Normal,97.21,147.26,160.31,-20.19,Type_V,R_Cheek+L_Cheek+Forehead
37937.jpg,Normal,70.64,146.11,146.75,-49.94,Type_VI,R_Cheek+L_Cheek+Forehead
37943.jpg,Normal,75.3,128.0,128.0,-90.0,Type_VI,R_Cheek+L_Cheek+Forehead
38015.jpg,Normal,90.61,140.71,148.31,-35.46,Type_VI,R_Cheek+L_Cheek+Forehead
38018.jpg,Normal,79.23,148.76,144.16,-49.51,Type_VI,R_Cheek+Forehead
3802.jpg,Normal,133.7,143.11,144.4,8.43,Type_V,R_Cheek+Forehead
38032.jpg,Normal,78.43,128.74,126.66,86.01,Type_I,R_Cheek+L_Cheek+Forehead
38033.jpg,Normal,37.82,136.12,139.76,-71.51,Type_VI,L_Cheek+Forehead
38037.jpg,Normal,109.29,147.37,144.86,-22.96,Type_V,L_Cheek+Forehead
38038.jpg,Normal,112.4,146.44,153.91,-12.87,Type_V,R_Cheek+L_Cheek+Forehead
3812.jpg,Normal,82.42,139.96,144.54,-46.91,Type_VI,R_Cheek+Forehead
3815.jpg,Normal,137.7,145.33,136.32,25.68,Type_IV,R_Cheek+L_Cheek+Forehead
38153.jpg,Normal,160.6,152.8,164.65,19.5,Type_IV,R_Cheek+L_Cheek+Forehead
38154.jpg,Normal,133.32,141.57,143.12,8.59,Type_V,R_Cheek+L_Cheek+Forehead
38159.jpg,Normal,146.53,145.13,147.46,20.98,Type_IV,R_Cheek+L_Cheek+Forehead
38163.jpg,Normal,57.59,148.42,144.79,-58.52,Type_VI,R_Cheek+Forehead
38164.jpg,Normal,184.15,145.91,148.35,47.51,Type_II,L_Cheek+Forehead
38165.jpg,Normal,142.51,136.96,152.9,13.3,Type_IV,R_Cheek+L_Cheek+Forehead
38170.jpg,Normal,191.55,137.58,149.47,49.48,Type_II,R_Cheek+L_Cheek+Forehead
38223.jpg,Normal,127.23,141.43,147.02,-0.31,Type_V,R_Cheek+Forehead
38343.jpg,Normal,58.46,136.87,139.37,-67.21,Type_VI,R_Cheek+L_Cheek+Forehead
38344.jpg,Normal,62.25,140.18,138.59,-67.51,Type_VI,R_Cheek+L_Cheek+Forehead
3835.jpg,Normal,88.41,161.58,160.05,-25.56,Type_V,R_Cheek+Forehead
38359.jpg,Normal,110.25,145.82,134.35,-46.81,Type_VI,R_Cheek+L_Cheek+Forehead
38365.jpg,Normal,99.89,139.41,134.21,-60.17,Type_VI,R_Cheek+L_Cheek+Forehead
3837.jpg,Normal,127.46,144.34,141.39,-0.06,Type_V,R_Cheek+L_Cheek+Forehead
3851.jpg,Normal,152.27,145.4,140.88,37.03,Type_III,L_Cheek+Forehead
38510.jpg,Normal,67.06,155.68,147.92,-49.96,Type_VI,R_Cheek+L_Cheek+Forehead
38512.jpg,Normal,105.86,139.48,136.47,-45.04,Type_VI,L_Cheek+Forehead
38513.jpg,Normal,127.48,143.63,148.34,-0.02,Type_V,R_Cheek+L_Cheek+Forehead
38515.jpg,Normal,71.32,141.62,147.93,-47.87,Type_VI,R_Cheek+L_Cheek+Forehead
38521.jpg,Normal,132.51,136.16,139.21,9.94,Type_V,R_Cheek+L_Cheek+Forehead
38522.jpg,Normal,124.65,150.12,160.03,-2.0,Type_V,R_Cheek+L_Cheek+Forehead
38523.jpg,Normal,165.96,146.6,155.94,28.36,Type_III,R_Cheek+L_Cheek+Forehead
38525.jpg,Normal,170.64,137.81,142.07,50.26,Type_II,R_Cheek+L_Cheek+Forehead
38531.jpg,Normal,54.79,130.23,144.12,-60.52,Type_VI,R_Cheek+L_Cheek+Forehead
38536.jpg,Normal,91.19,128.0,128.0,-90.0,Type_VI,R_Cheek+Forehead
38540.jpg,Normal,110.11,154.14,160.47,-11.86,Type_V,R_Cheek+L_Cheek+Forehead
38541.jpg,Normal,88.41,136.04,146.37,-39.84,Type_VI,R_Cheek+L_Cheek+Forehead
38628.jpg,Normal,92.04,140.25,137.33,-56.14,Type_VI,R_Cheek+L_Cheek+Forehead
38638.jpg,Normal,47.34,130.1,128.08,-89.85,Type_VI,L_Cheek+Forehead
3864.jpg,Normal,186.36,136.0,137.01,68.68,Type_I,R_Cheek+L_Cheek+Forehead
38640.jpg,Normal,85.3,141.63,147.88,-39.78,Type_VI,R_Cheek+L_Cheek+Forehead
38644.jpg,Normal,65.75,149.02,144.05,-56.47,Type_VI,L_Cheek+Forehead
38734.jpg,Normal,85.26,146.3,147.87,-39.82,Type_VI,L_Cheek+Forehead
38743.jpg,Normal,171.85,147.2,149.37,39.14,Type_III,R_Cheek+Forehead
38744.jpg,Normal,48.13,136.73,137.43,-73.15,Type_VI,R_Cheek+L_Cheek+Forehead
38748.jpg,Normal,77.26,137.19,136.34,-67.05,Type_VI,R_Cheek+L_Cheek+Forehead
38877.jpg,Normal,99.74,142.67,128.53,-87.2,Type_VI,R_Cheek+L_Cheek+Forehead
38880.jpg,Normal,164.69,144.08,149.4,34.27,Type_III,R_Cheek+L_Cheek+Forehead
38883.jpg,Normal,65.89,132.97,135.1,-73.62,Type_VI,R_Cheek+L_Cheek+Forehead
38885.jpg,Normal,91.28,140.56,148.72,-34.44,Type_VI,R_Cheek+L_Cheek+Forehead
3889.jpg,Normal,62.4,142.93,141.69,-61.81,Type_VI,R_Cheek+L_Cheek+Forehead
38902.jpg,Normal,138.11,154.76,153.01,9.44,Type_V,R_Cheek+L_Cheek+Forehead
38977.jpg,Normal,113.98,149.79,148.19,-14.72,Type_V,L_Cheek+Forehead
38978.jpg,Normal,148.57,144.58,149.99,20.59,Type_IV,R_Cheek+L_Cheek+Forehead
3898.jpg,Normal,138.18,135.44,139.4,20.16,Type_IV,R_Cheek+L_Cheek+Forehead
38983.jpg,Normal,61.55,136.77,144.21,-57.93,Type_VI,R_Cheek+L_Cheek+Forehead
38986.jpg,Normal,158.63,140.19,143.51,38.21,Type_III,R_Cheek+L_Cheek+Forehead
38991.jpg,Normal,130.72,138.42,141.9,5.19,Type_V,R_Cheek+L_Cheek+Forehead
39053.jpg,Normal,132.23,154.5,162.35,3.09,Type_V,R_Cheek+L_Cheek+Forehead
39056.jpg,Normal,97.18,152.78,147.4,-31.5,Type_VI,R_Cheek+L_Cheek+Forehead
39059.jpg,Normal,90.94,136.42,141.94,-45.81,Type_VI,L_Cheek+Forehead
39061.jpg,Normal,137.82,141.03,129.44,70.47,Type_I,R_Cheek+L_Cheek+Forehead
39066.jpg,Normal,106.43,152.84,157.19,-15.81,Type_V,R_Cheek+L_Cheek+Forehead
3907.jpg,Normal,74.78,146.99,141.7,-56.48,Type_VI,L_Cheek+Forehead
39070.jpg,Normal,51.97,145.22,135.89,-75.09,Type_VI,R_Cheek+L_Cheek+Forehead
39076.jpg,Normal,109.9,150.11,147.0,-19.97,Type_V,R_Cheek+L_Cheek+Forehead
39077.jpg,Normal,119.59,141.66,141.08,-13.34,Type_V,R_Cheek+L_Cheek+Forehead
39078.jpg,Normal,70.54,139.35,155.55,-39.04,Type_VI,R_Cheek+Forehead
39186.jpg,Normal,163.68,123.78,142.0,45.38,Type_II,L_Cheek+Forehead
39187.jpg,Normal,164.94,128.0,128.0,90.0,Type_I,R_Cheek+L_Cheek+Forehead
39188.jpg,Normal,95.69,143.21,142.83,-40.06,Type_VI,R_Cheek+Forehead
39193.jpg,Normal,99.81,146.58,146.59,-30.29,Type_VI,R_Cheek+L_Cheek+Forehead
39194.jpg,Normal,38.65,140.94,142.6,-67.26,Type_VI,L_Cheek+Forehead
39196.jpg,Normal,149.5,147.21,148.34,22.98,Type_IV,R_Cheek+L_Cheek+Forehead
39199.jpg,Normal,116.66,145.06,146.91,-12.67,Type_V,R_Cheek+L_Cheek+Forehead
39299.jpg,Normal,53.96,149.0,146.89,-56.78,Type_VI,R_Cheek+L_Cheek+Forehead
39303.jpg,Normal,80.91,143.02,144.26,-48.33,Type_VI,R_Cheek+L_Cheek+Forehead
39313.jpg,Normal,112.23,138.37,136.97,-33.72,Type_VI,L_Cheek+Forehead
39315.jpg,Normal,33.64,128.89,134.65,-79.76,Type_VI,R_Cheek+L_Cheek+Forehead
39412.jpg,Normal,113.29,149.81,148.86,-14.96,Type_V,R_Cheek+L_Cheek+Forehead
39419.jpg,Normal,115.28,144.86,147.53,-13.79,Type_V,R_Cheek+L_Cheek+Forehead
39423.jpg,Normal,94.72,141.92,144.55,-37.84,Type_VI,R_Cheek+L_Cheek+Forehead
39432.jpg,Normal,78.31,142.79,146.6,-46.05,Type_VI,R_Cheek+L_Cheek+Forehead
3953.jpg,Normal,200.33,140.69,142.26,63.47,Type_I,R_Cheek+L_Cheek+Forehead
39536.jpg,Normal,108.26,144.19,150.91,-18.23,Type_V,R_Cheek+L_Cheek+Forehead
39540.jpg,Normal,147.01,146.93,153.17,16.91,Type_IV,R_Cheek+L_Cheek+Forehead
39542.jpg,Normal,117.63,144.98,149.95,-10.0,Type_V,R_Cheek+Forehead
39545.jpg,Normal,235.87,128.64,123.89,-84.47,Type_VI,R_Cheek+L_Cheek+Forehead
39546.jpg,Normal,104.96,144.87,155.7,-17.7,Type_V,R_Cheek+L_Cheek+Forehead
39638.jpg,Normal,105.08,139.52,151.7,-20.36,Type_V,R_Cheek+Forehead
39645.jpg,Normal,129.72,144.48,146.4,2.71,Type_V,R_Cheek+Forehead
39646.jpg,Normal,61.31,141.55,140.41,-64.46,Type_VI,R_Cheek+L_Cheek+Forehead
3965.jpg,Normal,137.44,150.06,145.72,12.41,Type_IV,R_Cheek+L_Cheek+Forehead
39651.jpg,Normal,43.05,122.43,141.93,-67.19,Type_VI,R_Cheek+L_Cheek+Forehead
39654.jpg,Normal,114.83,146.66,161.88,-8.34,Type_V,R_Cheek+L_Cheek+Forehead
39655.jpg,Normal,45.06,145.49,142.45,-65.93,Type_VI,R_Cheek+Forehead
39657.jpg,Normal,178.01,138.39,141.02,56.69,Type_I,R_Cheek+L_Cheek+Forehead
39659.jpg,Normal,60.65,135.13,130.9,-83.68,Type_VI,R_Cheek+Forehead
39732.jpg,Normal,103.12,139.9,125.02,72.68,Type_I,R_Cheek+Forehead
39738.jpg,Normal,105.09,136.2,136.05,-47.51,Type_VI,R_Cheek+L_Cheek+Forehead
39744.jpg,Normal,140.92,141.13,149.83,13.56,Type_IV,R_Cheek+L_Cheek+Forehead
39747.jpg,Normal,78.8,141.44,142.61,-52.57,Type_VI,L_Cheek+Forehead
39816.jpg,Normal,127.46,144.46,145.99,-0.05,Type_V,R_Cheek+Forehead
39825.jpg,Normal,67.07,137.75,136.61,-70.03,Type_VI,R_Cheek+L_Cheek+Forehead
39826.jpg,Normal,97.07,140.3,136.84,-53.48,Type_VI,R_Cheek+L_Cheek+Forehead
39830.jpg,Normal,52.07,134.68,131.37,-83.51,Type_VI,R_Cheek+L_Cheek+Forehead
39832.jpg,Normal,141.65,144.96,154.58,11.79,Type_IV,L_Cheek+Forehead
3984.jpg,Normal,202.69,142.31,140.01,67.84,Type_I,R_Cheek+Forehead
3988.jpg,Normal,124.82,140.6,136.7,-6.89,Type_V,R_Cheek+Forehead
39881.jpg,Normal,110.51,146.07,152.02,-15.5,Type_V,L_Cheek+Forehead
3989.jpg,Normal,35.85,134.86,134.09,-80.38,Type_VI,L_Cheek+Forehead
39892.jpg,Normal,120.55,148.24,148.89,-7.43,Type_V,R_Cheek+L_Cheek+Forehead
39895.jpg,Normal,62.51,148.85,139.38,-65.94,Type_VI,R_Cheek+L_Cheek+Forehead
39972.jpg,Normal,52.32,137.84,136.73,-73.51,Type_VI,R_Cheek+Forehead
39976.jpg,Normal,106.76,146.27,148.2,-21.93,Type_V,R_Cheek+Forehead
40063.jpg,Normal,101.86,139.82,133.04,-63.39,Type_VI,R_Cheek+L_Cheek+Forehead
40071.jpg,Normal,152.65,138.7,147.05,27.38,Type_IV,R_Cheek+Forehead
4008.jpg,Normal,72.1,143.3,145.23,-51.58,Type_VI,R_Cheek+Forehead
40081.jpg,Normal,142.77,155.98,162.39,9.88,Type_V,R_Cheek+L_Cheek+Forehead
40083.jpg,Normal,105.03,149.31,144.32,-28.36,Type_V,R_Cheek+L_Cheek+Forehead
40088.jpg,Normal,75.9,140.69,142.34,-54.68,Type_VI,L_Cheek+Forehead
4018.jpg,Normal,116.42,143.84,154.05,-9.47,Type_V,R_Cheek+L_Cheek+Forehead
40180.jpg,Normal,57.21,136.59,136.63,-72.61,Type_VI,R_Cheek+L_Cheek+Forehead
40185.jpg,Normal,141.44,148.03,155.46,11.26,Type_IV,R_Cheek+L_Cheek+Forehead
40186.jpg,Normal,97.87,144.68,142.0,-39.7,Type_VI,L_Cheek+Forehead
40188.jpg,Normal,49.3,139.92,138.47,-71.15,Type_VI,R_Cheek+L_Cheek+Forehead
4019.jpg,Normal,138.16,147.31,153.27,9.4,Type_V,R_Cheek+L_Cheek+Forehead
40193.jpg,Normal,116.35,135.87,143.89,-15.38,Type_V,R_Cheek+L_Cheek+Forehead
40196.jpg,Normal,83.57,140.72,144.77,-45.77,Type_VI,R_Cheek+L_Cheek+Forehead
40197.jpg,Normal,82.21,133.64,137.71,-61.32,Type_VI,R_Cheek+L_Cheek+Forehead
40346.jpg,Normal,161.06,137.91,130.83,77.88,Type_I,R_Cheek+L_Cheek+Forehead
40356.jpg,Normal,114.56,151.26,157.64,-9.72,Type_V,R_Cheek+L_Cheek+Forehead
40387.jpg,Normal,55.36,131.91,131.1,-83.75,Type_VI,R_Cheek+Forehead
40449.jpg,Normal,138.69,141.53,147.84,12.47,Type_IV,R_Cheek+L_Cheek+Forehead
40450.jpg,Normal,111.04,146.81,145.79,-19.94,Type_V,R_Cheek+L_Cheek+Forehead
40452.jpg,Normal,48.5,134.79,136.23,-75.13,Type_VI,R_Cheek+L_Cheek+Forehead
4046.jpg,Normal,158.23,147.33,132.64,68.95,Type_I,R_Cheek+L_Cheek+Forehead
40460.jpg,Normal,104.11,138.57,137.09,-45.28,Type_VI,R_Cheek+L_Cheek+Forehead
40464.jpg,Normal,162.03,143.86,160.29,22.75,Type_IV,R_Cheek+Forehead
40465.jpg,Normal,105.07,143.04,146.04,-25.99,Type_V,R_Cheek+L_Cheek+Forehead
40469.jpg,Normal,72.32,143.82,145.41,-51.18,Type_VI,L_Cheek+Forehead
40471.jpg,Normal,81.56,143.29,135.91,-66.3,Type_VI,R_Cheek+L_Cheek+Forehead
40496.jpg,Normal,107.67,127.68,128.02,-89.82,Type_VI,R_Cheek+L_Cheek+Forehead
40583.jpg,Normal,134.33,140.96,134.04,23.89,Type_IV,R_Cheek+Forehead
40612.jpg,Normal,50.7,130.41,125.12,84.54,Type_I,R_Cheek+L_Cheek+Forehead
40617.jpg,Normal,106.4,139.8,140.23,-34.08,Type_VI,L_Cheek+Forehead
40619.jpg,Normal,88.49,140.24,141.94,-47.65,Type_VI,R_Cheek+L_Cheek+Forehead
40626.jpg,Normal,130.39,142.33,144.31,3.98,Type_V,R_Cheek+Forehead
40657.jpg,Normal,72.98,149.22,153.25,-40.26,Type_VI,R_Cheek+L_Cheek+Forehead
40708.jpg,Normal,75.62,135.32,137.7,-64.52,Type_VI,R_Cheek+L_Cheek+Forehead
4071.jpg,Normal,143.0,142.64,139.15,28.61,Type_III,R_Cheek+L_Cheek+Forehead
40714.jpg,Normal,165.15,139.45,141.27,48.04,Type_II,R_Cheek+L_Cheek+Forehead
40715.jpg,Normal,100.02,143.92,139.73,-42.57,Type_VI,R_Cheek+L_Cheek+Forehead
40719.jpg,Normal,123.7,129.6,133.69,-14.69,Type_V,R_Cheek+L_Cheek+Forehead
4072.jpg,Normal,91.41,148.19,147.77,-35.59,Type_VI,R_Cheek+L_Cheek+Forehead
40721.jpg,Normal,124.02,147.8,148.61,-3.79,Type_V,L_Cheek+Forehead
40723.jpg,Normal,142.95,154.68,167.05,8.82,Type_V,R_Cheek+L_Cheek+Forehead
40745.jpg,Normal,98.62,145.11,136.01,-54.72,Type_VI,R_Cheek+L_Cheek+Forehead
40773.jpg,Normal,101.11,140.16,142.26,-35.98,Type_VI,R_Cheek+L_Cheek+Forehead
40849.jpg,Normal,145.37,149.89,150.96,16.97,Type_IV,R_Cheek+L_Cheek+Forehead
4085.jpg,Normal,106.67,142.06,143.96,-27.11,Type_V,L_Cheek+Forehead
40850.jpg,Normal,41.11,136.22,137.47,-74.39,Type_VI,R_Cheek+Forehead
40853.jpg,Normal,150.5,145.19,142.15,32.52,Type_III,R_Cheek+L_Cheek+Forehead
40854.jpg,Normal,114.47,138.99,141.81,-20.31,Type_V,R_Cheek+L_Cheek+Forehead
40863.jpg,Normal,69.39,138.47,135.66,-71.41,Type_VI,R_Cheek+L_Cheek+Forehead
40864.jpg,Normal,149.68,151.35,161.0,14.77,Type_IV,R_Cheek+Forehead
40969.jpg,Normal,119.62,151.3,150.06,-7.97,Type_V,R_Cheek+L_Cheek+Forehead
40973.jpg,Normal,127.49,145.22,143.71,-0.01,Type_V,R_Cheek+L_Cheek+Forehead
40981.jpg,Normal,68.66,139.2,143.23,-56.58,Type_VI,R_Cheek+L_Cheek+Forehead
40986.jpg,Normal,55.75,138.83,139.75,-67.33,Type_VI,R_Cheek+L_Cheek+Forehead
40988.jpg,Normal,103.73,148.4,151.17,-21.92,Type_V,R_Cheek+Forehead
4099.jpg,Normal,20.75,132.24,129.84,-87.48,Type_VI,L_Cheek+Forehead
40990.jpg,Normal,144.84,147.36,143.3,23.97,Type_IV,R_Cheek+L_Cheek+Forehead
40991.jpg,Normal,115.35,138.43,148.07,-13.36,Type_V,R_Cheek+L_Cheek+Forehead
40995.jpg,Normal,85.8,144.36,137.53,-59.76,Type_VI,R_Cheek+L_Cheek+Forehead
40996.jpg,Normal,139.85,130.01,132.55,46.77,Type_II,R_Cheek+L_Cheek+Forehead
41127.jpg,Normal,121.42,141.23,139.01,-12.21,Type_V,R_Cheek+Forehead
4113.jpg,Normal,80.68,140.61,135.17,-68.66,Type_VI,R_Cheek+L_Cheek+Forehead
41136.jpg,Normal,151.87,143.67,153.34,20.66,Type_IV,R_Cheek+L_Cheek+Forehead
41138.jpg,Normal,93.89,142.19,141.89,-43.51,Type_VI,R_Cheek+L_Cheek+Forehead
41141.jpg,Normal,130.94,144.22,148.13,3.84,Type_V,R_Cheek+L_Cheek+Forehead
41208.jpg,Normal,52.49,146.18,146.48,-57.85,Type_VI,R_Cheek+L_Cheek+Forehead
41211.jpg,Normal,96.53,142.81,141.98,-40.98,Type_VI,R_Cheek+L_Cheek+Forehead
41215.jpg,Normal,70.17,138.59,139.11,-63.71,Type_VI,L_Cheek+Forehead
41216.jpg,Normal,135.06,146.89,145.94,9.39,Type_V,R_Cheek+L_Cheek+Forehead
41292.jpg,Normal,22.32,133.52,133.28,-82.7,Type_VI,L_Cheek+Forehead
41294.jpg,Normal,128.26,134.08,140.34,1.38,Type_V,R_Cheek+Forehead
41298.jpg,Normal,152.4,138.92,136.99,47.36,Type_II,R_Cheek+L_Cheek+Forehead
41299.jpg,Normal,44.04,138.76,138.84,-71.68,Type_VI,R_Cheek+L_Cheek+Forehead
41301.jpg,Normal,76.08,135.08,143.48,-52.5,Type_VI,L_Cheek+Forehead
41302.jpg,Normal,101.7,146.43,141.6,-36.64,Type_VI,L_Cheek+Forehead
41303.jpg,Normal,112.55,135.82,141.36,-23.7,Type_V,R_Cheek+L_Cheek+Forehead
41308.jpg,Normal,109.93,139.7,139.91,-30.05,Type_VI,L_Cheek+Forehead
41309.jpg,Normal,69.85,145.03,131.1,-82.2,Type_VI,R_Cheek+L_Cheek+Forehead
41399.jpg,Normal,150.06,145.14,139.3,38.05,Type_III,R_Cheek+L_Cheek+Forehead
4140.jpg,Normal,130.6,147.11,155.56,2.53,Type_V,R_Cheek+L_Cheek+Forehead
41401.jpg,Normal,76.44,141.01,143.52,-52.23,Type_VI,R_Cheek+L_Cheek+Forehead
41402.jpg,Normal,111.55,143.04,147.45,-17.83,Type_V,R_Cheek+Forehead
41407.jpg,Normal,111.56,151.49,163.53,-9.98,Type_V,L_Cheek+Forehead
41415.jpg,Normal,141.62,139.88,138.05,28.85,Type_III,R_Cheek+L_Cheek+Forehead
41520.jpg,Normal,81.55,139.37,130.94,-80.74,Type_VI,L_Cheek+Forehead
41525.jpg,Normal,172.28,140.4,143.59,48.39,Type_II,R_Cheek+L_Cheek+Forehead
41526.jpg,Normal,181.92,139.64,144.08,53.01,Type_II,R_Cheek+Forehead
41601.jpg,Normal,35.74,133.18,132.04,-83.59,Type_VI,R_Cheek+L_Cheek+Forehead
41602.jpg,Normal,62.37,138.53,139.57,-65.63,Type_VI,R_Cheek+L_Cheek+Forehead
41659.jpg,Normal,136.32,150.09,150.83,8.61,Type_V,R_Cheek+L_Cheek+Forehead
41665.jpg,Normal,151.78,145.37,144.02,30.73,Type_III,R_Cheek+L_Cheek+Forehead
41668.jpg,Normal,191.01,139.79,147.16,52.43,Type_II,R_Cheek+L_Cheek+Forehead
41763.jpg,Normal,120.95,135.58,147.8,-7.39,Type_V,R_Cheek+L_Cheek+Forehead
41764.jpg,Normal,86.06,150.88,147.75,-39.45,Type_VI,L_Cheek+Forehead
41766.jpg,Normal,97.34,147.01,151.63,-26.59,Type_V,R_Cheek+L_Cheek+Forehead
41769.jpg,Normal,112.2,141.3,143.05,-21.73,Type_V,R_Cheek+L_Cheek+Forehead
4177.jpg,Normal,129.8,139.17,137.2,5.6,Type_V,R_Cheek+L_Cheek+Forehead
41771.jpg,Normal,96.53,163.68,170.16,-16.07,Type_V,R_Cheek+L_Cheek+Forehead
41773.jpg,Normal,43.6,142.35,141.23,-68.09,Type_VI,R_Cheek+L_Cheek+Forehead
41774.jpg,Normal,84.71,147.04,146.67,-41.95,Type_VI,R_Cheek+L_Cheek+Forehead
41784.jpg,Normal,135.72,156.87,151.93,7.68,Type_V,R_Cheek+L_Cheek+Forehead
41838.jpg,Normal,113.77,143.36,145.33,-17.26,Type_V,R_Cheek+L_Cheek+Forehead
41921.jpg,Normal,105.37,137.83,141.6,-32.53,Type_VI,R_Cheek+L_Cheek+Forehead
41923.jpg,Normal,144.12,134.27,143.28,23.1,Type_IV,R_Cheek+L_Cheek+Forehead
41924.jpg,Normal,130.37,138.29,142.13,4.56,Type_V,R_Cheek+L_Cheek+Forehead
41928.jpg,Normal,99.52,141.9,132.85,-66.17,Type_VI,R_Cheek+L_Cheek+Forehead
41929.jpg,Normal,143.81,141.22,139.26,29.59,Type_III,R_Cheek+L_Cheek+Forehead
41932.jpg,Normal,156.87,139.09,140.84,41.9,Type_II,R_Cheek+L_Cheek+Forehead
41934.jpg,Normal,132.29,149.29,155.59,3.89,Type_V,R_Cheek+L_Cheek+Forehead
41937.jpg,Normal,119.2,142.06,146.04,-10.23,Type_V,L_Cheek+Forehead
42034.jpg,Normal,127.06,150.61,133.47,-1.8,Type_V,R_Cheek+L_Cheek+Forehead
42035.jpg,Normal,73.98,140.48,138.74,-62.89,Type_VI,L_Cheek+Forehead
4204.jpg,Normal,124.02,157.84,155.45,-2.84,Type_V,R_Cheek+Forehead
42045.jpg,Normal,123.69,147.74,142.16,-6.02,Type_V,L_Cheek+Forehead
42049.jpg,Normal,141.7,144.09,147.55,15.89,Type_IV,R_Cheek+Forehead
42057.jpg,Normal,133.37,148.47,164.81,3.58,Type_V,R_Cheek+L_Cheek+Forehead
42062.jpg,Normal,171.01,139.78,153.58,33.71,Type_III,R_Cheek+L_Cheek+Forehead
42168.jpg,Normal,97.38,144.65,147.68,-30.97,Type_VI,R_Cheek+L_Cheek+Forehead
42175.jpg,Normal,152.08,141.81,146.97,26.94,Type_IV,R_Cheek+L_Cheek+Forehead
42286.jpg,Normal,136.91,146.62,150.84,9.18,Type_V,R_Cheek+L_Cheek+Forehead
42287.jpg,Normal,115.71,142.66,136.57,-28.34,Type_V,R_Cheek+L_Cheek+Forehead
4229.jpg,Normal,124.03,141.66,146.09,-4.3,Type_V,R_Cheek+L_Cheek+Forehead
42292.jpg,Normal,113.7,141.89,139.76,-24.72,Type_V,R_Cheek+L_Cheek+Forehead
42295.jpg,Normal,140.16,150.48,144.35,16.88,Type_IV,R_Cheek+L_Cheek+Forehead
42297.jpg,Normal,86.31,156.29,143.06,-47.0,Type_VI,R_Cheek+L_Cheek+Forehead
42298.jpg,Normal,78.65,148.77,144.54,-49.19,Type_VI,R_Cheek+Forehead
4230.jpg,Normal,108.61,148.0,151.92,-17.2,Type_V,R_Cheek+L_Cheek+Forehead
42300.jpg,Normal,164.29,145.71,151.35,31.71,Type_III,R_Cheek+L_Cheek+Forehead
42301.jpg,Normal,97.1,145.23,138.83,-47.76,Type_VI,R_Cheek+L_Cheek+Forehead
42407.jpg,Normal,116.94,134.72,141.79,-16.72,Type_V,R_Cheek+L_Cheek+Forehead
42408.jpg,Normal,84.15,143.72,147.44,-41.17,Type_VI,R_Cheek+L_Cheek+Forehead
42409.jpg,Normal,88.98,140.3,138.46,-55.29,Type_VI,L_Cheek+Forehead
42410.jpg,Normal,123.57,137.85,135.98,-10.93,Type_V,L_Cheek+Forehead
42416.jpg,Normal,150.55,146.89,151.34,21.17,Type_IV,L_Cheek+Forehead
42427.jpg,Normal,82.34,144.89,134.04,-71.17,Type_VI,R_Cheek+L_Cheek+Forehead
42523.jpg,Normal,86.67,146.75,146.89,-40.29,Type_VI,R_Cheek+L_Cheek+Forehead
42525.jpg,Normal,135.06,142.32,143.84,10.6,Type_IV,R_Cheek+L_Cheek+Forehead
4253.jpg,Normal,99.68,138.94,135.98,-53.82,Type_VI,R_Cheek+L_Cheek+Forehead
42534.jpg,Normal,147.93,140.54,138.11,38.41,Type_III,R_Cheek+L_Cheek+Forehead
42535.jpg,Normal,138.99,145.55,150.53,11.31,Type_IV,R_Cheek+L_Cheek+Forehead
42536.jpg,Normal,157.46,141.3,143.61,36.98,Type_III,R_Cheek+L_Cheek+Forehead
42541.jpg,Normal,121.92,143.09,138.7,-11.56,Type_V,R_Cheek+L_Cheek+Forehead
42542.jpg,Normal,121.83,128.5,136.43,-14.77,Type_V,R_Cheek+L_Cheek+Forehead
42639.jpg,Normal,116.84,139.8,138.5,-21.71,Type_V,R_Cheek+Forehead
42644.jpg,Normal,116.84,145.22,138.65,-21.45,Type_V,L_Cheek+Forehead
42649.jpg,Normal,85.99,144.23,147.94,-39.23,Type_VI,R_Cheek+L_Cheek+Forehead
42721.jpg,Normal,109.58,139.88,144.61,-22.93,Type_V,R_Cheek+Forehead
42722.jpg,Normal,53.21,134.3,131.14,-83.85,Type_VI,R_Cheek+L_Cheek+Forehead
42726.jpg,Normal,55.83,133.76,134.34,-77.29,Type_VI,L_Cheek+Forehead
42727.jpg,Normal,66.83,141.38,137.1,-69.07,Type_VI,R_Cheek+L_Cheek+Forehead
42730.jpg,Normal,151.76,128.0,128.0,89.99,Type_I,R_Cheek+L_Cheek+Forehead
42736.jpg,Normal,59.56,137.68,135.57,-74.13,Type_VI,R_Cheek+L_Cheek+Forehead
42741.jpg,Normal,107.76,147.15,143.95,-25.89,Type_V,R_Cheek+L_Cheek+Forehead
42743.jpg,Normal,51.01,135.55,133.73,-79.18,Type_VI,R_Cheek+L_Cheek+Forehead
42749.jpg,Normal,115.31,143.54,145.21,-15.53,Type_V,R_Cheek+L_Cheek+Forehead
42853.jpg,Normal,114.14,147.25,146.83,-15.55,Type_V,R_Cheek+Forehead
42874.jpg,Normal,132.29,138.87,146.66,5.75,Type_V,R_Cheek+L_Cheek+Forehead
42880.jpg,Normal,161.7,128.0,128.0,90.0,Type_I,R_Cheek+L_Cheek+Forehead
42881.jpg,Normal,91.72,150.01,153.19,-29.12,Type_V,R_Cheek+Forehead
42884.jpg,Normal,99.08,145.11,149.24,-27.68,Type_V,R_Cheek+Forehead
42892.jpg,Normal,161.0,155.35,171.24,16.9,Type_IV,R_Cheek+L_Cheek+Forehead
42895.jpg,Normal,127.77,145.55,142.09,0.43,Type_V,R_Cheek+L_Cheek+Forehead
4299.jpg,Normal,59.26,137.39,146.12,-55.9,Type_VI,L_Cheek+Forehead
42990.jpg,Normal,178.74,146.65,156.79,34.91,Type_III,L_Cheek+Forehead
42994.jpg,Normal,114.79,138.38,149.4,-13.11,Type_V,R_Cheek+L_Cheek+Forehead
42997.jpg,Normal,148.65,141.15,143.56,28.06,Type_III,L_Cheek+Forehead
42998.jpg,Normal,122.26,145.62,153.32,-4.64,Type_V,L_Cheek+Forehead
42999.jpg,Normal,65.72,135.51,138.53,-66.5,Type_VI,R_Cheek+L_Cheek+Forehead
43011.jpg,Normal,67.66,137.23,139.34,-64.21,Type_VI,R_Cheek+Forehead
43012.jpg,Normal,51.68,135.07,129.02,-88.03,Type_VI,R_Cheek+L_Cheek+Forehead
43106.jpg,Normal,162.19,141.05,137.91,53.94,Type_II,R_Cheek+L_Cheek+Forehead
43109.jpg,Normal,114.13,138.78,131.51,-56.17,Type_VI,R_Cheek+L_Cheek+Forehead
4311.jpg,Normal,90.65,146.1,134.09,-67.14,Type_VI,R_Cheek+L_Cheek+Forehead
43110.jpg,Normal,148.95,147.3,141.29,32.33,Type_III,R_Cheek+L_Cheek+Forehead
43116.jpg,Normal,85.66,137.32,143.39,-46.83,Type_VI,R_Cheek+L_Cheek+Forehead
43118.jpg,Normal,121.08,137.76,150.38,-6.42,Type_V,R_Cheek+Forehead
43174.jpg,Normal,53.0,141.01,139.35,-68.77,Type_VI,L_Cheek+Forehead
43206.jpg,Normal,60.98,134.57,133.44,-78.21,Type_VI,R_Cheek+Forehead
4321.jpg,Normal,136.72,133.54,155.17,7.58,Type_V,R_Cheek+L_Cheek+Forehead
43211.jpg,Normal,36.33,136.17,140.73,-70.4,Type_VI,L_Cheek+Forehead
43212.jpg,Normal,96.71,139.58,141.93,-40.91,Type_VI,L_Cheek+Forehead
43213.jpg,Normal,101.36,151.87,153.9,-21.59,Type_V,R_Cheek+L_Cheek+Forehead
43216.jpg,Normal,58.73,126.69,138.48,-68.76,Type_VI,R_Cheek+L_Cheek+Forehead
43219.jpg,Normal,109.66,141.51,148.89,-18.51,Type_V,L_Cheek+Forehead
43220.jpg,Normal,128.54,143.73,145.8,1.31,Type_V,R_Cheek+L_Cheek+Forehead
43224.jpg,Normal,99.72,151.93,153.85,-22.85,Type_V,L_Cheek+Forehead
43225.jpg,Normal,48.91,129.88,136.42,-74.73,Type_VI,L_Cheek+Forehead
4323.jpg,Normal,56.85,143.08,141.31,-64.34,Type_VI,R_Cheek+L_Cheek+Forehead
43305.jpg,Normal,78.6,143.21,145.79,-47.15,Type_VI,R_Cheek+L_Cheek+Forehead
43307.jpg,Normal,97.82,134.29,145.49,-33.65,Type_VI,R_Cheek+L_Cheek+Forehead
43308.jpg,Normal,82.05,128.0,128.0,-90.0,Type_VI,R_Cheek+L_Cheek+Forehead
43311.jpg,Normal,88.32,145.28,150.2,-34.68,Type_VI,R_Cheek+L_Cheek+Forehead
43316.jpg,Normal,79.44,143.59,140.76,-55.89,Type_VI,R_Cheek+L_Cheek+Forehead
43319.jpg,Normal,102.15,145.02,152.35,-22.21,Type_V,R_Cheek+L_Cheek+Forehead
43322.jpg,Normal,163.92,143.39,133.4,69.29,Type_I,R_Cheek+L_Cheek+Forehead
43327.jpg,Normal,61.47,138.7,138.26,-68.39,Type_VI,R_Cheek+L_Cheek+Forehead
43410.jpg,Normal,79.75,160.2,154.05,-35.71,Type_VI,R_Cheek+L_Cheek+Forehead
43413.jpg,Normal,143.18,140.23,141.43,24.6,Type_IV,R_Cheek+L_Cheek+Forehead
43417.jpg,Normal,152.85,137.23,141.82,35.71,Type_III,L_Cheek+Forehead
43429.jpg,Normal,63.97,152.89,102.79,44.66,Type_II,L_Cheek+Forehead
43436.jpg,Normal,144.59,141.77,150.73,16.43,Type_IV,R_Cheek+L_Cheek+Forehead
43514.jpg,Normal,117.4,144.98,139.07,-19.69,Type_V,R_Cheek+L_Cheek+Forehead
43515.jpg,Normal,116.29,141.54,150.35,-11.13,Type_V,R_Cheek+L_Cheek+Forehead
43518.jpg,Normal,117.58,157.92,160.77,-6.77,Type_V,L_Cheek+Forehead
43521.jpg,Normal,14.16,128.72,132.1,-84.73,Type_VI,L_Cheek+Forehead
43527.jpg,Normal,137.29,149.39,142.76,14.57,Type_IV,R_Cheek+L_Cheek+Forehead
43673.jpg,Normal,110.9,149.33,155.46,-13.33,Type_V,R_Cheek+L_Cheek+Forehead
43681.jpg,Normal,54.34,134.57,132.47,-81.14,Type_VI,L_Cheek+Forehead
43687.jpg,Normal,103.77,142.35,142.91,-31.96,Type_VI,R_Cheek+L_Cheek+Forehead
43689.jpg,Normal,127.58,140.81,149.06,0.08,Type_V,R_Cheek+L_Cheek+Forehead
4369.jpg,Normal,92.43,152.5,156.55,-25.72,Type_V,R_Cheek+L_Cheek+Forehead
43828.jpg,Normal,122.0,140.21,143.35,-8.0,Type_V,L_Cheek+Forehead
43830.jpg,Normal,147.03,148.42,156.24,15.18,Type_IV,R_Cheek+L_Cheek+Forehead
43832.jpg,Normal,143.81,145.99,149.38,16.65,Type_IV,R_Cheek+Forehead
43838.jpg,Normal,165.22,133.43,143.27,44.09,Type_II,R_Cheek+L_Cheek+Forehead
43840.jpg,Normal,138.46,139.0,150.56,10.79,Type_IV,R_Cheek+L_Cheek+Forehead
43842.jpg,Normal,191.44,140.17,146.48,53.62,Type_II,L_Cheek+Forehead
43843.jpg,Normal,120.28,135.48,144.05,-10.0,Type_V,R_Cheek+Forehead
43901.jpg,Normal,99.35,140.6,146.58,-30.72,Type_VI,R_Cheek+L_Cheek+Forehead
43915.jpg,Normal,97.71,135.89,138.04,-49.32,Type_VI,R_Cheek+L_Cheek+Forehead
43997.jpg,Normal,129.42,147.62,146.3,2.36,Type_V,R_Cheek+L_Cheek+Forehead
44004.jpg,Normal,116.31,138.85,145.5,-14.08,Type_V,R_Cheek+Forehead
44007.jpg,Normal,72.4,138.16,135.98,-69.72,Type_VI,L_Cheek+Forehead
44015.jpg,Normal,128.53,150.03,160.66,0.71,Type_V,L_Cheek+Forehead
44016.jpg,Normal,78.2,145.43,142.2,-53.7,Type_VI,R_Cheek+L_Cheek+Forehead
44097.jpg,Normal,164.43,149.84,168.54,19.66,Type_IV,L_Cheek+Forehead
44098.jpg,Normal,110.88,144.4,130.76,-67.01,Type_VI,R_Cheek+L_Cheek+Forehead
44100.jpg,Normal,187.81,138.68,137.27,68.6,Type_I,R_Cheek+L_Cheek+Forehead
44105.jpg,Normal,66.16,139.73,144.86,-54.97,Type_VI,R_Cheek+L_Cheek+Forehead
44114.jpg,Normal,39.34,145.5,140.41,-70.26,Type_VI,R_Cheek+Forehead
44115.jpg,Normal,124.53,153.45,158.44,-2.19,Type_V,R_Cheek+Forehead
44116.jpg,Normal,65.25,141.76,141.96,-60.23,Type_VI,R_Cheek+L_Cheek+Forehead
44256.jpg,Normal,180.46,146.25,136.89,66.83,Type_I,R_Cheek+Forehead
4426.jpg,Normal,138.82,146.79,155.17,9.28,Type_V,R_Cheek+L_Cheek+Forehead
44260.jpg,Normal,144.4,130.72,146.18,20.03,Type_IV,L_Cheek+Forehead
44261.jpg,Normal,127.45,139.35,144.84,-0.06,Type_V,R_Cheek+Forehead
44264.jpg,Normal,123.14,142.95,142.44,-6.75,Type_V,R_Cheek+Forehead
44269.jpg,Normal,53.72,137.73,138.24,-70.51,Type_VI,L_Cheek+Forehead
44270.jpg,Normal,100.88,135.75,143.88,-33.32,Type_VI,R_Cheek+Forehead
44277.jpg,Normal,85.29,125.4,129.16,-86.0,Type_VI,R_Cheek+L_Cheek+Forehead
4428.jpg,Normal,81.48,149.13,143.68,-49.02,Type_VI,L_Cheek+Forehead
44409.jpg,Normal,79.95,139.17,147.33,-43.98,Type_VI,R_Cheek+Forehead
44419.jpg,Normal,176.3,140.11,133.55,73.84,Type_I,R_Cheek+Forehead
44420.jpg,Normal,127.32,147.94,147.68,-0.21,Type_V,R_Cheek+L_Cheek+Forehead
44432.jpg,Normal,138.56,135.63,139.47,20.71,Type_IV,R_Cheek+L_Cheek+Forehead
44506.jpg,Normal,84.4,127.66,139.59,-55.56,Type_VI,R_Cheek+L_Cheek+Forehead
44508.jpg,Normal,90.08,140.17,130.07,-81.98,Type_VI,L_Cheek+Forehead
44511.jpg,Normal,112.59,140.11,143.2,-21.04,Type_V,R_Cheek+L_Cheek+Forehead
44512.jpg,Normal,36.03,137.53,138.47,-73.73,Type_VI,R_Cheek+L_Cheek+Forehead
44513.jpg,Normal,158.1,140.46,137.01,53.11,Type_II,R_Cheek+L_Cheek+Forehead
44520.jpg,Normal,119.65,145.27,140.67,-13.65,Type_V,L_Cheek+Forehead
44594.jpg,Normal,113.66,142.14,152.18,-12.65,Type_V,R_Cheek+Forehead
44596.jpg,Normal,51.67,138.75,140.9,-66.54,Type_VI,R_Cheek+L_Cheek+Forehead
44599.jpg,Normal,137.67,133.11,131.1,52.18,Type_II,R_Cheek+L_Cheek+Forehead
446.jpg,Normal,85.98,137.41,131.24,-78.75,Type_VI,R_Cheek+L_Cheek+Forehead
44600.jpg,Normal,165.24,139.8,151.4,32.31,Type_III,R_Cheek+Forehead
44601.jpg,Normal,88.41,142.55,137.07,-59.38,Type_VI,R_Cheek+Forehead
44609.jpg,Normal,93.37,141.67,140.52,-46.92,Type_VI,R_Cheek+L_Cheek+Forehead
44610.jpg,Normal,62.07,153.4,136.57,-71.54,Type_VI,R_Cheek+Forehead
44617.jpg,Normal,143.53,134.46,141.05,25.72,Type_IV,R_Cheek+L_Cheek+Forehead
44618.jpg,Normal,124.25,129.42,136.18,-8.86,Type_V,R_Cheek+L_Cheek+Forehead
44621.jpg,Normal,66.93,133.92,127.51,88.82,Type_I,L_Cheek+Forehead
44708.jpg,Normal,57.48,159.13,159.01,-41.52,Type_VI,R_Cheek+Forehead
44713.jpg,Normal,66.56,139.84,142.99,-57.9,Type_VI,R_Cheek+L_Cheek+Forehead
44714.jpg,Normal,77.03,138.24,143.8,-51.39,Type_VI,L_Cheek+Forehead
44718.jpg,Normal,120.57,148.15,149.42,-7.23,Type_V,R_Cheek+L_Cheek+Forehead
44719.jpg,Normal,105.69,143.39,145.3,-26.3,Type_V,L_Cheek+Forehead
44724.jpg,Normal,103.77,142.84,137.49,-44.43,Type_VI,R_Cheek+L_Cheek+Forehead
44725.jpg,Normal,140.69,142.87,143.45,18.51,Type_IV,L_Cheek+Forehead
4481.jpg,Normal,91.85,149.59,153.49,-28.75,Type_V,L_Cheek+Forehead
44819.jpg,Normal,68.64,144.11,131.49,-81.4,Type_VI,L_Cheek+Forehead
44822.jpg,Normal,88.88,142.74,145.69,-40.57,Type_VI,L_Cheek+Forehead
44908.jpg,Normal,139.84,135.14,137.0,28.26,Type_III,R_Cheek+L_Cheek+Forehead
44910.jpg,Normal,147.61,142.79,129.42,79.8,Type_I,R_Cheek+L_Cheek+Forehead
44911.jpg,Normal,111.15,144.75,144.28,-21.49,Type_V,R_Cheek+L_Cheek+Forehead
44913.jpg,Normal,138.5,142.63,142.75,16.29,Type_IV,R_Cheek+L_Cheek+Forehead
44923.jpg,Normal,151.61,133.82,130.74,73.84,Type_I,R_Cheek+Forehead
45000.jpg,Normal,78.84,145.76,151.99,-38.5,Type_VI,R_Cheek+L_Cheek+Forehead
45002.jpg,Normal,78.6,137.44,131.24,-80.4,Type_VI,R_Cheek+L_Cheek+Forehead
45004.jpg,Normal,24.3,131.15,120.47,79.46,Type_I,R_Cheek+L_Cheek+Forehead
45010.jpg,Normal,127.74,143.14,154.47,0.2,Type_V,R_Cheek+L_Cheek+Forehead
45011.jpg,Normal,76.46,153.55,147.51,-45.74,Type_VI,L_Cheek+Forehead
45012.jpg,Normal,176.12,128.0,128.0,90.0,Type_I,R_Cheek+L_Cheek+Forehead
45014.jpg,Normal,114.09,139.56,144.55,-17.62,Type_V,R_Cheek+Forehead
45023.jpg,Normal,104.26,144.27,135.99,-48.76,Type_VI,R_Cheek+L_Cheek+Forehead
45061.jpg,Normal,100.5,146.54,144.87,-32.1,Type_VI,R_Cheek+L_Cheek+Forehead
45063.jpg,Normal,83.06,145.76,144.34,-46.84,Type_VI,R_Cheek+L_Cheek+Forehead
45075.jpg,Normal,116.75,145.08,156.91,-8.3,Type_V,R_Cheek+Forehead
45078.jpg,Normal,110.54,139.71,143.71,-22.95,Type_V,R_Cheek+Forehead
4508.jpg,Normal,122.35,145.78,158.84,-3.74,Type_V,R_Cheek+L_Cheek+Forehead
45081.jpg,Normal,100.06,141.43,142.06,-37.42,Type_VI,R_Cheek+L_Cheek+Forehead
45168.jpg,Normal,146.34,138.04,144.31,24.37,Type_IV,R_Cheek+L_Cheek+Forehead
45172.jpg,Normal,71.85,134.75,135.58,-70.85,Type_VI,R_Cheek+L_Cheek+Forehead
45175.jpg,Normal,129.91,128.0,128.0,89.94,Type_I,R_Cheek+L_Cheek+Forehead
45177.jpg,Normal,37.48,136.13,138.36,-73.65,Type_VI,L_Cheek+Forehead
45251.jpg,Normal,75.02,140.28,146.34,-48.29,Type_VI,R_Cheek+L_Cheek+Forehead
45253.jpg,Normal,85.43,144.85,143.38,-47.0,Type_VI,R_Cheek+L_Cheek+Forehead
45255.jpg,Normal,105.09,150.19,156.06,-17.39,Type_V,R_Cheek+L_Cheek+Forehead
45260.jpg,Normal,144.31,137.56,150.31,16.46,Type_IV,L_Cheek+Forehead
45262.jpg,Normal,69.19,139.68,135.66,-71.48,Type_VI,L_Cheek+Forehead
45268.jpg,Normal,121.46,144.35,148.28,-6.66,Type_V,R_Cheek+L_Cheek+Forehead
45272.jpg,Normal,129.93,137.27,142.51,3.76,Type_V,L_Cheek+Forehead
45277.jpg,Normal,78.21,161.69,164.62,-27.83,Type_V,L_Cheek+Forehead
45388.jpg,Normal,136.28,142.81,144.49,11.79,Type_IV,R_Cheek+Forehead
45391.jpg,Normal,101.21,148.08,154.48,-21.27,Type_V,R_Cheek+L_Cheek+Forehead
45509.jpg,Normal,74.51,142.19,138.76,-62.62,Type_VI,R_Cheek+L_Cheek+Forehead
4551.jpg,Normal,151.26,145.52,156.8,17.92,Type_IV,R_Cheek+L_Cheek+Forehead
45511.jpg,Normal,99.0,138.64,138.25,-47.46,Type_VI,R_Cheek+L_Cheek+Forehead
45516.jpg,Normal,125.71,138.56,144.61,-2.42,Type_V,L_Cheek+Forehead
45521.jpg,Normal,120.66,128.0,128.0,-89.98,Type_VI,L_Cheek+Forehead
45523.jpg,Normal,132.42,141.41,138.55,10.37,Type_IV,R_Cheek+L_Cheek+Forehead
45525.jpg,Normal,115.84,147.97,152.28,-10.66,Type_V,R_Cheek+L_Cheek+Forehead
45528.jpg,Normal,182.58,137.59,139.94,61.08,Type_I,L_Cheek+Forehead
4553.jpg,Normal,80.63,137.89,143.04,-50.7,Type_VI,R_Cheek+L_Cheek+Forehead
45563.jpg,Normal,62.15,142.92,140.4,-64.18,Type_VI,R_Cheek+L_Cheek+Forehead
45631.jpg,Normal,99.48,136.82,147.84,-28.99,Type_V,R_Cheek+L_Cheek+Forehead
45635.jpg,Normal,64.57,139.59,134.54,-75.15,Type_VI,R_Cheek+L_Cheek+Forehead
45637.jpg,Normal,79.52,136.83,136.8,-64.94,Type_VI,R_Cheek+Forehead
45643.jpg,Normal,62.11,134.97,134.28,-76.24,Type_VI,R_Cheek+L_Cheek+Forehead
45648.jpg,Normal,157.66,140.93,146.7,32.32,Type_III,R_Cheek+L_Cheek+Forehead
45734.jpg,Normal,111.29,135.97,139.01,-30.0,Type_VI,R_Cheek+L_Cheek+Forehead
45755.jpg,Normal,56.25,137.06,135.5,-74.98,Type_VI,R_Cheek+L_Cheek+Forehead
45777.jpg,Normal,126.26,143.64,144.45,-1.7,Type_V,R_Cheek+L_Cheek+Forehead
45780.jpg,Normal,58.43,131.88,132.1,-81.4,Type_VI,R_Cheek+Forehead
45785.jpg,Normal,114.19,137.52,144.34,-17.72,Type_V,L_Cheek+Forehead
45786.jpg,Normal,134.56,144.37,132.03,34.51,Type_III,L_Cheek+Forehead
45790.jpg,Normal,101.17,134.13,144.36,-32.26,Type_VI,R_Cheek+L_Cheek+Forehead
45791.jpg,Normal,50.75,134.67,139.49,-69.11,Type_VI,R_Cheek+L_Cheek+Forehead
45793.jpg,Normal,207.79,158.27,126.07,-86.49,Type_VI,L_Cheek+Forehead
45797.jpg,Normal,68.97,142.19,137.12,-68.34,Type_VI,R_Cheek+L_Cheek+Forehead
45800.jpg,Normal,111.58,133.32,132.12,-56.61,Type_VI,R_Cheek+L_Cheek+Forehead
45805.jpg,Normal,75.3,141.09,141.31,-56.96,Type_VI,R_Cheek+Forehead
45892.jpg,Normal,69.16,146.36,153.55,-41.84,Type_VI,R_Cheek+L_Cheek+Forehead
45898.jpg,Normal,77.0,148.36,149.21,-43.04,Type_VI,R_Cheek+L_Cheek+Forehead
45899.jpg,Normal,167.44,134.77,140.35,51.74,Type_II,L_Cheek+Forehead
45900.jpg,Normal,114.67,157.79,156.46,-10.02,Type_V,R_Cheek+Forehead
45905.jpg,Normal,159.45,144.06,178.17,14.02,Type_IV,R_Cheek+L_Cheek+Forehead
45910.jpg,Normal,76.6,138.85,130.01,-84.24,Type_VI,R_Cheek+L_Cheek+Forehead
45911.jpg,Normal,147.66,144.11,148.56,21.03,Type_IV,R_Cheek+L_Cheek+Forehead
45919.jpg,Normal,111.06,140.73,146.72,-19.0,Type_V,R_Cheek+L_Cheek+Forehead
46012.jpg,Normal,135.96,145.04,152.76,7.63,Type_V,R_Cheek+L_Cheek+Forehead
46013.jpg,Normal,79.82,143.42,147.84,-43.29,Type_VI,R_Cheek+Forehead
46015.jpg,Normal,154.89,146.34,142.54,36.44,Type_III,R_Cheek+L_Cheek+Forehead
46016.jpg,Normal,129.5,141.29,150.99,1.95,Type_V,R_Cheek+L_Cheek+Forehead
46019.jpg,Normal,96.55,141.38,148.27,-30.92,Type_VI,R_Cheek+Forehead
46023.jpg,Normal,119.97,135.48,143.3,-10.92,Type_V,R_Cheek+L_Cheek+Forehead
46029.jpg,Normal,78.27,139.12,134.3,-71.92,Type_VI,R_Cheek+L_Cheek+Forehead
46031.jpg,Normal,130.71,144.45,146.05,3.99,Type_V,R_Cheek+L_Cheek+Forehead
46037.jpg,Normal,171.21,140.11,145.62,44.2,Type_II,R_Cheek+L_Cheek+Forehead
46039.jpg,Normal,167.15,153.2,153.61,31.27,Type_III,R_Cheek+L_Cheek+Forehead
46040.jpg,Normal,108.47,148.36,152.13,-17.18,Type_V,R_Cheek+L_Cheek+Forehead
46162.jpg,Normal,197.82,141.23,150.93,50.25,Type_II,R_Cheek+L_Cheek+Forehead
46163.jpg,Normal,56.25,142.09,141.18,-64.75,Type_VI,R_Cheek+L_Cheek+Forehead
46165.jpg,Normal,36.7,137.42,132.17,-83.33,Type_VI,R_Cheek+L_Cheek+Forehead
46174.jpg,Normal,75.82,142.13,144.97,-50.06,Type_VI,L_Cheek+Forehead
46182.jpg,Normal,110.95,151.36,144.53,-21.43,Type_V,R_Cheek+L_Cheek+Forehead
46258.jpg,Normal,107.58,147.5,150.96,-18.78,Type_V,R_Cheek+L_Cheek+Forehead
46260.jpg,Normal,172.36,146.11,145.22,45.61,Type_II,R_Cheek+L_Cheek+Forehead
46264.jpg,Normal,25.64,147.13,141.44,-71.41,Type_VI,L_Cheek+Forehead
46267.jpg,Normal,140.51,142.15,140.03,22.98,Type_IV,R_Cheek+L_Cheek+Forehead
46272.jpg,Normal,126.0,139.94,142.31,-2.35,Type_V,R_Cheek+L_Cheek+Forehead
4628.jpg,Normal,120.51,142.61,138.2,-15.06,Type_V,R_Cheek+L_Cheek+Forehead
46343.jpg,Normal,87.53,141.98,144.93,-42.79,Type_VI,R_Cheek+L_Cheek+Forehead
46345.jpg,Normal,123.49,140.35,144.2,-5.55,Type_V,R_Cheek+L_Cheek+Forehead
46346.jpg,Normal,125.91,137.38,143.74,-2.27,Type_V,R_Cheek+Forehead
46352.jpg,Normal,103.56,145.05,139.02,-40.44,Type_VI,R_Cheek+L_Cheek+Forehead
46357.jpg,Normal,188.34,135.26,135.34,72.9,Type_I,L_Cheek+Forehead
46461.jpg,Normal,179.64,144.22,148.58,44.82,Type_II,R_Cheek+L_Cheek+Forehead
46463.jpg,Normal,103.49,147.27,156.66,-18.19,Type_V,R_Cheek+L_Cheek+Forehead
46465.jpg,Normal,94.03,145.76,146.95,-34.71,Type_VI,R_Cheek+Forehead
46467.jpg,Normal,101.41,143.74,142.47,-35.26,Type_VI,R_Cheek+Forehead
46473.jpg,Normal,100.38,140.51,144.34,-33.05,Type_VI,R_Cheek+L_Cheek+Forehead
46477.jpg,Normal,165.3,128.0,128.0,90.0,Type_I,L_Cheek+Forehead
46478.jpg,Normal,121.83,139.19,137.47,-13.21,Type_V,R_Cheek+L_Cheek+Forehead
46482.jpg,Normal,110.33,146.62,140.24,-28.82,Type_V,R_Cheek+Forehead
46590.jpg,Normal,114.65,146.49,148.46,-13.84,Type_V,R_Cheek+Forehead
46593.jpg,Normal,64.06,135.03,128.6,-88.62,Type_VI,R_Cheek+Forehead
46596.jpg,Normal,113.9,145.14,140.86,-22.52,Type_V,R_Cheek+L_Cheek+Forehead
46604.jpg,Normal,55.36,136.35,134.31,-77.42,Type_VI,R_Cheek+Forehead
46606.jpg,Normal,125.43,131.63,123.9,11.22,Type_IV,L_Cheek+Forehead
46612.jpg,Normal,120.81,138.81,142.65,-10.15,Type_V,R_Cheek+Forehead
46613.jpg,Normal,54.65,145.4,139.64,-67.84,Type_VI,R_Cheek+L_Cheek+Forehead
46617.jpg,Normal,86.1,138.84,144.31,-44.86,Type_VI,R_Cheek+Forehead
46762.jpg,Normal,41.68,140.36,135.08,-78.12,Type_VI,L_Cheek+Forehead
46764.jpg,Normal,85.22,143.39,144.02,-45.98,Type_VI,R_Cheek+L_Cheek+Forehead
46779.jpg,Normal,138.67,145.78,153.51,9.74,Type_V,L_Cheek+Forehead
46912.jpg,Normal,117.63,143.54,153.63,-8.59,Type_V,L_Cheek+Forehead
46914.jpg,Normal,72.01,157.58,162.65,-32.13,Type_VI,R_Cheek+L_Cheek+Forehead
46915.jpg,Normal,34.28,152.35,144.62,-65.56,Type_VI,L_Cheek+Forehead
47099.jpg,Normal,91.47,143.21,149.51,-33.3,Type_VI,R_Cheek+L_Cheek+Forehead
4710.jpg,Normal,114.99,137.93,138.52,-25.0,Type_V,R_Cheek+L_Cheek+Forehead
47100.jpg,Normal,112.65,128.0,128.0,-89.99,Type_VI,R_Cheek+L_Cheek+Forehead
47112.jpg,Normal,129.5,140.36,141.27,3.38,Type_V,R_Cheek+L_Cheek+Forehead
47256.jpg,Normal,152.64,152.04,147.53,26.78,Type_IV,R_Cheek+L_Cheek+Forehead
47257.jpg,Normal,75.17,133.77,148.13,-45.55,Type_VI,R_Cheek+L_Cheek+Forehead
47260.jpg,Normal,86.62,147.22,141.59,-49.72,Type_VI,R_Cheek+L_Cheek+Forehead
47264.jpg,Normal,47.38,136.4,132.98,-80.99,Type_VI,R_Cheek+L_Cheek+Forehead
47267.jpg,Normal,142.53,150.78,160.59,10.25,Type_IV,R_Cheek+L_Cheek+Forehead
4727.jpg,Normal,190.12,132.9,145.94,53.86,Type_II,R_Cheek+L_Cheek+Forehead
47277.jpg,Normal,95.7,150.52,141.28,-43.21,Type_VI,L_Cheek+Forehead
4728.jpg,Normal,92.46,150.06,145.78,-37.7,Type_VI,R_Cheek+L_Cheek+Forehead
47281.jpg,Normal,142.47,128.0,128.0,89.99,Type_I,R_Cheek+L_Cheek+Forehead
47285.jpg,Normal,94.67,146.64,139.8,-47.5,Type_VI,R_Cheek+L_Cheek+Forehead
47287.jpg,Normal,102.51,144.9,149.89,-24.12,Type_V,R_Cheek+L_Cheek+Forehead
47337.jpg,Normal,155.05,135.01,138.71,45.25,Type_II,R_Cheek+L_Cheek+Forehead
47338.jpg,Normal,121.52,144.03,147.15,-6.98,Type_V,R_Cheek+L_Cheek+Forehead
4734.jpg,Normal,119.45,144.51,146.2,-9.84,Type_V,R_Cheek+Forehead
47347.jpg,Normal,101.84,143.97,137.94,-45.36,Type_VI,R_Cheek+L_Cheek+Forehead
47348.jpg,Normal,128.26,128.0,128.0,89.81,Type_I,R_Cheek+L_Cheek+Forehead
4735.jpg,Normal,123.13,140.35,140.88,-7.58,Type_V,R_Cheek+Forehead
47426.jpg,Normal,113.84,138.44,143.09,-19.54,Type_V,L_Cheek+Forehead
47442.jpg,Normal,135.11,140.11,143.04,11.23,Type_IV,R_Cheek+Forehead
47443.jpg,Normal,120.3,145.99,156.06,-5.75,Type_V,R_Cheek+L_Cheek+Forehead
47447.jpg,Normal,79.14,139.7,143.06,-51.56,Type_VI,R_Cheek+L_Cheek+Forehead
47489.jpg,Normal,211.04,135.06,136.88,74.83,Type_I,L_Cheek+Forehead
47493.jpg,Normal,93.67,145.31,127.01,85.74,Type_I,R_Cheek+Forehead
475.jpg,Normal,181.08,132.14,142.12,56.1,Type_I,R_Cheek+Forehead
47567.jpg,Normal,80.92,143.22,150.64,-38.9,Type_VI,R_Cheek+L_Cheek+Forehead
47570.jpg,Normal,115.14,141.34,152.7,-11.11,Type_V,L_Cheek+Forehead
47571.jpg,Normal,99.8,150.75,149.98,-26.3,Type_V,R_Cheek+Forehead
47573.jpg,Normal,133.41,144.72,145.91,7.37,Type_V,R_Cheek+L_Cheek+Forehead
47579.jpg,Normal,122.14,144.47,148.27,-5.92,Type_V,R_Cheek+Forehead
47581.jpg,Normal,115.65,154.84,155.72,-9.51,Type_V,R_Cheek+L_Cheek+Forehead
47582.jpg,Normal,125.44,146.06,149.43,-2.16,Type_V,R_Cheek+L_Cheek+Forehead
4759.jpg,Normal,120.46,147.64,156.19,-5.59,Type_V,R_Cheek+Forehead
47591.jpg,Normal,140.67,142.9,148.82,13.93,Type_IV,R_Cheek+Forehead
47594.jpg,Normal,39.31,143.9,142.29,-67.55,Type_VI,R_Cheek+L_Cheek+Forehead
47683.jpg,Normal,73.25,140.82,146.06,-49.67,Type_VI,R_Cheek+L_Cheek+Forehead
47684.jpg,Normal,157.1,150.15,150.23,27.57,Type_IV,R_Cheek+L_Cheek+Forehead
47685.jpg,Normal,180.25,149.13,147.96,46.03,Type_II,L_Cheek+Forehead
4769.jpg,Normal,94.01,141.24,145.52,-36.85,Type_VI,R_Cheek+L_Cheek+Forehead
47690.jpg,Normal,112.81,144.89,151.09,-14.01,Type_V,R_Cheek+L_Cheek+Forehead
47692.jpg,Normal,86.64,154.61,147.82,-38.95,Type_VI,R_Cheek+L_Cheek+Forehead
47695.jpg,Normal,135.13,144.76,151.51,7.25,Type_V,R_Cheek+L_Cheek+Forehead
47838.jpg,Normal,85.74,130.74,131.72,-77.19,Type_VI,R_Cheek+L_Cheek+Forehead
47841.jpg,Normal,113.26,128.0,128.0,-89.99,Type_VI,R_Cheek+L_Cheek+Forehead
47842.jpg,Normal,178.44,146.13,152.39,39.32,Type_III,R_Cheek+L_Cheek+Forehead
47847.jpg,Normal,179.59,130.86,135.71,69.33,Type_I,R_Cheek+L_Cheek+Forehead
47848.jpg,Normal,146.82,135.71,147.03,21.71,Type_IV,R_Cheek+L_Cheek+Forehead
4787.jpg,Normal,176.6,147.12,152.12,38.6,Type_III,R_Cheek+Forehead
47903.jpg,Normal,128.54,132.56,132.73,4.94,Type_V,L_Cheek+Forehead
47954.jpg,Normal,148.88,136.4,153.28,18.35,Type_IV,R_Cheek+L_Cheek+Forehead
47955.jpg,Normal,153.15,146.33,149.77,24.8,Type_IV,R_Cheek+L_Cheek+Forehead
47957.jpg,Normal,113.36,139.78,145.37,-17.71,Type_V,L_Cheek+Forehead
47958.jpg,Normal,149.46,141.28,159.65,15.22,Type_IV,R_Cheek+L_Cheek+Forehead
47960.jpg,Normal,151.02,128.0,128.0,89.99,Type_I,L_Cheek+Forehead
47961.jpg,Normal,84.71,143.86,145.56,-43.7,Type_VI,R_Cheek+L_Cheek+Forehead
47966.jpg,Normal,178.93,136.59,137.13,65.64,Type_I,R_Cheek+L_Cheek+Forehead
47968.jpg,Normal,132.28,139.1,139.07,9.62,Type_V,R_Cheek+L_Cheek+Forehead
48030.jpg,Normal,61.63,137.47,142.11,-61.35,Type_VI,L_Cheek+Forehead
4804.jpg,Normal,127.53,147.23,146.97,0.04,Type_V,R_Cheek+L_Cheek+Forehead
48044.jpg,Normal,140.31,128.0,128.0,89.99,Type_I,R_Cheek+L_Cheek+Forehead
48048.jpg,Normal,80.75,143.02,149.42,-40.56,Type_VI,R_Cheek+L_Cheek+Forehead
48049.jpg,Normal,103.32,143.08,155.41,-19.08,Type_V,R_Cheek+L_Cheek+Forehead
48051.jpg,Normal,132.97,128.0,128.0,89.97,Type_I,R_Cheek+L_Cheek+Forehead
48096.jpg,Normal,135.4,137.26,142.19,12.32,Type_IV,R_Cheek+L_Cheek+Forehead
4812.jpg,Normal,142.87,141.68,143.85,20.82,Type_IV,R_Cheek+L_Cheek+Forehead
48131.jpg,Normal,109.52,139.18,136.0,-41.4,Type_VI,R_Cheek+L_Cheek+Forehead
48217.jpg,Normal,106.84,147.9,176.96,-9.4,Type_V,R_Cheek+L_Cheek+Forehead
48220.jpg,Normal,168.21,146.23,161.09,25.76,Type_IV,R_Cheek+L_Cheek+Forehead
48232.jpg,Normal,147.9,139.11,141.66,30.36,Type_III,R_Cheek+L_Cheek+Forehead
48236.jpg,Normal,132.43,141.53,142.9,7.39,Type_V,R_Cheek+L_Cheek+Forehead
48239.jpg,Normal,141.89,139.5,145.54,17.83,Type_IV,R_Cheek+L_Cheek+Forehead
48241.jpg,Normal,138.92,141.14,148.75,12.18,Type_IV,R_Cheek+L_Cheek+Forehead
48318.jpg,Normal,76.18,134.72,133.81,-73.9,Type_VI,R_Cheek+L_Cheek+Forehead
48320.jpg,Normal,64.35,137.17,126.19,85.82,Type_I,L_Cheek+Forehead
48323.jpg,Normal,110.3,154.57,164.65,-10.43,Type_V,R_Cheek+L_Cheek+Forehead
48324.jpg,Normal,111.29,145.74,166.19,-9.45,Type_V,R_Cheek+L_Cheek+Forehead
48329.jpg,Normal,117.39,142.26,146.11,-12.35,Type_V,L_Cheek+Forehead
48334.jpg,Normal,130.1,150.26,146.28,3.19,Type_V,R_Cheek+Forehead
48338.jpg,Normal,99.34,145.26,140.24,-42.07,Type_VI,R_Cheek+L_Cheek+Forehead
48375.jpg,Normal,172.97,139.34,144.64,46.98,Type_II,R_Cheek+Forehead
48394.jpg,Normal,78.82,142.38,153.65,-36.66,Type_VI,R_Cheek+Forehead
48399.jpg,Normal,163.59,138.77,135.57,61.87,Type_I,R_Cheek+L_Cheek+Forehead
484.jpg,Normal,168.5,141.48,145.37,42.79,Type_II,R_Cheek+Forehead
4840.jpg,Normal,66.42,128.0,128.0,-90.0,Type_VI,R_Cheek+L_Cheek+Forehead
48400.jpg,Normal,70.61,142.84,151.17,-43.92,Type_VI,R_Cheek+L_Cheek+Forehead
48408.jpg,Normal,28.03,138.17,137.3,-76.59,Type_VI,R_Cheek+L_Cheek+Forehead
48413.jpg,Normal,128.94,135.96,166.05,0.85,Type_V,R_Cheek+L_Cheek+Forehead
48418.jpg,Normal,169.76,139.21,147.28,40.68,Type_III,R_Cheek+Forehead
48421.jpg,Normal,102.46,149.36,152.87,-21.55,Type_V,R_Cheek+L_Cheek+Forehead
48493.jpg,Normal,96.71,140.26,142.71,-39.37,Type_VI,R_Cheek+Forehead
48494.jpg,Normal,125.3,136.2,141.3,-3.71,Type_V,R_Cheek+L_Cheek+Forehead
48498.jpg,Normal,111.66,144.6,147.26,-17.88,Type_V,R_Cheek+Forehead
48500.jpg,Normal,115.54,138.34,136.6,-28.6,Type_V,R_Cheek+L_Cheek+Forehead
48508.jpg,Normal,88.04,133.57,137.47,-58.55,Type_VI,R_Cheek+L_Cheek+Forehead
4851.jpg,Normal,144.83,145.29,157.12,13.13,Type_IV,R_Cheek+L_Cheek+Forehead
48632.jpg,Normal,94.91,146.47,145.4,-36.3,Type_VI,L_Cheek+Forehead
48635.jpg,Normal,68.23,140.65,144.6,-54.46,Type_VI,R_Cheek+Forehead
48639.jpg,Normal,80.68,141.43,141.48,-53.71,Type_VI,L_Cheek+Forehead
48643.jpg,Normal,72.08,136.04,137.45,-66.5,Type_VI,R_Cheek+L_Cheek+Forehead
48644.jpg,Normal,142.68,141.68,144.03,20.38,Type_IV,R_Cheek+L_Cheek+Forehead
48656.jpg,Normal,28.23,136.61,131.64,-84.66,Type_VI,L_Cheek+Forehead
48658.jpg,Normal,88.01,147.1,134.46,-67.37,Type_VI,L_Cheek+Forehead
48661.jpg,Normal,128.29,150.58,155.09,0.65,Type_V,R_Cheek+Forehead
4875.jpg,Normal,98.28,138.69,145.5,-33.22,Type_VI,R_Cheek+L_Cheek+Forehead
48753.jpg,Normal,47.9,141.04,138.11,-72.05,Type_VI,R_Cheek+L_Cheek+Forehead
48756.jpg,Normal,105.5,141.04,146.81,-24.64,Type_V,L_Cheek+Forehead
48757.jpg,Normal,131.56,133.37,140.5,7.25,Type_V,R_Cheek+L_Cheek+Forehead
48763.jpg,Normal,188.63,135.42,147.07,51.5,Type_II,L_Cheek+Forehead
48765.jpg,Normal,80.68,142.25,145.48,-46.41,Type_VI,R_Cheek+L_Cheek+Forehead
48768.jpg,Normal,82.13,139.36,137.83,-61.09,Type_VI,R_Cheek+L_Cheek+Forehead
48770.jpg,Normal,138.84,143.07,147.87,12.61,Type_IV,R_Cheek+L_Cheek+Forehead
48774.jpg,Normal,162.87,141.24,140.15,48.79,Type_II,R_Cheek+L_Cheek+Forehead
48776.jpg,Normal,195.13,140.25,143.78,59.25,Type_I,R_Cheek+L_Cheek+Forehead
4878.jpg,Normal,36.68,140.85,136.75,-76.2,Type_VI,R_Cheek+L_Cheek+Forehead
48882.jpg,Normal,76.63,143.19,136.78,-66.25,Type_VI,R_Cheek+L_Cheek+Forehead
48887.jpg,Normal,209.08,128.76,129.72,86.92,Type_I,R_Cheek+L_Cheek+Forehead
48928.jpg,Normal,121.06,138.4,151.62,-6.11,Type_V,R_Cheek+L_Cheek+Forehead
48930.jpg,Normal,154.12,133.69,140.17,40.63,Type_III,R_Cheek+L_Cheek+Forehead
48933.jpg,Normal,127.68,136.03,132.64,0.89,Type_V,R_Cheek+L_Cheek+Forehead
48940.jpg,Normal,112.9,137.11,143.46,-20.33,Type_V,R_Cheek+L_Cheek+Forehead
48942.jpg,Normal,105.57,128.0,128.0,-89.99,Type_VI,R_Cheek+L_Cheek+Forehead
48946.jpg,Normal,160.53,148.95,157.79,23.5,Type_IV,R_Cheek+L_Cheek+Forehead
4895.jpg,Normal,92.98,128.87,131.45,-75.7,Type_VI,R_Cheek+L_Cheek+Forehead
48950.jpg,Normal,140.32,138.74,131.08,58.48,Type_I,R_Cheek+L_Cheek+Forehead
48954.jpg,Normal,166.94,145.01,139.96,52.29,Type_II,R_Cheek+L_Cheek+Forehead
49027.jpg,Normal,58.08,147.05,150.09,-50.95,Type_VI,R_Cheek+L_Cheek+Forehead
49028.jpg,Normal,141.95,141.53,159.11,10.32,Type_IV,R_Cheek+L_Cheek+Forehead
49040.jpg,Normal,150.44,153.92,136.04,48.21,Type_II,R_Cheek+L_Cheek+Forehead
49042.jpg,Normal,56.18,157.56,159.22,-41.86,Type_VI,R_Cheek+Forehead
49168.jpg,Normal,125.73,139.45,146.05,-2.2,Type_V,R_Cheek+L_Cheek+Forehead
49170.jpg,Normal,112.66,137.52,147.45,-16.66,Type_V,R_Cheek+L_Cheek+Forehead
49179.jpg,Normal,116.7,145.83,155.91,-8.63,Type_V,R_Cheek+Forehead
49183.jpg,Normal,38.95,136.49,140.68,-69.95,Type_VI,R_Cheek+L_Cheek+Forehead
49189.jpg,Normal,103.97,128.0,128.0,-89.99,Type_VI,R_Cheek+L_Cheek+Forehead
49194.jpg,Normal,111.33,144.86,142.28,-23.95,Type_V,R_Cheek+L_Cheek+Forehead
49288.jpg,Normal,24.87,135.09,130.85,-85.96,Type_VI,R_Cheek+Forehead
49290.jpg,Normal,115.78,143.2,155.23,-9.58,Type_V,R_Cheek+Forehead
4930.jpg,Normal,170.77,128.0,128.0,90.0,Type_I,L_Cheek+Forehead
49304.jpg,Normal,86.88,143.48,144.71,-43.64,Type_VI,R_Cheek+L_Cheek+Forehead
49306.jpg,Normal,74.04,135.59,142.71,-54.94,Type_VI,R_Cheek+L_Cheek+Forehead
49308.jpg,Normal,50.57,135.24,134.01,-78.73,Type_VI,R_Cheek+Forehead
4931.jpg,Normal,116.76,140.47,150.48,-10.61,Type_V,L_Cheek+Forehead
49310.jpg,Normal,128.99,151.39,148.97,1.6,Type_V,R_Cheek+Forehead
49483.jpg,Normal,158.87,147.28,144.93,35.99,Type_III,R_Cheek+L_Cheek+Forehead
49484.jpg,Normal,96.12,156.31,159.05,-21.62,Type_V,R_Cheek+L_Cheek+Forehead
49486.jpg,Normal,94.88,146.53,147.84,-32.82,Type_VI,R_Cheek+L_Cheek+Forehead
49489.jpg,Normal,143.17,139.89,132.38,54.55,Type_II,R_Cheek+Forehead
49576.jpg,Normal,85.4,138.81,139.55,-55.02,Type_VI,R_Cheek+L_Cheek+Forehead
49583.jpg,Normal,104.87,139.55,149.59,-22.34,Type_V,R_Cheek+L_Cheek+Forehead
49586.jpg,Normal,126.3,142.87,147.73,-1.37,Type_V,R_Cheek+L_Cheek+Forehead
49588.jpg,Normal,111.26,140.29,139.73,-28.51,Type_V,R_Cheek+L_Cheek+Forehead
49590.jpg,Normal,141.72,151.74,151.67,13.25,Type_IV,R_Cheek+L_Cheek+Forehead
49591.jpg,Normal,61.05,141.78,142.72,-60.53,Type_VI,R_Cheek+Forehead
49671.jpg,Normal,50.98,138.23,141.36,-66.0,Type_VI,R_Cheek+Forehead
49682.jpg,Normal,91.76,139.11,139.53,-50.55,Type_VI,R_Cheek+L_Cheek+Forehead
49686.jpg,Normal,125.97,155.34,169.49,-0.83,Type_V,R_Cheek+L_Cheek+Forehead
49688.jpg,Normal,114.29,144.01,143.74,-18.21,Type_V,R_Cheek+L_Cheek+Forehead
49695.jpg,Normal,81.07,139.72,139.51,-57.7,Type_VI,R_Cheek+L_Cheek+Forehead
49764.jpg,Normal,70.68,142.45,145.8,-51.38,Type_VI,R_Cheek+L_Cheek+Forehead
49765.jpg,Normal,239.73,131.83,128.52,89.32,Type_I,L_Cheek+Forehead
4977.jpg,Normal,155.23,149.05,148.47,27.98,Type_IV,R_Cheek+Forehead
49771.jpg,Normal,106.72,145.4,144.53,-26.24,Type_V,R_Cheek+L_Cheek+Forehead
49773.jpg,Normal,59.44,136.85,137.39,-70.62,Type_VI,L_Cheek+Forehead
49779.jpg,Normal,130.16,139.23,156.17,2.12,Type_V,L_Cheek+Forehead
49853.jpg,Normal,193.91,141.51,151.12,48.41,Type_II,R_Cheek+L_Cheek+Forehead
49860.jpg,Normal,48.18,143.09,142.5,-65.01,Type_VI,R_Cheek+L_Cheek+Forehead
49861.jpg,Normal,80.42,139.74,144.96,-47.44,Type_VI,R_Cheek+L_Cheek+Forehead
49863.jpg,Normal,51.57,134.1,132.51,-81.4,Type_VI,R_Cheek+L_Cheek+Forehead
49864.jpg,Normal,110.02,140.39,137.35,-36.26,Type_VI,R_Cheek+L_Cheek+Forehead
49867.jpg,Normal,91.39,148.77,156.01,-26.82,Type_V,R_Cheek+Forehead
49869.jpg,Normal,90.01,145.5,143.06,-44.32,Type_VI,R_Cheek+L_Cheek+Forehead
49872.jpg,Normal,104.5,140.6,143.35,-30.44,Type_VI,L_Cheek+Forehead
49966.jpg,Normal,77.99,135.77,133.78,-73.41,Type_VI,R_Cheek+L_Cheek+Forehead
49969.jpg,Normal,157.93,152.36,133.64,64.68,Type_I,R_Cheek+L_Cheek+Forehead
49970.jpg,Normal,57.34,151.89,150.33,-50.94,Type_VI,R_Cheek+L_Cheek+Forehead
49974.jpg,Normal,49.64,138.88,135.39,-76.39,Type_VI,R_Cheek+L_Cheek+Forehead
49977.jpg,Normal,128.28,143.59,143.23,1.15,Type_V,R_Cheek+L_Cheek+Forehead
4998.jpg,Normal,62.26,145.72,146.59,-54.0,Type_VI,R_Cheek+Forehead
49981.jpg,Normal,80.86,140.82,131.29,-79.8,Type_VI,R_Cheek+L_Cheek+Forehead
49983.jpg,Normal,138.21,143.37,143.84,14.85,Type_IV,R_Cheek+L_Cheek+Forehead
49985.jpg,Normal,153.32,145.18,149.94,24.78,Type_IV,R_Cheek+Forehead
50055.jpg,Normal,44.6,140.18,139.11,-71.12,Type_VI,R_Cheek+Forehead
50058.jpg,Normal,83.12,143.12,145.96,-44.09,Type_VI,R_Cheek+L_Cheek+Forehead
50059.jpg,Normal,132.38,160.22,161.11,3.31,Type_V,R_Cheek+Forehead
5006.jpg,Normal,153.97,139.78,134.43,58.22,Type_I,R_Cheek+L_Cheek+Forehead
50060.jpg,Normal,141.95,146.87,150.27,14.28,Type_IV,R_Cheek+Forehead
50064.jpg,Normal,172.68,139.34,145.22,45.82,Type_II,R_Cheek+L_Cheek+Forehead
50065.jpg,Normal,48.95,140.11,144.42,-61.94,Type_VI,R_Cheek+L_Cheek+Forehead
50075.jpg,Normal,136.26,140.93,151.32,8.38,Type_V,R_Cheek+Forehead
50161.jpg,Normal,224.22,131.2,141.33,70.63,Type_I,R_Cheek+Forehead
50163.jpg,Normal,91.6,144.63,149.37,-33.37,Type_VI,R_Cheek+Forehead
50164.jpg,Normal,96.3,148.56,150.82,-28.2,Type_V,R_Cheek+L_Cheek+Forehead
50166.jpg,Normal,97.15,137.33,133.71,-64.38,Type_VI,R_Cheek+L_Cheek+Forehead
50169.jpg,Normal,137.13,141.93,142.33,14.76,Type_IV,R_Cheek+L_Cheek+Forehead
50171.jpg,Normal,57.95,144.65,145.99,-56.6,Type_VI,L_Cheek+Forehead
50174.jpg,Normal,116.89,134.22,131.86,-47.14,Type_VI,R_Cheek+L_Cheek+Forehead
50180.jpg,Normal,125.69,164.97,174.71,-0.87,Type_V,R_Cheek+L_Cheek+Forehead
50181.jpg,Normal,126.05,128.0,128.0,-89.9,Type_VI,R_Cheek+Forehead
50186.jpg,Normal,193.55,143.74,147.58,52.91,Type_II,R_Cheek+L_Cheek+Forehead
50272.jpg,Normal,107.41,133.03,131.93,-63.47,Type_VI,R_Cheek+L_Cheek+Forehead
50273.jpg,Normal,138.42,143.75,146.15,13.28,Type_IV,R_Cheek+L_Cheek+Forehead
50274.jpg,Normal,134.94,141.15,150.36,7.43,Type_V,R_Cheek+L_Cheek+Forehead
50275.jpg,Normal,123.18,140.49,151.21,-4.18,Type_V,R_Cheek+L_Cheek+Forehead
50276.jpg,Normal,127.84,147.73,154.8,0.28,Type_V,R_Cheek+L_Cheek+Forehead
50277.jpg,Normal,154.28,147.17,153.9,22.08,Type_IV,R_Cheek+L_Cheek+Forehead
50279.jpg,Normal,49.84,139.32,140.18,-68.2,Type_VI,L_Cheek+Forehead
50280.jpg,Normal,103.44,143.13,142.86,-32.42,Type_VI,R_Cheek+L_Cheek+Forehead
50287.jpg,Normal,117.14,142.87,144.14,-14.13,Type_V,R_Cheek+L_Cheek+Forehead
50289.jpg,Normal,129.71,148.5,149.44,2.31,Type_V,R_Cheek+L_Cheek+Forehead
50355.jpg,Normal,132.83,140.82,127.88,-86.85,Type_VI,R_Cheek+Forehead
50359.jpg,Normal,187.54,139.95,142.21,58.89,Type_I,R_Cheek+L_Cheek+Forehead
5036.jpg,Normal,167.98,131.4,143.97,44.83,Type_II,L_Cheek+Forehead
50360.jpg,Normal,167.02,140.56,142.61,46.69,Type_II,R_Cheek+Forehead
50364.jpg,Normal,151.55,132.1,137.6,44.5,Type_II,R_Cheek+L_Cheek+Forehead
50365.jpg,Normal,84.43,137.7,140.72,-53.01,Type_VI,R_Cheek+L_Cheek+Forehead
50367.jpg,Normal,106.29,140.35,139.69,-35.43,Type_VI,L_Cheek+Forehead
50368.jpg,Normal,150.51,141.87,161.08,15.26,Type_IV,R_Cheek+L_Cheek+Forehead
50370.jpg,Normal,92.53,141.94,157.88,-24.66,Type_V,R_Cheek+L_Cheek+Forehead
50372.jpg,Normal,156.54,147.49,151.19,26.16,Type_IV,R_Cheek+L_Cheek+Forehead
50380.jpg,Normal,73.36,136.87,141.73,-57.11,Type_VI,R_Cheek+L_Cheek+Forehead
50457.jpg,Normal,86.95,138.13,151.27,-34.35,Type_VI,R_Cheek+L_Cheek+Forehead
50458.jpg,Normal,106.13,140.98,148.86,-21.89,Type_V,R_Cheek+Forehead
50468.jpg,Normal,96.33,148.44,149.52,-29.59,Type_V,L_Cheek+Forehead
50469.jpg,Normal,104.57,141.09,144.47,-28.64,Type_V,R_Cheek+L_Cheek+Forehead
50472.jpg,Normal,79.51,135.81,136.04,-66.87,Type_VI,L_Cheek+Forehead
50595.jpg,Normal,116.93,141.43,136.76,-25.32,Type_V,R_Cheek+L_Cheek+Forehead
50600.jpg,Normal,96.19,140.57,142.27,-40.71,Type_VI,R_Cheek+L_Cheek+Forehead
50601.jpg,Normal,137.97,139.1,140.53,18.14,Type_IV,R_Cheek+L_Cheek+Forehead
50602.jpg,Normal,118.77,141.96,144.12,-11.99,Type_V,L_Cheek+Forehead
50603.jpg,Normal,98.12,139.45,150.32,-27.3,Type_V,R_Cheek+L_Cheek+Forehead
50605.jpg,Normal,130.67,139.34,144.42,4.33,Type_V,R_Cheek+L_Cheek+Forehead
50606.jpg,Normal,115.63,153.45,153.77,-10.24,Type_V,R_Cheek+Forehead
50610.jpg,Normal,117.38,147.09,145.21,-12.99,Type_V,R_Cheek+L_Cheek+Forehead
50611.jpg,Normal,87.33,133.4,139.7,-53.39,Type_VI,R_Cheek+L_Cheek+Forehead
50614.jpg,Normal,158.43,159.27,165.42,17.96,Type_IV,R_Cheek+Forehead
50616.jpg,Normal,147.8,138.12,139.23,35.33,Type_III,R_Cheek+L_Cheek+Forehead
50624.jpg,Normal,148.03,164.28,179.15,8.94,Type_V,R_Cheek+L_Cheek+Forehead
50723.jpg,Normal,139.28,139.09,137.85,25.11,Type_IV,R_Cheek+L_Cheek+Forehead
50729.jpg,Normal,44.76,146.38,148.68,-57.49,Type_VI,R_Cheek+L_Cheek+Forehead
5073.jpg,Normal,106.6,141.11,140.29,-33.7,Type_VI,R_Cheek+L_Cheek+Forehead
50737.jpg,Normal,88.6,137.94,146.84,-38.99,Type_VI,R_Cheek+L_Cheek+Forehead
50739.jpg,Normal,124.36,134.26,134.34,-11.01,Type_V,R_Cheek+L_Cheek+Forehead
50763.jpg,Normal,135.01,163.05,159.55,5.33,Type_V,R_Cheek+L_Cheek+Forehead
50815.jpg,Normal,66.62,146.84,149.22,-48.38,Type_VI,R_Cheek+Forehead
50865.jpg,Normal,69.12,143.16,142.42,-57.79,Type_VI,L_Cheek+Forehead
5091.jpg,Normal,129.54,142.15,151.86,1.92,Type_V,R_Cheek+L_Cheek+Forehead
50913.jpg,Normal,127.71,142.66,141.69,0.35,Type_V,R_Cheek+L_Cheek+Forehead
50915.jpg,Normal,87.21,137.0,129.32,-85.23,Type_VI,R_Cheek+L_Cheek+Forehead
50916.jpg,Normal,50.85,134.97,136.48,-74.24,Type_VI,L_Cheek+Forehead
50918.jpg,Normal,122.9,143.16,138.77,-9.51,Type_V,R_Cheek+L_Cheek+Forehead
50941.jpg,Normal,134.56,148.65,141.66,11.46,Type_IV,L_Cheek+Forehead
51004.jpg,Normal,156.82,127.46,134.0,62.42,Type_I,R_Cheek+L_Cheek+Forehead
51065.jpg,Normal,113.36,144.25,151.31,-13.38,Type_V,R_Cheek+L_Cheek+Forehead
51068.jpg,Normal,101.56,140.4,145.34,-30.4,Type_VI,L_Cheek+Forehead
51071.jpg,Normal,157.22,150.22,147.0,31.53,Type_III,R_Cheek+L_Cheek+Forehead
5108.jpg,Normal,74.42,135.71,132.77,-77.08,Type_VI,R_Cheek+Forehead
51253.jpg,Normal,68.26,141.53,141.9,-59.1,Type_VI,R_Cheek+L_Cheek+Forehead
51254.jpg,Normal,97.76,143.88,147.24,-31.23,Type_VI,R_Cheek+L_Cheek+Forehead
51256.jpg,Normal,166.07,151.95,147.23,38.19,Type_III,R_Cheek+L_Cheek+Forehead
51259.jpg,Normal,104.28,152.96,137.17,-44.79,Type_VI,R_Cheek+L_Cheek+Forehead
51264.jpg,Normal,79.63,141.72,145.12,-47.63,Type_VI,R_Cheek+L_Cheek+Forehead
51339.jpg,Normal,146.52,142.11,150.75,18.15,Type_IV,R_Cheek+L_Cheek+Forehead
51360.jpg,Normal,122.06,148.51,148.62,-5.91,Type_V,R_Cheek+L_Cheek+Forehead
51448.jpg,Normal,128.71,142.83,149.53,1.26,Type_V,L_Cheek+Forehead
51449.jpg,Normal,101.56,143.71,127.87,89.27,Type_I,R_Cheek+Forehead
51450.jpg,Normal,133.71,145.32,156.79,4.83,Type_V,L_Cheek+Forehead
51453.jpg,Normal,155.89,144.72,144.16,34.56,Type_III,R_Cheek+L_Cheek+Forehead
51456.jpg,Normal,102.86,127.99,128.24,-88.58,Type_VI,R_Cheek+L_Cheek+Forehead
51457.jpg,Normal,117.48,138.35,137.63,-22.18,Type_V,R_Cheek+L_Cheek+Forehead
51466.jpg,Normal,156.36,142.98,148.99,28.34,Type_III,R_Cheek+L_Cheek+Forehead
51569.jpg,Normal,54.75,136.79,142.48,-63.09,Type_VI,R_Cheek+L_Cheek+Forehead
51572.jpg,Normal,115.6,151.28,135.84,-30.75,Type_VI,R_Cheek+L_Cheek+Forehead
51575.jpg,Normal,131.17,132.59,142.38,5.72,Type_V,R_Cheek+Forehead
51577.jpg,Normal,49.16,134.46,132.24,-82.13,Type_VI,R_Cheek+L_Cheek+Forehead
51578.jpg,Normal,74.16,128.47,132.28,-78.43,Type_VI,R_Cheek+L_Cheek+Forehead
51581.jpg,Normal,136.4,143.73,143.87,12.4,Type_IV,R_Cheek+L_Cheek+Forehead
51656.jpg,Normal,161.55,128.0,128.0,90.0,Type_I,R_Cheek+L_Cheek+Forehead
51660.jpg,Normal,120.96,140.45,139.51,-12.56,Type_V,R_Cheek+L_Cheek+Forehead
51663.jpg,Normal,128.12,149.35,144.25,0.85,Type_V,R_Cheek+L_Cheek+Forehead
51665.jpg,Normal,132.16,144.97,145.49,5.96,Type_V,R_Cheek+L_Cheek+Forehead
51666.jpg,Normal,141.8,147.28,153.69,12.32,Type_IV,R_Cheek+L_Cheek+Forehead
51734.jpg,Normal,132.41,144.51,160.83,3.36,Type_V,R_Cheek+L_Cheek+Forehead
5174.jpg,Normal,45.68,136.07,137.52,-73.48,Type_VI,R_Cheek+L_Cheek+Forehead
51740.jpg,Normal,102.42,144.29,149.82,-24.26,Type_V,R_Cheek+L_Cheek+Forehead
51744.jpg,Normal,108.07,141.19,144.01,-25.45,Type_V,R_Cheek+L_Cheek+Forehead
51750.jpg,Normal,164.0,133.2,135.81,61.37,Type_I,R_Cheek+L_Cheek+Forehead
51753.jpg,Normal,119.69,135.38,140.19,-14.11,Type_V,R_Cheek+Forehead
51842.jpg,Normal,76.44,143.71,128.57,-88.38,Type_VI,L_Cheek+Forehead
51843.jpg,Normal,93.99,142.04,145.93,-36.23,Type_VI,L_Cheek+Forehead
51844.jpg,Normal,173.72,145.59,152.76,36.21,Type_III,R_Cheek+L_Cheek+Forehead
51846.jpg,Normal,117.36,143.57,150.12,-10.19,Type_V,R_Cheek+L_Cheek+Forehead
51857.jpg,Normal,65.85,131.93,132.54,-79.37,Type_VI,R_Cheek+Forehead
51858.jpg,Normal,122.88,154.97,118.24,10.52,Type_IV,R_Cheek+L_Cheek+Forehead
51859.jpg,Normal,56.59,145.55,139.32,-67.84,Type_VI,R_Cheek+L_Cheek+Forehead
51860.jpg,Normal,127.09,128.0,128.0,-89.64,Type_VI,L_Cheek+Forehead
51861.jpg,Normal,109.84,145.79,147.68,-19.39,Type_V,R_Cheek+Forehead
51862.jpg,Normal,83.81,139.67,145.19,-44.9,Type_VI,L_Cheek+Forehead
51865.jpg,Normal,109.93,144.45,137.53,-35.87,Type_VI,R_Cheek+L_Cheek+Forehead
51869.jpg,Normal,115.57,143.29,140.18,-21.01,Type_V,R_Cheek+L_Cheek+Forehead
5187.jpg,Normal,87.08,143.79,151.61,-33.88,Type_VI,R_Cheek+L_Cheek+Forehead
51940.jpg,Normal,96.85,148.92,137.19,-52.6,Type_VI,R_Cheek+L_Cheek+Forehead
51948.jpg,Normal,122.49,140.54,143.92,-7.04,Type_V,R_Cheek+L_Cheek+Forehead
51957.jpg,Normal,138.21,146.37,152.19,9.86,Type_V,R_Cheek+L_Cheek+Forehead
51962.jpg,Normal,130.74,133.4,150.33,3.26,Type_V,R_Cheek+Forehead
51965.jpg,Normal,128.21,150.66,160.78,0.49,Type_V,L_Cheek+Forehead
52052.jpg,Normal,156.02,150.29,147.26,30.15,Type_III,R_Cheek+L_Cheek+Forehead
52053.jpg,Normal,75.32,137.9,133.87,-73.98,Type_VI,L_Cheek+Forehead
52055.jpg,Normal,105.91,133.81,134.17,-53.93,Type_VI,R_Cheek+L_Cheek+Forehead
52059.jpg,Normal,129.8,136.9,133.67,9.03,Type_V,R_Cheek+L_Cheek+Forehead
52060.jpg,Normal,161.13,140.87,139.98,47.74,Type_II,R_Cheek+L_Cheek+Forehead
52070.jpg,Normal,132.45,147.47,144.03,6.91,Type_V,R_Cheek+L_Cheek+Forehead
52071.jpg,Normal,76.63,137.6,141.05,-56.81,Type_VI,R_Cheek+L_Cheek+Forehead
52076.jpg,Normal,167.52,151.44,147.83,38.36,Type_III,L_Cheek+Forehead
52077.jpg,Normal,65.63,145.29,146.06,-53.33,Type_VI,R_Cheek+Forehead
52140.jpg,Normal,127.22,133.28,143.47,-0.41,Type_V,R_Cheek+L_Cheek+Forehead
52222.jpg,Normal,111.37,139.82,152.12,-14.7,Type_V,L_Cheek+Forehead
52223.jpg,Normal,110.85,157.94,160.67,-11.3,Type_V,R_Cheek+Forehead
52228.jpg,Normal,126.45,140.49,126.73,17.92,Type_IV,L_Cheek+Forehead
52243.jpg,Normal,115.63,135.83,141.24,-19.38,Type_V,R_Cheek+L_Cheek+Forehead
52244.jpg,Normal,110.18,128.0,128.0,-89.99,Type_VI,R_Cheek+L_Cheek+Forehead
52245.jpg,Normal,165.6,144.99,150.37,33.74,Type_III,R_Cheek+L_Cheek+Forehead
52324.jpg,Normal,64.86,144.29,124.62,82.16,Type_I,R_Cheek+L_Cheek+Forehead
52329.jpg,Normal,109.5,139.94,142.94,-25.29,Type_V,R_Cheek+L_Cheek+Forehead
5233.jpg,Normal,130.13,145.71,145.2,3.43,Type_V,R_Cheek+L_Cheek+Forehead
52330.jpg,Normal,150.62,138.59,111.7,-29.08,Type_V,R_Cheek+L_Cheek+Forehead
52335.jpg,Normal,188.57,130.02,149.12,48.59,Type_II,R_Cheek+L_Cheek+Forehead
52342.jpg,Normal,153.48,147.85,152.93,22.22,Type_IV,R_Cheek+L_Cheek+Forehead
52434.jpg,Normal,72.56,142.37,148.17,-46.89,Type_VI,L_Cheek+Forehead
52437.jpg,Normal,33.82,128.0,128.0,-90.0,Type_VI,R_Cheek+L_Cheek+Forehead
52438.jpg,Normal,92.78,141.62,138.22,-53.1,Type_VI,L_Cheek+Forehead
52554.jpg,Normal,160.77,129.96,137.95,52.67,Type_II,R_Cheek+L_Cheek+Forehead
52556.jpg,Normal,68.64,148.98,156.57,-38.94,Type_VI,R_Cheek+L_Cheek+Forehead
52558.jpg,Normal,78.04,147.14,144.77,-49.15,Type_VI,R_Cheek+Forehead
52559.jpg,Normal,72.71,138.69,135.08,-71.77,Type_VI,R_Cheek+L_Cheek+Forehead
5256.jpg,Normal,164.1,140.2,144.2,41.53,Type_II,R_Cheek+L_Cheek+Forehead
52561.jpg,Normal,113.48,143.96,146.03,-16.96,Type_V,R_Cheek+L_Cheek+Forehead
52563.jpg,Normal,119.98,138.94,134.27,-25.2,Type_V,R_Cheek+L_Cheek+Forehead
52571.jpg,Normal,78.53,136.54,134.38,-71.63,Type_VI,R_Cheek+Forehead
52576.jpg,Normal,59.34,138.54,138.91,-67.79,Type_VI,R_Cheek+L_Cheek+Forehead
52710.jpg,Normal,100.73,129.81,134.57,-57.96,Type_VI,R_Cheek+L_Cheek+Forehead
52712.jpg,Normal,59.28,139.02,139.23,-67.23,Type_VI,R_Cheek+Forehead
52719.jpg,Normal,118.01,145.75,144.32,-12.85,Type_V,R_Cheek+Forehead
5272.jpg,Normal,194.03,144.87,138.29,68.48,Type_I,R_Cheek+L_Cheek+Forehead
52723.jpg,Normal,99.56,138.86,129.76,-80.86,Type_VI,R_Cheek+L_Cheek+Forehead
52729.jpg,Normal,130.23,139.29,144.51,3.71,Type_V,R_Cheek+L_Cheek+Forehead
52792.jpg,Normal,112.72,144.06,144.14,-19.75,Type_V,R_Cheek+L_Cheek+Forehead
52798.jpg,Normal,73.1,154.67,156.31,-37.0,Type_VI,R_Cheek+L_Cheek+Forehead
52799.jpg,Normal,104.02,141.42,139.33,-39.11,Type_VI,R_Cheek+L_Cheek+Forehead
5280.jpg,Normal,94.64,150.24,148.49,-32.16,Type_VI,R_Cheek+L_Cheek+Forehead
52800.jpg,Normal,94.03,141.54,140.92,-45.46,Type_VI,R_Cheek+L_Cheek+Forehead
52804.jpg,Normal,115.13,128.0,128.0,-89.99,Type_VI,R_Cheek+L_Cheek+Forehead
5289.jpg,Normal,61.08,137.95,144.65,-57.41,Type_VI,R_Cheek+L_Cheek+Forehead
52891.jpg,Normal,178.14,142.8,151.21,40.55,Type_III,R_Cheek+L_Cheek+Forehead
52893.jpg,Normal,165.22,148.16,142.57,45.42,Type_II,R_Cheek+L_Cheek+Forehead
52898.jpg,Normal,68.42,135.17,141.72,-59.37,Type_VI,R_Cheek+L_Cheek+Forehead
5291.jpg,Normal,92.88,145.53,148.69,-33.27,Type_VI,R_Cheek+L_Cheek+Forehead
52916.jpg,Normal,90.71,138.96,144.39,-41.35,Type_VI,R_Cheek+L_Cheek+Forehead
5302.jpg,Normal,128.66,137.49,150.72,1.15,Type_V,R_Cheek+Forehead
53020.jpg,Normal,56.17,147.27,146.17,-56.99,Type_VI,R_Cheek+L_Cheek+Forehead
53023.jpg,Normal,121.24,143.82,143.44,-9.04,Type_V,R_Cheek+L_Cheek+Forehead
53025.jpg,Normal,111.62,145.13,144.03,-21.23,Type_V,L_Cheek+Forehead
53027.jpg,Normal,143.74,134.66,129.58,76.09,Type_I,R_Cheek+L_Cheek+Forehead
53030.jpg,Normal,115.66,145.7,157.27,-9.01,Type_V,R_Cheek+L_Cheek+Forehead
53035.jpg,Normal,124.76,135.32,141.95,-4.41,Type_V,R_Cheek+L_Cheek+Forehead
53172.jpg,Normal,75.06,146.58,146.8,-47.56,Type_VI,L_Cheek+Forehead
53177.jpg,Normal,207.14,139.32,135.64,76.25,Type_I,R_Cheek+L_Cheek+Forehead
53194.jpg,Normal,65.42,138.03,138.87,-65.95,Type_VI,R_Cheek+Forehead
53292.jpg,Normal,81.78,146.13,148.77,-40.8,Type_VI,R_Cheek+L_Cheek+Forehead
53297.jpg,Normal,79.47,150.19,147.99,-43.29,Type_VI,R_Cheek+L_Cheek+Forehead
53308.jpg,Normal,61.51,133.07,135.97,-72.89,Type_VI,R_Cheek+L_Cheek+Forehead
5331.jpg,Normal,51.41,134.95,132.15,-82.09,Type_VI,R_Cheek+L_Cheek+Forehead
53310.jpg,Normal,120.11,158.58,164.91,-4.49,Type_V,R_Cheek+L_Cheek+Forehead
53403.jpg,Normal,96.42,142.65,137.83,-51.12,Type_VI,R_Cheek+Forehead
53407.jpg,Normal,138.64,136.38,133.63,37.82,Type_III,R_Cheek+L_Cheek+Forehead
53425.jpg,Normal,171.03,148.31,151.01,36.57,Type_III,R_Cheek+Forehead
53461.jpg,Normal,94.1,159.03,158.57,-23.19,Type_V,L_Cheek+Forehead
53462.jpg,Normal,169.26,139.11,140.55,52.54,Type_II,R_Cheek+L_Cheek+Forehead
53463.jpg,Normal,109.24,142.52,146.99,-20.67,Type_V,R_Cheek+L_Cheek+Forehead
53465.jpg,Normal,134.7,143.77,130.12,53.06,Type_II,R_Cheek+L_Cheek+Forehead
53468.jpg,Normal,176.63,133.46,135.59,68.5,Type_I,R_Cheek+Forehead
53469.jpg,Normal,212.4,132.71,135.04,78.06,Type_I,R_Cheek+L_Cheek+Forehead
53472.jpg,Normal,122.45,131.41,146.17,-6.22,Type_V,R_Cheek+L_Cheek+Forehead
53475.jpg,Normal,157.62,135.25,137.56,51.03,Type_II,R_Cheek+L_Cheek+Forehead
53479.jpg,Normal,89.19,143.51,151.88,-32.17,Type_VI,R_Cheek+L_Cheek+Forehead
53482.jpg,Normal,98.67,145.14,144.23,-34.86,Type_VI,R_Cheek+L_Cheek+Forehead
53483.jpg,Normal,79.77,136.32,137.26,-63.68,Type_VI,R_Cheek+Forehead
53517.jpg,Normal,52.67,144.7,147.83,-55.96,Type_VI,R_Cheek+L_Cheek+Forehead
53558.jpg,Normal,113.67,139.23,134.03,-41.99,Type_VI,R_Cheek+L_Cheek+Forehead
53587.jpg,Normal,106.51,151.08,147.46,-22.93,Type_V,R_Cheek+Forehead
53589.jpg,Normal,109.4,147.03,153.91,-15.32,Type_V,R_Cheek+L_Cheek+Forehead
53592.jpg,Normal,112.49,142.44,146.46,-17.68,Type_V,R_Cheek+Forehead
53593.jpg,Normal,156.22,143.21,145.35,32.99,Type_III,R_Cheek+L_Cheek+Forehead
53597.jpg,Normal,131.32,139.9,138.84,7.86,Type_V,L_Cheek+Forehead
53598.jpg,Normal,154.34,151.86,152.14,23.56,Type_IV,L_Cheek+Forehead
53674.jpg,Normal,64.64,134.76,139.1,-65.77,Type_VI,L_Cheek+Forehead
53744.jpg,Normal,102.09,144.51,147.63,-26.91,Type_V,L_Cheek+Forehead
53748.jpg,Normal,78.37,147.25,141.01,-55.98,Type_VI,R_Cheek+L_Cheek+Forehead
53752.jpg,Normal,119.62,143.92,142.93,-11.69,Type_V,R_Cheek+L_Cheek+Forehead
53756.jpg,Normal,161.63,142.58,143.8,40.27,Type_III,R_Cheek+Forehead
53862.jpg,Normal,113.49,146.51,142.75,-20.43,Type_V,R_Cheek+L_Cheek+Forehead
53869.jpg,Normal,185.88,153.71,152.71,42.81,Type_II,R_Cheek+L_Cheek+Forehead
53872.jpg,Normal,47.71,146.11,152.64,-51.78,Type_VI,R_Cheek+L_Cheek+Forehead
53879.jpg,Normal,133.57,144.64,155.87,4.89,Type_V,L_Cheek+Forehead
53886.jpg,Normal,99.81,157.11,159.94,-18.78,Type_V,R_Cheek+L_Cheek+Forehead
53887.jpg,Normal,144.83,142.99,159.21,12.28,Type_IV,R_Cheek+L_Cheek+Forehead
53889.jpg,Normal,138.62,147.12,149.8,11.32,Type_IV,R_Cheek+L_Cheek+Forehead
53926.jpg,Normal,69.22,138.4,133.0,-77.65,Type_VI,R_Cheek+Forehead
53933.jpg,Normal,42.4,135.27,134.05,-79.72,Type_VI,R_Cheek+L_Cheek+Forehead
53936.jpg,Normal,155.3,141.63,138.05,47.34,Type_II,R_Cheek+L_Cheek+Forehead
54010.jpg,Normal,125.47,141.61,141.12,-3.48,Type_V,R_Cheek+L_Cheek+Forehead
5402.jpg,Normal,128.98,151.92,154.61,1.25,Type_V,L_Cheek+Forehead
54021.jpg,Normal,101.85,145.73,143.86,-32.38,Type_VI,R_Cheek+L_Cheek+Forehead
54022.jpg,Normal,90.88,148.05,151.94,-30.96,Type_VI,R_Cheek+L_Cheek+Forehead
54024.jpg,Normal,43.48,147.38,147.22,-59.75,Type_VI,R_Cheek+Forehead
54150.jpg,Normal,152.69,144.62,146.91,27.58,Type_IV,R_Cheek+Forehead
54151.jpg,Normal,122.76,148.79,154.63,-3.99,Type_V,R_Cheek+Forehead
54153.jpg,Normal,104.45,161.34,167.25,-12.97,Type_V,R_Cheek+Forehead
54159.jpg,Normal,46.19,130.55,134.49,-78.5,Type_VI,L_Cheek+Forehead
54160.jpg,Normal,142.62,144.98,142.46,22.29,Type_IV,R_Cheek+L_Cheek+Forehead
54170.jpg,Normal,52.41,139.83,144.2,-61.18,Type_VI,R_Cheek+Forehead
54172.jpg,Normal,112.09,141.08,141.29,-24.45,Type_V,R_Cheek+Forehead
54173.jpg,Normal,171.93,142.47,154.83,33.0,Type_III,R_Cheek+L_Cheek+Forehead
54174.jpg,Normal,148.18,139.05,128.6,85.74,Type_I,R_Cheek+L_Cheek+Forehead
54175.jpg,Normal,128.92,134.92,134.8,4.68,Type_V,R_Cheek+L_Cheek+Forehead
54176.jpg,Normal,92.93,142.8,147.42,-34.92,Type_VI,R_Cheek+L_Cheek+Forehead
54177.jpg,Normal,93.85,139.07,150.77,-30.09,Type_VI,L_Cheek+Forehead
54289.jpg,Normal,56.62,133.6,134.18,-77.46,Type_VI,R_Cheek+L_Cheek+Forehead
54294.jpg,Normal,188.74,138.84,165.82,32.42,Type_III,R_Cheek+L_Cheek+Forehead
54295.jpg,Normal,141.89,133.97,148.75,15.21,Type_IV,R_Cheek+L_Cheek+Forehead
5430.jpg,Normal,48.33,151.2,144.21,-62.42,Type_VI,R_Cheek+L_Cheek+Forehead
54300.jpg,Normal,111.38,137.32,154.35,-13.49,Type_V,L_Cheek+Forehead
54302.jpg,Normal,33.87,131.0,131.98,-83.81,Type_VI,R_Cheek+Forehead
54439.jpg,Normal,97.6,136.4,137.61,-50.65,Type_VI,R_Cheek+L_Cheek+Forehead
54443.jpg,Normal,115.34,143.92,153.38,-10.64,Type_V,R_Cheek+L_Cheek+Forehead
54445.jpg,Normal,146.5,140.11,154.72,15.58,Type_IV,R_Cheek+L_Cheek+Forehead
5445.jpg,Normal,116.25,148.66,145.6,-14.07,Type_V,R_Cheek+L_Cheek+Forehead
54451.jpg,Normal,155.11,151.28,155.7,21.35,Type_IV,R_Cheek+Forehead
54453.jpg,Normal,124.9,148.62,151.65,-2.47,Type_V,R_Cheek+L_Cheek+Forehead
54553.jpg,Normal,117.62,143.97,146.08,-12.09,Type_V,R_Cheek+L_Cheek+Forehead
54559.jpg,Normal,45.84,141.37,148.03,-57.98,Type_VI,R_Cheek+L_Cheek+Forehead
54560.jpg,Normal,115.45,151.71,145.06,-15.48,Type_V,L_Cheek+Forehead
54680.jpg,Normal,157.33,142.79,146.18,32.76,Type_III,R_Cheek+L_Cheek+Forehead
54684.jpg,Normal,108.52,141.9,144.09,-24.83,Type_V,L_Cheek+Forehead
54688.jpg,Normal,137.88,135.4,136.07,26.78,Type_IV,L_Cheek+Forehead
54690.jpg,Normal,77.25,142.53,141.73,-55.13,Type_VI,R_Cheek+L_Cheek+Forehead
54692.jpg,Normal,137.76,136.83,139.74,18.91,Type_IV,R_Cheek+L_Cheek+Forehead
54693.jpg,Normal,137.42,150.07,148.39,10.8,Type_IV,R_Cheek+Forehead
54698.jpg,Normal,164.92,137.08,135.9,61.71,Type_I,R_Cheek+L_Cheek+Forehead
54746.jpg,Normal,87.78,146.35,147.78,-38.22,Type_VI,R_Cheek+L_Cheek+Forehead
54757.jpg,Normal,118.59,139.79,145.48,-11.31,Type_V,R_Cheek+L_Cheek+Forehead
54760.jpg,Normal,113.6,147.33,155.52,-11.2,Type_V,R_Cheek+L_Cheek+Forehead
54763.jpg,Normal,134.75,150.57,147.26,8.4,Type_V,R_Cheek+L_Cheek+Forehead
54764.jpg,Normal,121.93,138.9,151.18,-5.38,Type_V,R_Cheek+L_Cheek+Forehead
54905.jpg,Normal,25.96,131.93,137.12,-77.11,Type_VI,R_Cheek+L_Cheek+Forehead
54907.jpg,Normal,103.95,139.11,135.43,-51.17,Type_VI,R_Cheek+L_Cheek+Forehead
54917.jpg,Normal,106.46,144.62,157.05,-15.86,Type_V,L_Cheek+Forehead
54918.jpg,Normal,77.04,137.06,152.77,-38.62,Type_VI,R_Cheek+L_Cheek+Forehead
55054.jpg,Normal,112.15,149.04,157.19,-11.65,Type_V,R_Cheek+L_Cheek+Forehead
55068.jpg,Normal,135.06,144.99,146.31,9.2,Type_V,R_Cheek+L_Cheek+Forehead
55141.jpg,Normal,95.98,152.42,151.56,-27.69,Type_V,R_Cheek+L_Cheek+Forehead
55142.jpg,Normal,69.63,138.03,144.37,-54.2,Type_VI,R_Cheek+L_Cheek+Forehead
55143.jpg,Normal,122.01,128.0,128.0,-89.97,Type_VI,R_Cheek+L_Cheek+Forehead
55146.jpg,Normal,106.87,140.35,145.56,-24.74,Type_V,R_Cheek+L_Cheek+Forehead
55147.jpg,Normal,36.47,148.85,147.97,-60.78,Type_VI,R_Cheek+Forehead
55148.jpg,Normal,46.16,128.07,135.37,-76.99,Type_VI,R_Cheek+Forehead
55149.jpg,Normal,94.39,139.21,141.54,-43.81,Type_VI,R_Cheek+L_Cheek+Forehead
55152.jpg,Normal,117.63,146.88,145.33,-12.59,Type_V,R_Cheek+L_Cheek+Forehead
55154.jpg,Normal,121.22,172.38,172.05,-3.2,Type_V,L_Cheek+Forehead
55161.jpg,Normal,184.26,138.68,145.59,51.69,Type_II,L_Cheek+Forehead
55163.jpg,Normal,132.25,147.42,162.2,3.12,Type_V,L_Cheek+Forehead
55164.jpg,Normal,117.82,144.36,143.49,-13.77,Type_V,R_Cheek+L_Cheek+Forehead
55165.jpg,Normal,150.78,143.26,134.21,55.76,Type_I,L_Cheek+Forehead
55172.jpg,Normal,129.34,140.94,136.27,4.99,Type_V,R_Cheek+L_Cheek+Forehead
55251.jpg,Normal,95.43,128.0,128.0,-90.0,Type_VI,R_Cheek+L_Cheek+Forehead
55252.jpg,Normal,78.61,144.55,137.97,-62.52,Type_VI,R_Cheek+L_Cheek+Forehead
55255.jpg,Normal,71.43,142.59,142.03,-57.46,Type_VI,R_Cheek+L_Cheek+Forehead
55256.jpg,Normal,141.66,146.24,143.48,19.74,Type_IV,R_Cheek+L_Cheek+Forehead
55258.jpg,Normal,105.76,149.93,157.18,-16.29,Type_V,L_Cheek+Forehead
55263.jpg,Normal,110.54,150.37,155.47,-13.61,Type_V,R_Cheek+L_Cheek+Forehead
55265.jpg,Normal,134.97,148.46,137.31,17.46,Type_IV,R_Cheek+L_Cheek+Forehead
55268.jpg,Normal,117.33,139.53,139.46,-19.18,Type_V,R_Cheek+Forehead
55271.jpg,Normal,91.89,141.3,144.47,-40.3,Type_VI,R_Cheek+L_Cheek+Forehead
55385.jpg,Normal,97.31,143.91,139.04,-47.01,Type_VI,L_Cheek+Forehead
55390.jpg,Normal,102.99,146.76,159.97,-16.73,Type_V,R_Cheek+L_Cheek+Forehead
55396.jpg,Normal,99.72,138.87,135.91,-54.02,Type_VI,R_Cheek+L_Cheek+Forehead
5540.jpg,Normal,130.05,148.92,158.43,1.88,Type_V,R_Cheek+L_Cheek+Forehead
55402.jpg,Normal,88.74,141.01,135.79,-62.87,Type_VI,R_Cheek+L_Cheek+Forehead
55406.jpg,Normal,118.07,143.89,143.86,-13.13,Type_V,L_Cheek+Forehead
55410.jpg,Normal,80.91,140.04,147.56,-43.05,Type_VI,R_Cheek+L_Cheek+Forehead
55413.jpg,Normal,141.25,145.87,152.16,12.58,Type_IV,R_Cheek+L_Cheek+Forehead
55417.jpg,Normal,91.15,137.96,132.45,-72.66,Type_VI,L_Cheek+Forehead
55475.jpg,Normal,98.52,146.95,142.14,-38.78,Type_VI,R_Cheek+L_Cheek+Forehead
55478.jpg,Normal,124.88,144.19,141.74,-4.28,Type_V,R_Cheek+L_Cheek+Forehead
55488.jpg,Normal,64.09,144.13,149.84,-48.71,Type_VI,R_Cheek+L_Cheek+Forehead
5549.jpg,Normal,103.99,145.45,145.61,-27.63,Type_V,R_Cheek+L_Cheek+Forehead
55493.jpg,Normal,129.64,154.32,156.01,1.72,Type_V,R_Cheek+L_Cheek+Forehead
55494.jpg,Normal,125.76,131.64,132.03,-9.62,Type_V,R_Cheek+L_Cheek+Forehead
55495.jpg,Normal,99.53,137.58,138.48,-46.31,Type_VI,R_Cheek+L_Cheek+Forehead
5550.jpg,Normal,72.18,142.71,142.45,-56.33,Type_VI,R_Cheek+L_Cheek+Forehead
55638.jpg,Normal,90.29,155.34,163.12,-22.56,Type_V,L_Cheek+Forehead
55640.jpg,Normal,97.46,135.4,132.16,-70.53,Type_VI,R_Cheek+L_Cheek+Forehead
55641.jpg,Normal,100.67,128.0,128.0,-89.99,Type_VI,R_Cheek+L_Cheek+Forehead
55652.jpg,Normal,39.44,136.15,137.83,-74.11,Type_VI,L_Cheek+Forehead
55653.jpg,Normal,63.35,142.01,150.15,-48.63,Type_VI,R_Cheek+L_Cheek+Forehead
55657.jpg,Normal,140.79,139.24,145.05,17.0,Type_IV,R_Cheek+L_Cheek+Forehead
55658.jpg,Normal,85.85,145.86,147.54,-39.89,Type_VI,L_Cheek+Forehead
55665.jpg,Normal,82.58,144.01,144.01,-47.73,Type_VI,R_Cheek+L_Cheek+Forehead
55756.jpg,Normal,144.57,138.61,143.29,23.63,Type_IV,L_Cheek+Forehead
55758.jpg,Normal,145.33,147.89,152.82,15.74,Type_IV,R_Cheek+L_Cheek+Forehead
55759.jpg,Normal,102.84,137.83,146.32,-27.83,Type_V,R_Cheek+L_Cheek+Forehead
55765.jpg,Normal,67.56,135.1,129.24,-86.98,Type_VI,R_Cheek+L_Cheek+Forehead
55770.jpg,Normal,160.51,142.57,143.88,39.19,Type_III,R_Cheek+L_Cheek+Forehead
55885.jpg,Normal,111.82,143.89,142.81,-22.56,Type_V,R_Cheek+Forehead
55886.jpg,Normal,86.8,137.7,146.19,-41.26,Type_VI,L_Cheek+Forehead
55890.jpg,Normal,50.25,133.4,130.89,-84.54,Type_VI,R_Cheek+L_Cheek+Forehead
55896.jpg,Normal,146.79,144.76,146.12,22.66,Type_IV,L_Cheek+Forehead
5593.jpg,Normal,121.23,137.55,139.42,-12.15,Type_V,R_Cheek+L_Cheek+Forehead
5595.jpg,Normal,151.02,153.98,157.25,17.5,Type_IV,R_Cheek+L_Cheek+Forehead
55970.jpg,Normal,112.21,160.09,168.05,-8.51,Type_V,L_Cheek+Forehead
55973.jpg,Normal,96.21,139.04,140.88,-43.62,Type_VI,R_Cheek+L_Cheek+Forehead
55974.jpg,Normal,137.63,152.76,150.55,9.99,Type_V,R_Cheek+L_Cheek+Forehead
55975.jpg,Normal,49.05,135.83,139.85,-68.94,Type_VI,R_Cheek+L_Cheek+Forehead
55977.jpg,Normal,99.43,141.21,146.72,-30.46,Type_VI,R_Cheek+L_Cheek+Forehead
5598.jpg,Normal,195.75,135.44,143.5,59.93,Type_I,R_Cheek+L_Cheek+Forehead
55986.jpg,Normal,123.5,142.32,134.26,-14.04,Type_V,R_Cheek+L_Cheek+Forehead
55990.jpg,Normal,82.45,140.67,125.98,83.48,Type_I,R_Cheek+L_Cheek+Forehead
55991.jpg,Normal,90.61,135.48,137.62,-56.37,Type_VI,L_Cheek+Forehead
56027.jpg,Normal,46.9,139.75,131.66,-83.39,Type_VI,R_Cheek+L_Cheek+Forehead
56089.jpg,Normal,191.76,147.05,146.58,53.59,Type_II,R_Cheek+Forehead
56091.jpg,Normal,100.57,147.67,138.14,-46.17,Type_VI,R_Cheek+L_Cheek+Forehead
56095.jpg,Normal,95.26,143.45,143.71,-38.84,Type_VI,R_Cheek+L_Cheek+Forehead
56099.jpg,Normal,180.58,138.2,169.54,26.61,Type_IV,L_Cheek+Forehead
56105.jpg,Normal,133.23,151.29,147.44,6.6,Type_V,R_Cheek+Forehead
56141.jpg,Normal,93.5,144.35,151.44,-29.63,Type_V,R_Cheek+L_Cheek+Forehead
56206.jpg,Normal,190.66,137.29,136.73,70.59,Type_I,R_Cheek+L_Cheek+Forehead
56209.jpg,Normal,71.76,142.09,145.93,-50.63,Type_VI,R_Cheek+L_Cheek+Forehead
56214.jpg,Normal,186.86,136.94,138.79,65.13,Type_I,R_Cheek+L_Cheek+Forehead
56219.jpg,Normal,149.25,138.6,132.99,59.67,Type_I,R_Cheek+L_Cheek+Forehead
5622.jpg,Normal,78.08,150.83,151.89,-39.05,Type_VI,R_Cheek+L_Cheek+Forehead
56225.jpg,Normal,102.39,141.45,132.27,-66.55,Type_VI,R_Cheek+L_Cheek+Forehead
56226.jpg,Normal,99.42,146.77,144.42,-33.84,Type_VI,R_Cheek+L_Cheek+Forehead
5623.jpg,Normal,118.95,150.43,156.0,-6.83,Type_V,L_Cheek+Forehead
56232.jpg,Normal,130.28,148.86,149.91,2.85,Type_V,R_Cheek+L_Cheek+Forehead
56265.jpg,Normal,87.24,155.23,154.17,-31.1,Type_VI,R_Cheek+Forehead
56268.jpg,Normal,54.46,139.51,143.31,-61.87,Type_VI,R_Cheek+Forehead
56269.jpg,Normal,181.35,142.39,152.24,41.06,Type_II,L_Cheek+Forehead
5627.jpg,Normal,178.52,147.37,160.56,31.57,Type_III,R_Cheek+Forehead
56271.jpg,Normal,59.22,143.79,137.58,-70.31,Type_VI,L_Cheek+Forehead
56276.jpg,Normal,189.02,144.79,156.97,39.79,Type_III,R_Cheek+L_Cheek+Forehead
56279.jpg,Normal,116.01,144.44,143.44,-16.27,Type_V,R_Cheek+Forehead
56282.jpg,Normal,54.66,141.81,135.5,-75.29,Type_VI,R_Cheek+L_Cheek+Forehead
56288.jpg,Normal,116.98,133.49,131.16,-52.58,Type_VI,R_Cheek+Forehead
56290.jpg,Normal,84.09,134.39,134.79,-68.27,Type_VI,R_Cheek+L_Cheek+Forehead
56296.jpg,Normal,80.46,137.22,142.0,-52.8,Type_VI,R_Cheek+Forehead
56297.jpg,Normal,193.3,134.82,148.53,51.49,Type_II,R_Cheek+L_Cheek+Forehead
56352.jpg,Normal,94.6,138.26,161.39,-21.13,Type_V,R_Cheek+L_Cheek+Forehead
56411.jpg,Normal,138.83,144.38,144.57,15.01,Type_IV,R_Cheek+Forehead
56412.jpg,Normal,138.95,142.82,147.14,13.2,Type_IV,R_Cheek+L_Cheek+Forehead
56416.jpg,Normal,44.13,140.01,131.43,-84.02,Type_VI,R_Cheek+L_Cheek+Forehead
56418.jpg,Normal,144.54,136.85,134.74,44.77,Type_II,R_Cheek+Forehead
56419.jpg,Normal,137.46,139.24,131.42,48.79,Type_II,R_Cheek+Forehead
56420.jpg,Normal,196.8,137.1,134.16,77.23,Type_I,R_Cheek+L_Cheek+Forehead
56430.jpg,Normal,146.56,149.58,164.16,11.68,Type_IV,L_Cheek+Forehead
56431.jpg,Normal,126.35,149.36,147.32,-1.34,Type_V,R_Cheek+L_Cheek+Forehead
56526.jpg,Normal,110.96,135.03,131.23,-63.56,Type_VI,R_Cheek+L_Cheek+Forehead
56530.jpg,Normal,173.66,146.45,151.13,38.05,Type_III,R_Cheek+L_Cheek+Forehead
56532.jpg,Normal,150.05,143.29,164.8,13.51,Type_IV,R_Cheek+L_Cheek+Forehead
56533.jpg,Normal,56.88,145.57,144.4,-59.36,Type_VI,R_Cheek+L_Cheek+Forehead
56535.jpg,Normal,161.94,144.19,141.25,45.56,Type_II,R_Cheek+L_Cheek+Forehead
56540.jpg,Normal,115.84,143.7,147.85,-12.97,Type_V,R_Cheek+Forehead
56545.jpg,Normal,105.37,141.81,139.66,-36.66,Type_VI,R_Cheek+L_Cheek+Forehead
5655.jpg,Normal,151.3,138.49,137.72,43.84,Type_II,R_Cheek+L_Cheek+Forehead
56558.jpg,Normal,137.13,139.88,162.12,6.32,Type_V,L_Cheek+Forehead
56634.jpg,Normal,131.13,133.32,145.74,4.59,Type_V,R_Cheek+L_Cheek+Forehead
56635.jpg,Normal,145.32,150.32,149.31,18.16,Type_IV,R_Cheek+L_Cheek+Forehead
56637.jpg,Normal,128.09,143.45,145.16,0.77,Type_V,R_Cheek+Forehead
56638.jpg,Normal,87.99,150.91,150.88,-34.11,Type_VI,R_Cheek+L_Cheek+Forehead
56639.jpg,Normal,144.95,137.52,153.59,14.97,Type_IV,R_Cheek+L_Cheek+Forehead
56641.jpg,Normal,134.43,137.61,132.84,29.35,Type_III,R_Cheek+L_Cheek+Forehead
56643.jpg,Normal,143.85,143.37,140.43,27.27,Type_IV,R_Cheek+L_Cheek+Forehead
56644.jpg,Normal,146.8,136.21,158.81,13.8,Type_IV,R_Cheek+Forehead
56648.jpg,Normal,64.67,134.68,147.72,-51.33,Type_VI,R_Cheek+L_Cheek+Forehead
56651.jpg,Normal,65.03,143.06,138.39,-67.02,Type_VI,R_Cheek+L_Cheek+Forehead
56653.jpg,Normal,101.28,147.26,158.66,-18.54,Type_V,R_Cheek+L_Cheek+Forehead
56657.jpg,Normal,115.49,147.6,159.35,-8.55,Type_V,R_Cheek+Forehead
56771.jpg,Normal,96.16,143.46,139.2,-47.65,Type_VI,L_Cheek+Forehead
56774.jpg,Normal,160.64,140.93,141.22,44.5,Type_II,L_Cheek+Forehead
56775.jpg,Normal,104.45,140.4,125.44,74.17,Type_I,R_Cheek+L_Cheek+Forehead
56779.jpg,Normal,66.49,130.36,134.66,-74.44,Type_VI,R_Cheek+L_Cheek+Forehead
56785.jpg,Normal,142.85,143.38,149.33,15.76,Type_IV,R_Cheek+Forehead
56787.jpg,Normal,155.01,148.17,150.38,25.74,Type_IV,R_Cheek+Forehead
56788.jpg,Normal,76.96,139.29,141.89,-54.98,Type_VI,R_Cheek+L_Cheek+Forehead
56789.jpg,Normal,101.4,128.09,137.42,-47.38,Type_VI,L_Cheek+Forehead
56790.jpg,Normal,97.92,142.53,136.02,-55.35,Type_VI,L_Cheek+Forehead
56799.jpg,Normal,79.68,145.89,145.85,-46.42,Type_VI,R_Cheek+Forehead
56878.jpg,Normal,176.06,142.86,151.85,38.61,Type_III,R_Cheek+L_Cheek+Forehead
56880.jpg,Normal,100.37,152.31,173.96,-13.03,Type_V,L_Cheek+Forehead
56884.jpg,Normal,58.35,136.35,137.68,-70.35,Type_VI,R_Cheek+L_Cheek+Forehead
56886.jpg,Normal,91.77,136.04,138.41,-53.38,Type_VI,L_Cheek+Forehead
56890.jpg,Normal,133.04,146.43,145.54,7.06,Type_V,R_Cheek+Forehead
56891.jpg,Normal,126.45,136.42,146.25,-1.3,Type_V,R_Cheek+L_Cheek+Forehead
56892.jpg,Normal,74.39,137.04,138.75,-62.71,Type_VI,R_Cheek+L_Cheek+Forehead
56894.jpg,Normal,124.29,139.39,145.25,-4.18,Type_V,R_Cheek+L_Cheek+Forehead
56896.jpg,Normal,96.2,138.95,153.05,-26.1,Type_V,R_Cheek+Forehead
569.jpg,Normal,101.27,130.72,140.49,-39.47,Type_VI,R_Cheek+L_Cheek+Forehead
56903.jpg,Normal,118.24,147.84,147.95,-10.32,Type_V,R_Cheek+L_Cheek+Forehead
56995.jpg,Normal,128.48,150.35,145.34,1.26,Type_V,R_Cheek+L_Cheek+Forehead
56998.jpg,Normal,92.71,138.76,126.36,83.14,Type_I,L_Cheek+Forehead
57.jpg,Normal,94.5,139.23,135.78,-58.97,Type_VI,L_Cheek+Forehead
570.jpg,Normal,130.9,146.2,147.56,3.9,Type_V,L_Cheek+Forehead
5700.jpg,Normal,196.12,138.13,139.74,66.43,Type_I,R_Cheek+L_Cheek+Forehead
57001.jpg,Normal,96.67,141.55,138.47,-49.12,Type_VI,R_Cheek+L_Cheek+Forehead
57156.jpg,Normal,117.69,137.51,140.61,-16.96,Type_V,R_Cheek+L_Cheek+Forehead
57161.jpg,Normal,55.18,138.77,135.15,-75.86,Type_VI,R_Cheek+L_Cheek+Forehead
57162.jpg,Normal,147.26,143.52,148.0,21.18,Type_IV,R_Cheek+L_Cheek+Forehead
57163.jpg,Normal,114.15,143.9,148.26,-14.49,Type_V,R_Cheek+L_Cheek+Forehead
57172.jpg,Normal,59.5,146.42,143.48,-59.87,Type_VI,R_Cheek+Forehead
57175.jpg,Normal,127.81,154.58,154.01,0.27,Type_V,R_Cheek+L_Cheek+Forehead
57178.jpg,Normal,78.62,146.42,145.72,-47.25,Type_VI,R_Cheek+L_Cheek+Forehead
57180.jpg,Normal,131.56,151.23,147.1,4.77,Type_V,R_Cheek+L_Cheek+Forehead
57181.jpg,Normal,45.41,138.93,144.42,-62.98,Type_VI,R_Cheek+L_Cheek+Forehead
57184.jpg,Normal,115.13,143.74,165.79,-7.31,Type_V,R_Cheek+L_Cheek+Forehead
57315.jpg,Normal,85.65,154.26,149.16,-37.8,Type_VI,L_Cheek+Forehead
57318.jpg,Normal,109.19,139.41,131.47,-64.21,Type_VI,R_Cheek+Forehead
57322.jpg,Normal,109.28,144.09,132.57,-57.42,Type_VI,R_Cheek+L_Cheek+Forehead
57326.jpg,Normal,109.53,128.0,128.0,-89.99,Type_VI,R_Cheek+L_Cheek+Forehead
57327.jpg,Normal,109.36,142.6,144.18,-23.74,Type_V,R_Cheek+Forehead
57329.jpg,Normal,123.12,152.65,141.36,-7.32,Type_V,R_Cheek+L_Cheek+Forehead
57439.jpg,Normal,82.34,139.29,145.35,-45.59,Type_VI,R_Cheek+L_Cheek+Forehead
57440.jpg,Normal,42.85,138.71,142.51,-66.39,Type_VI,R_Cheek+L_Cheek+Forehead
57442.jpg,Normal,82.86,142.87,146.7,-43.11,Type_VI,L_Cheek+Forehead
57447.jpg,Normal,144.31,139.36,139.84,29.11,Type_III,L_Cheek+Forehead
57457.jpg,Normal,135.2,149.84,153.08,6.86,Type_V,R_Cheek+L_Cheek+Forehead
57458.jpg,Normal,111.14,142.19,136.21,-38.01,Type_VI,R_Cheek+L_Cheek+Forehead
5746.jpg,Normal,49.6,136.87,135.24,-76.66,Type_VI,R_Cheek+L_Cheek+Forehead
57460.jpg,Normal,35.39,137.88,137.59,-75.13,Type_VI,R_Cheek+Forehead
57601.jpg,Normal,118.35,143.35,144.63,-12.17,Type_V,R_Cheek+L_Cheek+Forehead
57605.jpg,Normal,138.63,150.16,156.87,8.6,Type_V,R_Cheek+L_Cheek+Forehead
57607.jpg,Normal,76.65,145.57,139.28,-60.5,Type_VI,R_Cheek+L_Cheek+Forehead
57628.jpg,Normal,67.21,139.56,136.17,-70.94,Type_VI,R_Cheek+L_Cheek+Forehead
57715.jpg,Normal,74.93,142.87,147.79,-46.16,Type_VI,R_Cheek+Forehead
5772.jpg,Normal,77.76,150.94,144.43,-49.9,Type_VI,R_Cheek+L_Cheek+Forehead
57720.jpg,Normal,111.76,145.94,155.35,-12.72,Type_V,R_Cheek+Forehead
57724.jpg,Normal,78.48,144.02,155.36,-35.09,Type_VI,L_Cheek+Forehead
57726.jpg,Normal,127.09,142.07,135.56,-1.23,Type_V,R_Cheek+Forehead
57732.jpg,Normal,81.2,138.97,140.08,-56.37,Type_VI,R_Cheek+L_Cheek+Forehead
57733.jpg,Normal,61.34,155.85,126.66,87.04,Type_I,R_Cheek+L_Cheek+Forehead
57802.jpg,Normal,176.11,143.27,157.24,33.1,Type_III,L_Cheek+Forehead
57813.jpg,Normal,130.85,145.29,148.3,3.71,Type_V,R_Cheek+Forehead
57814.jpg,Normal,111.68,139.08,145.62,-19.4,Type_V,R_Cheek+L_Cheek+Forehead
5792.jpg,Normal,90.56,149.55,146.09,-38.69,Type_VI,R_Cheek+L_Cheek+Forehead
57930.jpg,Normal,75.47,138.9,135.11,-70.79,Type_VI,R_Cheek+L_Cheek+Forehead
57934.jpg,Normal,114.56,137.29,139.04,-24.68,Type_V,R_Cheek+L_Cheek+Forehead
57940.jpg,Normal,143.54,141.65,147.82,17.61,Type_IV,R_Cheek+L_Cheek+Forehead
57943.jpg,Normal,70.0,166.73,152.2,-42.98,Type_VI,R_Cheek+Forehead
58006.jpg,Normal,107.02,149.3,154.32,-16.97,Type_V,R_Cheek+L_Cheek+Forehead
58008.jpg,Normal,160.5,144.9,137.93,52.5,Type_II,R_Cheek+L_Cheek+Forehead
5801.jpg,Normal,144.98,135.64,130.6,69.24,Type_I,R_Cheek+L_Cheek+Forehead
58010.jpg,Normal,82.98,146.3,148.21,-40.82,Type_VI,L_Cheek+Forehead
58011.jpg,Normal,106.18,136.74,132.68,-60.79,Type_VI,L_Cheek+Forehead
58012.jpg,Normal,132.5,145.46,154.23,4.27,Type_V,R_Cheek+L_Cheek+Forehead
5802.jpg,Normal,166.72,135.98,140.47,50.98,Type_II,R_Cheek+L_Cheek+Forehead
58021.jpg,Normal,72.57,145.85,150.46,-43.8,Type_VI,R_Cheek+Forehead
58022.jpg,Normal,96.16,142.95,139.16,-47.76,Type_VI,R_Cheek+Forehead
58027.jpg,Normal,192.22,128.0,128.0,90.0,Type_I,R_Cheek+L_Cheek+Forehead
58028.jpg,Normal,101.11,128.0,128.0,-89.99,Type_VI,R_Cheek+L_Cheek+Forehead
58032.jpg,Normal,154.71,161.55,140.52,40.45,Type_III,L_Cheek+Forehead
58122.jpg,Normal,75.58,146.22,149.41,-43.55,Type_VI,R_Cheek+L_Cheek+Forehead
58123.jpg,Normal,146.26,146.61,145.31,23.03,Type_IV,L_Cheek+Forehead
58126.jpg,Normal,107.81,160.67,171.15,-10.15,Type_V,R_Cheek+L_Cheek+Forehead
58131.jpg,Normal,62.91,143.96,151.58,-47.05,Type_VI,R_Cheek+Forehead
58135.jpg,Normal,217.84,135.73,139.96,71.34,Type_I,L_Cheek+Forehead
58136.jpg,Normal,190.89,139.8,131.44,82.12,Type_I,R_Cheek+L_Cheek+Forehead
58137.jpg,Normal,88.93,141.16,143.42,-44.45,Type_VI,R_Cheek+L_Cheek+Forehead
58141.jpg,Normal,114.43,142.75,148.47,-14.06,Type_V,R_Cheek+L_Cheek+Forehead
58143.jpg,Normal,124.13,139.22,136.84,-8.5,Type_V,R_Cheek+L_Cheek+Forehead
58144.jpg,Normal,156.98,143.77,141.56,40.46,Type_III,R_Cheek+Forehead
58148.jpg,Normal,109.31,143.76,142.94,-25.52,Type_V,R_Cheek+L_Cheek+Forehead
5815.jpg,Normal,71.48,144.16,113.22,56.07,Type_I,L_Cheek+Forehead
58150.jpg,Normal,131.81,141.8,135.67,12.43,Type_IV,R_Cheek+L_Cheek+Forehead
5823.jpg,Normal,90.11,136.19,142.64,-45.04,Type_VI,R_Cheek+L_Cheek+Forehead
58230.jpg,Normal,101.44,145.23,141.49,-37.16,Type_VI,R_Cheek+L_Cheek+Forehead
58234.jpg,Normal,85.86,145.72,153.72,-32.41,Type_VI,L_Cheek+Forehead
58236.jpg,Normal,167.13,137.46,132.82,72.76,Type_I,R_Cheek+L_Cheek+Forehead
58237.jpg,Normal,177.14,130.78,134.09,72.64,Type_I,R_Cheek+L_Cheek+Forehead
5824.jpg,Normal,149.66,137.99,154.17,18.37,Type_IV,R_Cheek+L_Cheek+Forehead
58244.jpg,Normal,108.07,155.19,144.97,-24.18,Type_V,L_Cheek+Forehead
58246.jpg,Normal,90.57,140.76,139.85,-50.71,Type_VI,R_Cheek+L_Cheek+Forehead
58256.jpg,Normal,122.04,139.29,140.29,-9.87,Type_V,R_Cheek+L_Cheek+Forehead
58260.jpg,Normal,87.22,142.22,138.49,-56.41,Type_VI,R_Cheek+L_Cheek+Forehead
58345.jpg,Normal,15.57,133.45,132.99,-83.51,Type_VI,R_Cheek+L_Cheek+Forehead
58349.jpg,Normal,124.45,152.01,149.81,-3.14,Type_V,R_Cheek+L_Cheek+Forehead
5835.jpg,Normal,55.47,137.42,136.51,-73.24,Type_VI,R_Cheek+L_Cheek+Forehead
58350.jpg,Normal,136.56,140.47,148.33,9.91,Type_V,R_Cheek+L_Cheek+Forehead
58354.jpg,Normal,153.48,152.35,135.52,53.56,Type_II,R_Cheek+L_Cheek+Forehead
58362.jpg,Normal,115.53,150.3,155.62,-9.65,Type_V,R_Cheek+L_Cheek+Forehead
58363.jpg,Normal,98.64,144.23,140.38,-42.44,Type_VI,R_Cheek+L_Cheek+Forehead
58382.jpg,Normal,108.9,152.67,154.14,-15.59,Type_V,L_Cheek+Forehead
585.jpg,Normal,170.59,139.96,131.69,77.7,Type_I,L_Cheek+Forehead
58502.jpg,Normal,156.51,145.23,148.1,29.51,Type_III,R_Cheek+L_Cheek+Forehead
58506.jpg,Normal,164.67,143.08,148.73,35.12,Type_III,R_Cheek+L_Cheek+Forehead
58509.jpg,Normal,143.47,135.83,169.59,8.56,Type_V,R_Cheek+Forehead
58619.jpg,Normal,116.09,144.62,155.69,-9.18,Type_V,R_Cheek+L_Cheek+Forehead
58624.jpg,Normal,150.54,139.95,139.93,37.13,Type_III,R_Cheek+L_Cheek+Forehead
58627.jpg,Normal,127.62,142.49,149.44,0.13,Type_V,R_Cheek+Forehead
58629.jpg,Normal,158.71,141.27,133.98,63.95,Type_I,R_Cheek+L_Cheek+Forehead
58633.jpg,Normal,139.25,147.48,151.38,11.15,Type_IV,R_Cheek+L_Cheek+Forehead
58634.jpg,Normal,68.07,145.57,137.04,-68.81,Type_VI,R_Cheek+L_Cheek+Forehead
58709.jpg,Normal,78.06,142.09,151.65,-39.34,Type_VI,L_Cheek+Forehead
58714.jpg,Normal,122.81,161.89,161.66,-3.13,Type_V,R_Cheek+L_Cheek+Forehead
58718.jpg,Normal,107.68,143.65,145.11,-24.43,Type_V,R_Cheek+Forehead
58719.jpg,Normal,108.54,145.9,151.32,-17.68,Type_V,L_Cheek+Forehead
58721.jpg,Normal,173.66,146.69,147.59,42.74,Type_II,R_Cheek+L_Cheek+Forehead
58730.jpg,Normal,96.77,143.06,139.43,-46.51,Type_VI,R_Cheek+L_Cheek+Forehead
58733.jpg,Normal,111.46,140.26,139.98,-27.71,Type_V,R_Cheek+L_Cheek+Forehead
58737.jpg,Normal,143.9,140.82,137.23,34.87,Type_III,R_Cheek+L_Cheek+Forehead
58777.jpg,Normal,111.26,139.25,155.51,-13.03,Type_V,R_Cheek+L_Cheek+Forehead
58779.jpg,Normal,102.14,136.77,135.36,-53.48,Type_VI,R_Cheek+L_Cheek+Forehead
58785.jpg,Normal,66.91,144.06,141.04,-61.24,Type_VI,R_Cheek+Forehead
5879.jpg,Normal,174.61,140.17,127.72,-89.13,Type_VI,R_Cheek+L_Cheek+Forehead
58796.jpg,Normal,189.84,146.83,144.52,55.95,Type_I,L_Cheek+Forehead
58891.jpg,Normal,112.1,151.18,144.51,-20.09,Type_V,R_Cheek+L_Cheek+Forehead
58893.jpg,Normal,79.15,144.59,147.74,-43.84,Type_VI,R_Cheek+L_Cheek+Forehead
58898.jpg,Normal,133.72,143.78,157.31,4.76,Type_V,R_Cheek+L_Cheek+Forehead
589.jpg,Normal,69.14,136.95,134.84,-73.37,Type_VI,R_Cheek+L_Cheek+Forehead
58901.jpg,Normal,79.69,144.84,136.75,-64.97,Type_VI,L_Cheek+Forehead
58906.jpg,Normal,51.49,141.74,142.28,-64.4,Type_VI,R_Cheek+L_Cheek+Forehead
58981.jpg,Normal,152.29,140.38,137.47,45.75,Type_II,L_Cheek+Forehead
5899.jpg,Normal,151.86,130.93,135.78,50.85,Type_II,L_Cheek+Forehead
58992.jpg,Normal,54.69,141.99,148.95,-53.74,Type_VI,R_Cheek+L_Cheek+Forehead
58995.jpg,Normal,126.65,141.5,128.14,-67.68,Type_VI,R_Cheek+L_Cheek+Forehead
58999.jpg,Normal,78.62,144.19,143.81,-50.48,Type_VI,R_Cheek+L_Cheek+Forehead
59.jpg,Normal,54.9,137.55,127.97,89.95,Type_I,R_Cheek+L_Cheek+Forehead
590.jpg,Normal,83.77,141.1,139.09,-57.12,Type_VI,L_Cheek+Forehead
59107.jpg,Normal,105.29,140.1,141.47,-32.89,Type_VI,R_Cheek+Forehead
59108.jpg,Normal,89.41,146.32,159.01,-25.72,Type_V,R_Cheek+L_Cheek+Forehead
59109.jpg,Normal,155.95,141.8,146.49,31.11,Type_III,R_Cheek+L_Cheek+Forehead
59113.jpg,Normal,53.08,133.06,132.77,-80.71,Type_VI,R_Cheek+Forehead
59117.jpg,Normal,114.31,139.95,141.35,-21.18,Type_V,R_Cheek+Forehead
5912.jpg,Normal,108.29,143.29,137.63,-38.04,Type_VI,R_Cheek+Forehead
59250.jpg,Normal,107.41,141.38,132.32,-61.28,Type_VI,R_Cheek+Forehead
59252.jpg,Normal,155.73,137.32,139.04,45.08,Type_II,R_Cheek+L_Cheek+Forehead
59253.jpg,Normal,172.12,162.38,157.85,30.37,Type_III,R_Cheek+Forehead
59262.jpg,Normal,118.43,127.57,140.35,-16.07,Type_V,L_Cheek+Forehead
59265.jpg,Normal,158.46,137.45,145.52,34.71,Type_III,R_Cheek+Forehead
59391.jpg,Normal,78.34,137.66,139.98,-58.14,Type_VI,R_Cheek+Forehead
59392.jpg,Normal,66.1,141.76,147.6,-50.85,Type_VI,R_Cheek+L_Cheek+Forehead
59394.jpg,Normal,89.35,140.65,140.81,-49.44,Type_VI,R_Cheek+L_Cheek+Forehead
59399.jpg,Normal,106.02,143.78,159.95,-14.77,Type_V,L_Cheek+Forehead
59401.jpg,Normal,157.91,128.12,127.72,-88.68,Type_VI,R_Cheek+L_Cheek+Forehead
59402.jpg,Normal,116.25,142.03,141.21,-18.47,Type_V,R_Cheek+L_Cheek+Forehead
59403.jpg,Normal,99.61,144.37,155.43,-21.74,Type_V,R_Cheek+L_Cheek+Forehead
59404.jpg,Normal,153.07,144.54,149.74,24.76,Type_IV,R_Cheek+L_Cheek+Forehead
59411.jpg,Normal,48.68,126.39,142.4,-65.02,Type_VI,R_Cheek+L_Cheek+Forehead
59525.jpg,Normal,123.05,154.42,163.38,-2.82,Type_V,R_Cheek+Forehead
59612.jpg,Normal,63.1,139.68,139.99,-64.59,Type_VI,R_Cheek+L_Cheek+Forehead
59616.jpg,Normal,148.96,159.93,153.42,18.32,Type_IV,R_Cheek+L_Cheek+Forehead
59618.jpg,Normal,77.28,139.41,137.6,-64.0,Type_VI,R_Cheek+L_Cheek+Forehead
59620.jpg,Normal,115.61,136.7,140.39,-20.62,Type_V,L_Cheek+Forehead
59621.jpg,Normal,115.47,142.71,142.01,-18.6,Type_V,R_Cheek+L_Cheek+Forehead
59777.jpg,Normal,91.26,142.34,147.0,-36.8,Type_VI,R_Cheek+L_Cheek+Forehead
59778.jpg,Normal,128.87,138.85,141.23,2.32,Type_V,R_Cheek+L_Cheek+Forehead
5978.jpg,Normal,73.79,140.61,138.39,-63.75,Type_VI,L_Cheek+Forehead
59783.jpg,Normal,88.44,144.64,139.51,-53.07,Type_VI,R_Cheek+L_Cheek+Forehead
59793.jpg,Normal,59.27,138.93,142.5,-61.55,Type_VI,R_Cheek+L_Cheek+Forehead
59797.jpg,Normal,164.27,149.03,149.54,33.8,Type_III,L_Cheek+Forehead
59917.jpg,Normal,102.06,146.46,140.52,-38.55,Type_VI,R_Cheek+L_Cheek+Forehead
59918.jpg,Normal,135.87,153.76,155.98,6.69,Type_V,R_Cheek+L_Cheek+Forehead
59919.jpg,Normal,143.1,128.18,128.65,83.93,Type_I,R_Cheek+L_Cheek+Forehead
59931.jpg,Normal,171.44,156.03,152.9,34.69,Type_III,R_Cheek+L_Cheek+Forehead
59934.jpg,Normal,145.7,144.54,154.01,15.34,Type_IV,R_Cheek+L_Cheek+Forehead
59938.jpg,Normal,148.82,132.58,132.28,62.9,Type_I,L_Cheek+Forehead
59972.jpg,Normal,156.83,147.66,140.95,41.62,Type_II,R_Cheek+L_Cheek+Forehead
59976.jpg,Normal,135.49,135.03,147.2,9.27,Type_V,R_Cheek+Forehead
59978.jpg,Normal,89.76,154.11,141.91,-46.77,Type_VI,R_Cheek+L_Cheek+Forehead
5998.jpg,Normal,112.96,147.28,153.51,-12.6,Type_V,R_Cheek+L_Cheek+Forehead
59983.jpg,Normal,100.15,140.49,146.28,-30.39,Type_VI,R_Cheek+L_Cheek+Forehead
60150.jpg,Normal,108.13,141.78,136.45,-41.96,Type_VI,R_Cheek+L_Cheek+Forehead
60152.jpg,Normal,189.01,149.66,142.19,59.53,Type_I,R_Cheek+L_Cheek+Forehead
60154.jpg,Normal,85.63,134.76,160.0,-27.16,Type_V,L_Cheek+Forehead
60157.jpg,Normal,89.22,144.11,145.8,-40.15,Type_VI,R_Cheek+Forehead
60159.jpg,Normal,146.23,143.31,145.21,23.11,Type_IV,R_Cheek+L_Cheek+Forehead
6016.jpg,Normal,104.46,148.35,146.67,-25.83,Type_V,L_Cheek+Forehead
60167.jpg,Normal,70.38,140.93,139.86,-62.1,Type_VI,R_Cheek+Forehead
60302.jpg,Normal,124.77,136.37,134.58,-9.26,Type_V,L_Cheek+Forehead
60304.jpg,Normal,111.51,138.83,142.77,-23.01,Type_V,R_Cheek+L_Cheek+Forehead
60306.jpg,Normal,137.56,144.08,136.54,24.8,Type_IV,R_Cheek+L_Cheek+Forehead
60310.jpg,Normal,120.64,139.48,137.21,-16.29,Type_V,R_Cheek+L_Cheek+Forehead
60312.jpg,Normal,90.16,150.93,143.72,-42.97,Type_VI,R_Cheek+L_Cheek+Forehead
60313.jpg,Normal,157.92,146.41,154.92,23.9,Type_IV,R_Cheek+L_Cheek+Forehead
60316.jpg,Normal,99.54,127.98,133.12,-64.99,Type_VI,R_Cheek+L_Cheek+Forehead
6032.jpg,Normal,165.23,138.82,138.41,54.86,Type_II,L_Cheek+Forehead
60320.jpg,Normal,102.48,167.05,163.79,-15.33,Type_V,L_Cheek+Forehead
60327.jpg,Normal,195.25,137.06,134.8,75.64,Type_I,R_Cheek+Forehead
6033.jpg,Normal,152.91,137.87,140.64,38.26,Type_III,L_Cheek+Forehead
60413.jpg,Normal,63.3,144.11,146.01,-54.43,Type_VI,R_Cheek+Forehead
60431.jpg,Normal,110.16,139.4,140.4,-28.73,Type_V,L_Cheek+Forehead
60433.jpg,Normal,72.97,149.35,160.51,-33.33,Type_VI,R_Cheek+L_Cheek+Forehead
60573.jpg,Normal,162.61,146.15,154.71,27.27,Type_IV,R_Cheek+L_Cheek+Forehead
60579.jpg,Normal,90.56,138.89,144.91,-40.58,Type_VI,R_Cheek+Forehead
6058.jpg,Normal,71.21,130.31,132.09,-79.51,Type_VI,R_Cheek+L_Cheek+Forehead
60585.jpg,Normal,177.17,145.36,148.69,43.28,Type_II,R_Cheek+L_Cheek+Forehead
60586.jpg,Normal,147.05,151.27,147.04,21.93,Type_IV,R_Cheek+L_Cheek+Forehead
60588.jpg,Normal,94.83,128.0,128.0,-90.0,Type_VI,R_Cheek+L_Cheek+Forehead
6059.jpg,Normal,105.97,126.98,136.54,-44.67,Type_VI,R_Cheek+L_Cheek+Forehead
60591.jpg,Normal,104.68,143.54,146.84,-25.41,Type_V,R_Cheek+L_Cheek+Forehead
60593.jpg,Normal,152.09,139.63,147.39,26.44,Type_IV,R_Cheek+L_Cheek+Forehead
60594.jpg,Normal,105.16,147.43,140.54,-34.93,Type_VI,R_Cheek+L_Cheek+Forehead
60598.jpg,Normal,111.6,150.71,149.02,-16.52,Type_V,R_Cheek+L_Cheek+Forehead
606.jpg,Normal,79.66,137.45,141.94,-53.38,Type_VI,R_Cheek+Forehead
60689.jpg,Normal,148.71,155.3,149.7,20.96,Type_IV,R_Cheek+Forehead
60693.jpg,Normal,113.72,139.43,137.81,-28.84,Type_V,L_Cheek+Forehead
60694.jpg,Normal,104.25,136.18,160.71,-15.57,Type_V,R_Cheek+L_Cheek+Forehead
60696.jpg,Normal,51.29,132.7,137.14,-72.99,Type_VI,R_Cheek+Forehead
60705.jpg,Normal,49.21,156.53,152.95,-50.91,Type_VI,R_Cheek+Forehead
60706.jpg,Normal,171.99,135.41,144.61,46.41,Type_II,R_Cheek+L_Cheek+Forehead
60709.jpg,Normal,132.58,156.93,148.59,5.53,Type_V,R_Cheek+L_Cheek+Forehead
60712.jpg,Normal,115.8,158.4,160.52,-8.03,Type_V,R_Cheek+L_Cheek+Forehead
60762.jpg,Normal,112.97,144.52,148.53,-15.51,Type_V,L_Cheek+Forehead
60784.jpg,Normal,135.82,149.05,151.12,8.04,Type_V,R_Cheek+Forehead
60785.jpg,Normal,137.04,158.59,168.52,5.27,Type_V,R_Cheek+L_Cheek+Forehead
60786.jpg,Normal,122.37,147.95,149.8,-5.28,Type_V,R_Cheek+L_Cheek+Forehead
60787.jpg,Normal,171.45,141.17,155.16,32.4,Type_III,R_Cheek+L_Cheek+Forehead
60790.jpg,Normal,160.55,141.91,142.58,41.62,Type_II,R_Cheek+L_Cheek+Forehead
60792.jpg,Normal,78.35,140.75,143.47,-51.26,Type_VI,R_Cheek+L_Cheek+Forehead
60796.jpg,Normal,112.12,152.26,159.96,-10.69,Type_V,R_Cheek+L_Cheek+Forehead
60801.jpg,Normal,153.16,142.05,155.91,19.82,Type_IV,R_Cheek+L_Cheek+Forehead
60802.jpg,Normal,127.56,150.13,145.89,0.07,Type_V,R_Cheek+L_Cheek+Forehead
60803.jpg,Normal,182.54,137.83,153.07,40.72,Type_III,R_Cheek+L_Cheek+Forehead
60806.jpg,Normal,160.91,136.59,138.58,51.09,Type_II,R_Cheek+L_Cheek+Forehead
6087.jpg,Normal,122.52,150.06,142.37,-7.74,Type_V,L_Cheek+Forehead
60896.jpg,Normal,89.59,168.77,163.83,-22.53,Type_V,R_Cheek+L_Cheek+Forehead
60897.jpg,Normal,95.23,135.01,137.91,-51.94,Type_VI,R_Cheek+L_Cheek+Forehead
60898.jpg,Normal,146.74,145.42,148.89,19.86,Type_IV,R_Cheek+L_Cheek+Forehead
60901.jpg,Normal,191.33,138.52,140.85,62.83,Type_I,R_Cheek+L_Cheek+Forehead
60902.jpg,Normal,114.46,146.41,138.56,-25.85,Type_V,R_Cheek+L_Cheek+Forehead
60905.jpg,Normal,108.44,139.79,158.71,-13.68,Type_V,R_Cheek+Forehead
6091.jpg,Normal,113.46,145.6,149.73,-14.22,Type_V,R_Cheek+Forehead
60910.jpg,Normal,166.31,143.08,143.07,45.28,Type_II,R_Cheek+L_Cheek+Forehead
61017.jpg,Normal,39.32,136.04,132.29,-82.93,Type_VI,R_Cheek+L_Cheek+Forehead
61018.jpg,Normal,99.19,139.92,144.81,-33.45,Type_VI,R_Cheek+L_Cheek+Forehead
61019.jpg,Normal,77.2,145.03,142.19,-54.27,Type_VI,R_Cheek+L_Cheek+Forehead
61020.jpg,Normal,52.28,142.34,144.65,-60.56,Type_VI,L_Cheek+Forehead
61024.jpg,Normal,92.25,159.86,166.18,-19.91,Type_V,R_Cheek+L_Cheek+Forehead
61036.jpg,Normal,132.48,137.48,134.14,17.63,Type_IV,R_Cheek+L_Cheek+Forehead
61097.jpg,Normal,80.92,144.19,145.24,-46.65,Type_VI,L_Cheek+Forehead
61121.jpg,Normal,163.26,138.32,143.86,41.48,Type_II,R_Cheek+L_Cheek+Forehead
61196.jpg,Normal,35.28,137.63,131.44,-84.57,Type_VI,R_Cheek+L_Cheek+Forehead
61202.jpg,Normal,96.92,138.49,136.69,-54.06,Type_VI,R_Cheek+Forehead
61203.jpg,Normal,78.32,135.78,138.63,-61.15,Type_VI,R_Cheek+L_Cheek+Forehead
61206.jpg,Normal,170.94,146.43,150.92,36.62,Type_III,R_Cheek+Forehead
61207.jpg,Normal,95.12,137.29,130.49,-78.91,Type_VI,R_Cheek+L_Cheek+Forehead
61270.jpg,Normal,139.35,133.2,135.51,31.76,Type_III,R_Cheek+L_Cheek+Forehead
61277.jpg,Normal,69.32,138.95,137.55,-67.28,Type_VI,R_Cheek+L_Cheek+Forehead
61278.jpg,Normal,179.29,146.86,134.31,72.75,Type_I,R_Cheek+L_Cheek+Forehead
61345.jpg,Normal,78.26,158.88,159.33,-31.65,Type_VI,L_Cheek+Forehead
61347.jpg,Normal,164.0,157.1,159.39,24.52,Type_IV,R_Cheek+Forehead
6135.jpg,Normal,96.27,146.79,141.03,-43.24,Type_VI,R_Cheek+L_Cheek+Forehead
61350.jpg,Normal,124.03,137.79,146.03,-4.31,Type_V,R_Cheek+Forehead
61356.jpg,Normal,81.7,149.51,147.88,-42.09,Type_VI,R_Cheek+L_Cheek+Forehead
61357.jpg,Normal,121.94,152.95,165.12,-3.36,Type_V,R_Cheek+L_Cheek+Forehead
61363.jpg,Normal,115.84,153.02,155.77,-9.35,Type_V,R_Cheek+Forehead
61364.jpg,Normal,126.16,143.38,144.37,-1.84,Type_V,R_Cheek+L_Cheek+Forehead
61366.jpg,Normal,116.36,139.64,134.72,-33.04,Type_VI,R_Cheek+L_Cheek+Forehead
61367.jpg,Normal,160.92,140.19,140.72,45.86,Type_II,R_Cheek+L_Cheek+Forehead
61504.jpg,Normal,84.83,145.78,142.06,-49.96,Type_VI,L_Cheek+Forehead
61507.jpg,Normal,70.42,149.45,140.35,-61.11,Type_VI,R_Cheek+Forehead
61509.jpg,Normal,131.62,140.38,138.5,8.76,Type_V,R_Cheek+L_Cheek+Forehead
61513.jpg,Normal,158.65,141.28,136.12,56.38,Type_I,L_Cheek+Forehead
61515.jpg,Normal,114.68,137.57,138.54,-25.51,Type_V,R_Cheek+L_Cheek+Forehead
61519.jpg,Normal,141.45,144.02,147.64,15.56,Type_IV,R_Cheek+L_Cheek+Forehead
61521.jpg,Normal,79.69,142.05,142.18,-52.89,Type_VI,L_Cheek+Forehead
61603.jpg,Normal,117.57,157.96,154.15,-8.47,Type_V,R_Cheek+Forehead
61613.jpg,Normal,114.12,149.68,157.79,-9.99,Type_V,R_Cheek+L_Cheek+Forehead
61692.jpg,Normal,69.2,143.57,142.01,-58.49,Type_VI,R_Cheek+L_Cheek+Forehead
61696.jpg,Normal,40.31,133.27,135.5,-77.62,Type_VI,R_Cheek+L_Cheek+Forehead
617.jpg,Normal,97.36,137.92,129.29,-83.79,Type_VI,R_Cheek+L_Cheek+Forehead
61704.jpg,Normal,108.18,132.63,142.75,-27.19,Type_V,R_Cheek+L_Cheek+Forehead
61705.jpg,Normal,101.94,154.64,156.37,-19.46,Type_V,R_Cheek+L_Cheek+Forehead
61706.jpg,Normal,87.72,145.61,137.35,-59.05,Type_VI,R_Cheek+L_Cheek+Forehead
61707.jpg,Normal,104.56,139.68,140.68,-35.35,Type_VI,R_Cheek+L_Cheek+Forehead
61708.jpg,Normal,122.01,146.36,145.22,-7.13,Type_V,R_Cheek+L_Cheek+Forehead
61709.jpg,Normal,132.01,153.95,138.81,9.29,Type_V,R_Cheek+L_Cheek+Forehead
61774.jpg,Normal,206.78,134.55,136.71,74.35,Type_I,L_Cheek+Forehead
61776.jpg,Normal,106.67,144.61,144.78,-25.96,Type_V,R_Cheek+L_Cheek+Forehead
61777.jpg,Normal,57.61,141.26,146.59,-55.85,Type_VI,R_Cheek+L_Cheek+Forehead
6178.jpg,Normal,167.96,128.0,128.0,90.0,Type_I,L_Cheek+Forehead
61780.jpg,Normal,118.12,153.77,159.42,-6.68,Type_V,R_Cheek+Forehead
61783.jpg,Normal,127.29,143.93,145.0,-0.27,Type_V,R_Cheek+L_Cheek+Forehead
61787.jpg,Normal,84.13,140.91,138.94,-57.26,Type_VI,R_Cheek+L_Cheek+Forehead
61788.jpg,Normal,145.44,142.07,153.16,15.62,Type_IV,R_Cheek+L_Cheek+Forehead
6183.jpg,Normal,128.52,145.76,142.93,1.54,Type_V,R_Cheek+L_Cheek+Forehead
61833.jpg,Normal,115.25,128.0,128.0,-89.99,Type_VI,R_Cheek+L_Cheek+Forehead
61835.jpg,Normal,105.44,145.65,151.84,-19.94,Type_V,R_Cheek+L_Cheek+Forehead
61836.jpg,Normal,123.33,142.26,142.81,-6.3,Type_V,R_Cheek+Forehead
61838.jpg,Normal,98.96,141.03,159.69,-19.45,Type_V,R_Cheek+L_Cheek+Forehead
61840.jpg,Normal,95.44,140.64,149.63,-30.16,Type_VI,R_Cheek+L_Cheek+Forehead
61842.jpg,Normal,159.95,128.0,128.0,90.0,Type_I,R_Cheek+L_Cheek+Forehead
61847.jpg,Normal,119.9,133.4,116.53,14.56,Type_IV,R_Cheek+L_Cheek+Forehead
61849.jpg,Normal,54.44,135.16,135.27,-75.77,Type_VI,R_Cheek+Forehead
6195.jpg,Normal,146.34,158.57,179.43,8.18,Type_V,L_Cheek+Forehead
61956.jpg,Normal,133.39,131.66,133.22,23.86,Type_IV,R_Cheek+L_Cheek+Forehead
61958.jpg,Normal,157.36,128.0,128.0,90.0,Type_I,R_Cheek+L_Cheek+Forehead
61959.jpg,Normal,66.69,142.91,144.38,-55.51,Type_VI,L_Cheek+Forehead
62006.jpg,Normal,108.93,137.56,140.78,-29.67,Type_V,L_Cheek+Forehead
6201.jpg,Normal,116.32,151.32,145.77,-13.86,Type_V,R_Cheek+L_Cheek+Forehead
62011.jpg,Normal,42.14,139.17,136.35,-75.99,Type_VI,R_Cheek+L_Cheek+Forehead
62013.jpg,Normal,99.35,131.91,140.73,-40.92,Type_VI,R_Cheek+L_Cheek+Forehead
62017.jpg,Normal,155.17,137.78,139.2,44.09,Type_II,R_Cheek+L_Cheek+Forehead
6202.jpg,Normal,88.6,145.43,141.08,-49.4,Type_VI,R_Cheek+L_Cheek+Forehead
62020.jpg,Normal,52.19,133.79,133.6,-79.26,Type_VI,L_Cheek+Forehead
62024.jpg,Normal,147.36,143.72,138.07,37.71,Type_III,R_Cheek+L_Cheek+Forehead
62181.jpg,Normal,116.32,144.29,147.95,-12.39,Type_V,R_Cheek+L_Cheek+Forehead
62191.jpg,Normal,25.48,127.83,128.24,-89.66,Type_VI,R_Cheek+Forehead
62192.jpg,Normal,75.7,141.09,149.07,-43.95,Type_VI,R_Cheek+L_Cheek+Forehead
62194.jpg,Normal,108.61,147.12,143.31,-25.83,Type_V,R_Cheek+L_Cheek+Forehead
62196.jpg,Normal,101.67,153.99,138.79,-43.19,Type_VI,R_Cheek+Forehead
62199.jpg,Normal,140.87,149.98,151.08,12.8,Type_IV,L_Cheek+Forehead
62332.jpg,Normal,130.13,138.7,133.53,10.57,Type_IV,R_Cheek+L_Cheek+Forehead
62336.jpg,Normal,140.24,142.46,148.29,13.84,Type_IV,R_Cheek+L_Cheek+Forehead
62338.jpg,Normal,101.55,128.0,128.0,-89.99,Type_VI,R_Cheek+L_Cheek+Forehead
62339.jpg,Normal,81.3,134.86,143.23,-49.95,Type_VI,L_Cheek+Forehead
62340.jpg,Normal,56.92,134.37,133.71,-78.34,Type_VI,L_Cheek+Forehead
62344.jpg,Normal,76.29,154.84,162.77,-30.0,Type_VI,L_Cheek+Forehead
62345.jpg,Normal,94.98,144.09,141.07,-44.3,Type_VI,L_Cheek+Forehead
62468.jpg,Normal,119.55,139.31,122.73,30.63,Type_III,R_Cheek+Forehead
62476.jpg,Normal,110.12,144.74,147.51,-19.25,Type_V,R_Cheek+L_Cheek+Forehead
62481.jpg,Normal,71.53,134.37,138.47,-64.49,Type_VI,R_Cheek+L_Cheek+Forehead
62485.jpg,Normal,96.5,134.31,128.89,-85.83,Type_VI,R_Cheek+L_Cheek+Forehead
62583.jpg,Normal,66.21,133.61,134.95,-73.88,Type_VI,R_Cheek+Forehead
62593.jpg,Normal,137.05,140.79,132.06,42.66,Type_II,R_Cheek+L_Cheek+Forehead
62597.jpg,Normal,147.62,150.42,161.25,13.35,Type_IV,R_Cheek+L_Cheek+Forehead
62598.jpg,Normal,111.82,136.83,130.96,-64.26,Type_VI,R_Cheek+L_Cheek+Forehead
62695.jpg,Normal,150.75,143.12,146.07,26.77,Type_IV,L_Cheek+Forehead
627.jpg,Normal,165.47,149.61,183.57,15.0,Type_IV,R_Cheek+Forehead
62700.jpg,Normal,125.45,135.75,134.1,-7.52,Type_V,R_Cheek+Forehead
62702.jpg,Normal,95.77,138.52,134.37,-62.88,Type_VI,R_Cheek+L_Cheek+Forehead
62705.jpg,Normal,110.66,149.34,161.36,-11.2,Type_V,L_Cheek+Forehead
62706.jpg,Normal,103.44,141.94,138.79,-41.16,Type_VI,R_Cheek+L_Cheek+Forehead
62715.jpg,Normal,175.02,135.5,146.18,45.71,Type_II,L_Cheek+Forehead
62716.jpg,Normal,152.38,146.99,150.45,23.49,Type_IV,R_Cheek+L_Cheek+Forehead
62717.jpg,Normal,135.89,145.34,150.92,8.17,Type_V,R_Cheek+L_Cheek+Forehead
62793.jpg,Normal,151.74,137.61,134.49,55.69,Type_I,R_Cheek+Forehead
62794.jpg,Normal,88.71,136.52,137.46,-58.11,Type_VI,R_Cheek+L_Cheek+Forehead
62795.jpg,Normal,135.12,137.03,153.51,6.68,Type_V,R_Cheek+L_Cheek+Forehead
62801.jpg,Normal,149.99,142.96,145.59,26.63,Type_IV,R_Cheek+L_Cheek+Forehead
62805.jpg,Normal,79.06,140.16,140.71,-56.23,Type_VI,R_Cheek+L_Cheek+Forehead
62806.jpg,Normal,134.73,136.32,148.97,7.7,Type_V,R_Cheek+L_Cheek+Forehead
6281.jpg,Normal,121.21,146.14,145.22,-8.16,Type_V,R_Cheek+L_Cheek+Forehead
62811.jpg,Normal,111.79,160.34,154.92,-12.89,Type_V,R_Cheek+L_Cheek+Forehead
62812.jpg,Normal,95.86,148.41,134.76,-61.4,Type_VI,L_Cheek+Forehead
62908.jpg,Normal,120.1,142.35,147.82,-8.33,Type_V,R_Cheek+L_Cheek+Forehead
62909.jpg,Normal,157.9,137.12,162.81,18.91,Type_IV,R_Cheek+L_Cheek+Forehead
62914.jpg,Normal,97.65,145.94,135.64,-56.87,Type_VI,R_Cheek+L_Cheek+Forehead
62915.jpg,Normal,102.07,139.27,141.53,-36.38,Type_VI,R_Cheek+Forehead
6292.jpg,Normal,114.31,137.2,132.99,-46.02,Type_VI,L_Cheek+Forehead
62999.jpg,Normal,98.4,146.55,136.59,-53.04,Type_VI,R_Cheek+L_Cheek+Forehead
63009.jpg,Normal,59.58,143.83,143.94,-59.09,Type_VI,L_Cheek+Forehead
6301.jpg,Normal,161.92,142.72,139.61,49.31,Type_II,R_Cheek+Forehead
63013.jpg,Normal,101.51,135.47,136.76,-49.33,Type_VI,R_Cheek+L_Cheek+Forehead
63018.jpg,Normal,124.02,147.5,141.37,-5.84,Type_V,R_Cheek+L_Cheek+Forehead
6302.jpg,Normal,111.72,146.41,152.3,-14.29,Type_V,R_Cheek+L_Cheek+Forehead
63023.jpg,Normal,152.09,137.94,141.53,35.48,Type_III,R_Cheek+L_Cheek+Forehead
63024.jpg,Normal,68.06,135.76,139.04,-64.67,Type_VI,L_Cheek+Forehead
63107.jpg,Normal,141.63,141.99,116.41,-25.56,Type_V,R_Cheek+L_Cheek+Forehead
63108.jpg,Normal,46.13,139.13,142.26,-65.92,Type_VI,L_Cheek+Forehead
6311.jpg,Normal,189.32,136.76,143.6,57.24,Type_I,R_Cheek+Forehead
63115.jpg,Normal,84.28,141.98,143.98,-46.68,Type_VI,R_Cheek+L_Cheek+Forehead
63116.jpg,Normal,97.69,151.89,127.95,89.78,Type_I,R_Cheek+L_Cheek+Forehead
63120.jpg,Normal,115.09,145.62,150.36,-12.28,Type_V,R_Cheek+L_Cheek+Forehead
63157.jpg,Normal,150.04,136.89,147.64,24.23,Type_IV,R_Cheek+Forehead
63158.jpg,Normal,145.87,155.93,145.25,22.67,Type_IV,R_Cheek+L_Cheek+Forehead
63165.jpg,Normal,117.19,140.83,141.42,-16.78,Type_V,R_Cheek+L_Cheek+Forehead
63167.jpg,Normal,25.75,130.7,132.47,-83.61,Type_VI,R_Cheek+L_Cheek+Forehead
63168.jpg,Normal,131.42,146.17,141.17,6.66,Type_V,R_Cheek+Forehead
63169.jpg,Normal,122.61,147.96,150.0,-4.98,Type_V,R_Cheek+L_Cheek+Forehead
63237.jpg,Normal,180.42,145.12,149.2,44.39,Type_II,R_Cheek+L_Cheek+Forehead
6324.jpg,Normal,142.33,146.46,147.12,16.92,Type_IV,R_Cheek+L_Cheek+Forehead
63240.jpg,Normal,39.83,128.43,131.53,-84.13,Type_VI,R_Cheek+Forehead
63249.jpg,Normal,158.69,140.91,147.9,31.58,Type_III,R_Cheek+L_Cheek+Forehead
6325.jpg,Normal,154.38,128.0,128.0,89.99,Type_I,L_Cheek+Forehead
63251.jpg,Normal,133.77,141.84,148.61,6.8,Type_V,R_Cheek+Forehead
63254.jpg,Normal,65.92,142.23,135.92,-71.84,Type_VI,R_Cheek+L_Cheek+Forehead
63258.jpg,Normal,97.33,149.21,147.75,-30.92,Type_VI,R_Cheek+L_Cheek+Forehead
6326.jpg,Normal,94.8,138.76,147.72,-33.03,Type_VI,R_Cheek+L_Cheek+Forehead
63262.jpg,Normal,96.37,142.4,141.47,-42.18,Type_VI,L_Cheek+Forehead
63264.jpg,Normal,107.43,139.73,149.28,-20.3,Type_V,R_Cheek+Forehead
63304.jpg,Normal,150.82,155.3,144.17,29.49,Type_III,R_Cheek+Forehead
6331.jpg,Normal,115.1,140.27,131.81,-51.92,Type_VI,R_Cheek+L_Cheek+Forehead
63312.jpg,Normal,173.75,164.14,145.12,46.65,Type_II,R_Cheek+Forehead
63316.jpg,Normal,106.91,139.01,132.37,-61.56,Type_VI,R_Cheek+L_Cheek+Forehead
6332.jpg,Normal,128.1,143.33,134.3,2.15,Type_V,R_Cheek+L_Cheek+Forehead
63325.jpg,Normal,102.4,143.57,145.77,-28.98,Type_V,R_Cheek+L_Cheek+Forehead
63327.jpg,Normal,133.11,150.2,157.05,4.33,Type_V,R_Cheek+L_Cheek+Forehead
63328.jpg,Normal,105.91,139.08,141.24,-32.6,Type_VI,R_Cheek+L_Cheek+Forehead
63414.jpg,Normal,79.89,136.8,137.25,-63.66,Type_VI,R_Cheek+L_Cheek+Forehead
63415.jpg,Normal,53.27,145.12,148.17,-55.28,Type_VI,R_Cheek+L_Cheek+Forehead
63420.jpg,Normal,119.29,146.95,153.6,-7.17,Type_V,R_Cheek+Forehead
63422.jpg,Normal,109.85,157.97,163.23,-11.12,Type_V,R_Cheek+L_Cheek+Forehead
6343.jpg,Normal,107.58,138.58,146.58,-22.81,Type_V,R_Cheek+L_Cheek+Forehead
63431.jpg,Normal,86.44,142.72,138.99,-55.69,Type_VI,R_Cheek+L_Cheek+Forehead
63435.jpg,Normal,116.05,142.68,147.64,-12.88,Type_V,R_Cheek+Forehead
63442.jpg,Normal,117.2,137.68,138.44,-21.15,Type_V,L_Cheek+Forehead
63484.jpg,Normal,160.85,147.93,145.09,37.43,Type_III,L_Cheek+Forehead
63559.jpg,Normal,102.72,148.94,154.59,-20.07,Type_V,R_Cheek+Forehead
63561.jpg,Normal,87.09,142.19,145.76,-41.74,Type_VI,R_Cheek+L_Cheek+Forehead
6357.jpg,Normal,119.36,137.72,149.45,-8.46,Type_V,R_Cheek+Forehead
63570.jpg,Normal,148.76,152.55,167.26,11.99,Type_IV,R_Cheek+Forehead
63573.jpg,Normal,78.42,145.68,148.76,-42.83,Type_VI,L_Cheek+Forehead
63603.jpg,Normal,67.62,145.34,145.17,-53.82,Type_VI,R_Cheek+Forehead
63629.jpg,Normal,148.74,147.63,146.98,23.69,Type_IV,R_Cheek+Forehead
63669.jpg,Normal,69.39,145.07,155.5,-39.65,Type_VI,R_Cheek+L_Cheek+Forehead
63677.jpg,Normal,161.06,128.68,128.13,89.45,Type_I,R_Cheek+Forehead
63680.jpg,Normal,28.15,141.5,139.24,-73.91,Type_VI,L_Cheek+Forehead
63681.jpg,Normal,96.71,145.2,166.16,-17.56,Type_V,R_Cheek+Forehead
63767.jpg,Normal,83.52,137.36,136.82,-62.91,Type_VI,R_Cheek+L_Cheek+Forehead
63788.jpg,Normal,87.64,138.11,138.28,-56.66,Type_VI,R_Cheek+L_Cheek+Forehead
63789.jpg,Normal,156.02,138.42,139.21,44.94,Type_II,R_Cheek+L_Cheek+Forehead
63793.jpg,Normal,178.13,135.37,132.42,77.44,Type_I,R_Cheek+Forehead
63794.jpg,Normal,149.52,146.67,130.54,73.6,Type_I,L_Cheek+Forehead
63796.jpg,Normal,91.39,136.69,142.18,-44.97,Type_VI,L_Cheek+Forehead
63801.jpg,Normal,148.28,142.78,141.77,30.61,Type_III,R_Cheek+L_Cheek+Forehead
6381.jpg,Normal,118.72,132.2,141.13,-14.7,Type_V,R_Cheek+L_Cheek+Forehead
63885.jpg,Normal,113.21,131.53,120.1,35.35,Type_III,R_Cheek+Forehead
63886.jpg,Normal,170.1,137.69,149.55,37.79,Type_III,L_Cheek+Forehead
63887.jpg,Normal,120.9,141.79,139.88,-12.3,Type_V,R_Cheek+L_Cheek+Forehead
63888.jpg,Normal,136.37,143.14,148.71,9.53,Type_V,L_Cheek+Forehead
63902.jpg,Normal,85.75,153.76,150.37,-36.2,Type_VI,R_Cheek+L_Cheek+Forehead
63905.jpg,Normal,169.97,145.66,153.38,33.28,Type_III,R_Cheek+L_Cheek+Forehead
63953.jpg,Normal,157.08,150.46,140.79,42.2,Type_II,R_Cheek+L_Cheek+Forehead
63976.jpg,Normal,87.72,134.1,143.06,-46.0,Type_VI,R_Cheek+L_Cheek+Forehead
63980.jpg,Normal,97.19,135.52,136.45,-54.6,Type_VI,R_Cheek+L_Cheek+Forehead
63982.jpg,Normal,49.51,142.85,138.93,-70.33,Type_VI,R_Cheek+L_Cheek+Forehead
63983.jpg,Normal,84.31,142.09,128.19,-89.35,Type_VI,R_Cheek+L_Cheek+Forehead
63992.jpg,Normal,98.28,142.75,140.32,-42.93,Type_VI,R_Cheek+L_Cheek+Forehead
63995.jpg,Normal,79.32,143.59,151.25,-39.1,Type_VI,R_Cheek+L_Cheek+Forehead
64102.jpg,Normal,145.73,137.52,131.56,63.52,Type_I,R_Cheek+L_Cheek+Forehead
64105.jpg,Normal,114.43,160.05,145.58,-16.25,Type_V,R_Cheek+L_Cheek+Forehead
64108.jpg,Normal,142.62,146.66,145.36,18.85,Type_IV,R_Cheek+L_Cheek+Forehead
64111.jpg,Normal,104.43,147.91,152.21,-20.49,Type_V,R_Cheek+L_Cheek+Forehead
64112.jpg,Normal,105.36,145.89,150.38,-21.2,Type_V,R_Cheek+L_Cheek+Forehead
64113.jpg,Normal,110.67,145.47,145.65,-20.5,Type_V,R_Cheek+L_Cheek+Forehead
64120.jpg,Normal,156.84,145.4,153.87,23.97,Type_IV,R_Cheek+L_Cheek+Forehead
64245.jpg,Normal,109.73,135.48,144.02,-23.51,Type_V,R_Cheek+L_Cheek+Forehead
64247.jpg,Normal,140.45,128.0,128.0,89.99,Type_I,R_Cheek+Forehead
64248.jpg,Normal,74.6,149.05,147.49,-46.79,Type_VI,R_Cheek+Forehead
64258.jpg,Normal,47.17,135.62,137.9,-72.55,Type_VI,L_Cheek+Forehead
6426.jpg,Normal,82.22,137.78,127.82,89.43,Type_I,R_Cheek+L_Cheek+Forehead
64265.jpg,Normal,83.45,137.5,141.18,-52.66,Type_VI,R_Cheek+Forehead
64267.jpg,Normal,92.65,136.33,136.73,-57.44,Type_VI,R_Cheek+L_Cheek+Forehead
64268.jpg,Normal,168.59,142.16,150.71,35.36,Type_III,R_Cheek+L_Cheek+Forehead
64269.jpg,Normal,154.45,145.24,146.52,29.72,Type_III,R_Cheek+L_Cheek+Forehead
6427.jpg,Normal,112.88,143.46,151.16,-13.9,Type_V,R_Cheek+L_Cheek+Forehead
64271.jpg,Normal,96.67,144.01,146.73,-32.85,Type_VI,R_Cheek+L_Cheek+Forehead
64274.jpg,Normal,79.75,129.71,132.53,-76.41,Type_VI,R_Cheek+L_Cheek+Forehead
64275.jpg,Normal,157.62,146.83,158.26,21.32,Type_IV,L_Cheek+Forehead
64458.jpg,Normal,128.84,144.06,146.0,1.67,Type_V,R_Cheek+L_Cheek+Forehead
64466.jpg,Normal,135.03,142.3,151.47,7.17,Type_V,R_Cheek+L_Cheek+Forehead
6456.jpg,Normal,115.81,148.12,151.7,-10.94,Type_V,R_Cheek+L_Cheek+Forehead
64563.jpg,Normal,99.26,128.0,128.0,-89.99,Type_VI,R_Cheek+Forehead
64569.jpg,Normal,93.86,139.98,142.6,-42.1,Type_VI,R_Cheek+L_Cheek+Forehead
64572.jpg,Normal,119.9,137.95,128.31,-84.02,Type_VI,R_Cheek+Forehead
64576.jpg,Normal,39.48,134.5,131.6,-84.04,Type_VI,L_Cheek+Forehead
64577.jpg,Normal,99.64,139.16,141.12,-39.78,Type_VI,R_Cheek+L_Cheek+Forehead
6463.jpg,Normal,121.41,128.0,128.0,-89.98,Type_VI,R_Cheek+Forehead
64630.jpg,Normal,61.67,157.0,153.99,-44.8,Type_VI,R_Cheek+Forehead
64631.jpg,Normal,117.62,143.74,149.36,-10.28,Type_V,R_Cheek+L_Cheek+Forehead
64632.jpg,Normal,122.23,140.59,138.0,-11.68,Type_V,R_Cheek+L_Cheek+Forehead
64639.jpg,Normal,131.2,147.13,161.83,2.46,Type_V,R_Cheek+Forehead
64713.jpg,Normal,97.51,143.18,139.88,-44.71,Type_VI,L_Cheek+Forehead
64716.jpg,Normal,150.9,155.21,158.85,16.57,Type_IV,L_Cheek+Forehead
64717.jpg,Normal,143.41,147.9,149.38,16.27,Type_IV,R_Cheek+Forehead
64719.jpg,Normal,148.6,144.47,150.86,19.9,Type_IV,L_Cheek+Forehead
64722.jpg,Normal,98.89,144.42,150.86,-26.14,Type_V,L_Cheek+Forehead
64723.jpg,Normal,36.34,145.31,145.28,-64.2,Type_VI,L_Cheek+Forehead
64729.jpg,Normal,113.41,147.12,145.16,-17.86,Type_V,L_Cheek+Forehead
6473.jpg,Normal,130.16,139.38,148.25,2.94,Type_V,R_Cheek+L_Cheek+Forehead
64737.jpg,Normal,121.21,142.8,137.28,-14.89,Type_V,R_Cheek+Forehead
64814.jpg,Normal,166.8,128.36,127.56,-88.38,Type_VI,R_Cheek+L_Cheek+Forehead
64818.jpg,Normal,60.6,135.62,134.61,-75.87,Type_VI,R_Cheek+L_Cheek+Forehead
64829.jpg,Normal,197.4,130.67,129.41,87.06,Type_I,R_Cheek+Forehead
64831.jpg,Normal,50.99,134.78,136.39,-74.38,Type_VI,R_Cheek+L_Cheek+Forehead
64833.jpg,Normal,106.69,141.84,143.64,-27.56,Type_V,R_Cheek+L_Cheek+Forehead
6491.jpg,Normal,107.74,142.92,141.99,-28.98,Type_V,R_Cheek+L_Cheek+Forehead
64911.jpg,Normal,182.64,147.54,142.2,56.71,Type_I,R_Cheek+L_Cheek+Forehead
64914.jpg,Normal,83.2,135.68,153.31,-34.47,Type_VI,R_Cheek+L_Cheek+Forehead
64916.jpg,Normal,145.08,138.84,137.14,37.02,Type_III,R_Cheek+L_Cheek+Forehead
64918.jpg,Normal,121.14,161.3,169.03,-3.48,Type_V,R_Cheek+L_Cheek+Forehead
64919.jpg,Normal,45.25,136.78,138.63,-71.76,Type_VI,L_Cheek+Forehead
65038.jpg,Normal,78.26,140.62,146.8,-45.77,Type_VI,L_Cheek+Forehead
6504.jpg,Normal,113.56,152.31,147.53,-15.63,Type_V,R_Cheek+L_Cheek+Forehead
65040.jpg,Normal,44.79,163.93,122.02,79.55,Type_I,L_Cheek+Forehead
65041.jpg,Normal,78.73,141.31,136.55,-65.91,Type_VI,R_Cheek+L_Cheek+Forehead
65044.jpg,Normal,53.67,138.27,140.01,-67.47,Type_VI,L_Cheek+Forehead
65045.jpg,Normal,173.09,145.74,157.42,31.29,Type_III,R_Cheek+L_Cheek+Forehead
65049.jpg,Normal,68.21,135.51,130.63,-83.54,Type_VI,L_Cheek+Forehead
6505.jpg,Normal,119.31,138.04,141.59,-13.3,Type_V,R_Cheek+L_Cheek+Forehead
65053.jpg,Normal,144.01,151.04,144.55,21.36,Type_IV,R_Cheek+L_Cheek+Forehead
65170.jpg,Normal,123.2,132.52,144.46,-5.85,Type_V,L_Cheek+Forehead
65171.jpg,Normal,53.54,143.37,147.75,-55.75,Type_VI,R_Cheek+L_Cheek+Forehead
65173.jpg,Normal,151.73,128.0,128.0,89.99,Type_I,R_Cheek+Forehead
65174.jpg,Normal,173.5,149.25,154.67,34.07,Type_III,R_Cheek+Forehead
65177.jpg,Normal,100.61,166.49,167.12,-15.08,Type_V,R_Cheek+L_Cheek+Forehead
6518.jpg,Normal,97.2,142.16,135.52,-57.66,Type_VI,R_Cheek+L_Cheek+Forehead
65181.jpg,Normal,146.06,145.48,146.5,21.48,Type_IV,R_Cheek+L_Cheek+Forehead
65183.jpg,Normal,80.87,140.06,140.05,-56.61,Type_VI,L_Cheek+Forehead
65185.jpg,Normal,155.29,145.21,149.3,27.1,Type_IV,R_Cheek+L_Cheek+Forehead
65186.jpg,Normal,137.93,132.99,146.25,12.63,Type_IV,R_Cheek+L_Cheek+Forehead
65188.jpg,Normal,44.05,137.39,136.93,-74.74,Type_VI,R_Cheek+L_Cheek+Forehead
65255.jpg,Normal,101.74,134.95,144.76,-31.08,Type_VI,R_Cheek+L_Cheek+Forehead
65262.jpg,Normal,127.01,151.46,166.18,-0.29,Type_V,R_Cheek+Forehead
65275.jpg,Normal,27.01,132.39,133.82,-81.6,Type_VI,R_Cheek+L_Cheek+Forehead
65364.jpg,Normal,91.39,142.72,145.43,-39.1,Type_VI,R_Cheek+L_Cheek+Forehead
65366.jpg,Normal,132.33,147.4,131.46,28.72,Type_III,R_Cheek+L_Cheek+Forehead
65368.jpg,Normal,151.4,152.24,140.79,36.23,Type_III,R_Cheek+L_Cheek+Forehead
65371.jpg,Normal,94.45,144.95,148.58,-32.21,Type_VI,R_Cheek+L_Cheek+Forehead
65373.jpg,Normal,114.53,143.53,143.46,-18.21,Type_V,R_Cheek+L_Cheek+Forehead
65382.jpg,Normal,105.26,143.07,141.66,-32.56,Type_VI,R_Cheek+L_Cheek+Forehead
65383.jpg,Normal,184.58,142.59,136.54,69.12,Type_I,R_Cheek+L_Cheek+Forehead
65384.jpg,Normal,219.31,118.68,143.25,67.04,Type_I,R_Cheek+L_Cheek+Forehead
6557.jpg,Normal,120.61,149.07,154.69,-5.78,Type_V,R_Cheek+L_Cheek+Forehead
65572.jpg,Normal,131.35,165.96,163.91,2.41,Type_V,R_Cheek+Forehead
65573.jpg,Normal,195.86,136.52,133.3,78.82,Type_I,L_Cheek+Forehead
65575.jpg,Normal,117.32,142.35,137.35,-23.1,Type_V,R_Cheek+Forehead
65577.jpg,Normal,110.8,150.59,152.74,-14.83,Type_V,R_Cheek+Forehead
65579.jpg,Normal,91.52,143.68,159.52,-24.12,Type_V,L_Cheek+Forehead
65584.jpg,Normal,120.4,141.68,149.84,-7.26,Type_V,R_Cheek+L_Cheek+Forehead
65587.jpg,Normal,106.61,143.77,145.38,-25.23,Type_V,R_Cheek+L_Cheek+Forehead
65591.jpg,Normal,95.85,149.5,149.07,-30.51,Type_VI,R_Cheek+L_Cheek+Forehead
65596.jpg,Normal,116.56,164.92,162.13,-7.16,Type_V,R_Cheek+L_Cheek+Forehead
65597.jpg,Normal,177.79,142.34,144.0,50.95,Type_II,R_Cheek+L_Cheek+Forehead
65631.jpg,Normal,117.02,141.88,154.59,-8.79,Type_V,L_Cheek+Forehead
65634.jpg,Normal,164.38,132.26,133.29,69.89,Type_I,R_Cheek+L_Cheek+Forehead
65636.jpg,Normal,89.31,144.7,143.54,-43.94,Type_VI,R_Cheek+L_Cheek+Forehead
6564.jpg,Normal,125.95,149.21,154.25,-1.33,Type_V,R_Cheek+L_Cheek+Forehead
65641.jpg,Normal,87.62,138.12,141.29,-49.64,Type_VI,R_Cheek+L_Cheek+Forehead
65644.jpg,Normal,126.91,141.22,139.25,-1.18,Type_V,R_Cheek+L_Cheek+Forehead
65707.jpg,Normal,152.42,142.86,143.72,31.88,Type_III,R_Cheek+L_Cheek+Forehead
65709.jpg,Normal,167.58,131.69,132.36,74.5,Type_I,R_Cheek+L_Cheek+Forehead
6571.jpg,Normal,66.94,145.4,144.29,-55.55,Type_VI,R_Cheek+L_Cheek+Forehead
65717.jpg,Normal,157.46,144.28,155.26,23.32,Type_IV,L_Cheek+Forehead
65718.jpg,Normal,121.68,143.55,131.43,-33.67,Type_VI,R_Cheek+Forehead
65861.jpg,Normal,171.31,144.08,150.48,37.39,Type_III,R_Cheek+L_Cheek+Forehead
65867.jpg,Normal,114.03,143.22,145.25,-17.03,Type_V,R_Cheek+L_Cheek+Forehead
65874.jpg,Normal,95.24,153.95,158.22,-22.72,Type_V,R_Cheek+L_Cheek+Forehead
65876.jpg,Normal,67.13,128.67,143.46,-56.85,Type_VI,L_Cheek+Forehead
65879.jpg,Normal,160.56,140.56,143.33,40.23,Type_III,R_Cheek+L_Cheek+Forehead
65880.jpg,Normal,123.84,153.7,155.92,-2.94,Type_V,R_Cheek+L_Cheek+Forehead
65883.jpg,Normal,55.12,136.11,138.85,-69.08,Type_VI,R_Cheek+L_Cheek+Forehead
65885.jpg,Normal,156.65,145.26,142.63,37.99,Type_III,R_Cheek+L_Cheek+Forehead
65888.jpg,Normal,129.8,140.91,135.86,6.56,Type_V,R_Cheek+L_Cheek+Forehead
6589.jpg,Normal,107.7,143.27,145.53,-23.89,Type_V,L_Cheek+Forehead
65984.jpg,Normal,90.24,136.0,123.99,74.67,Type_I,L_Cheek+Forehead
6599.jpg,Normal,100.89,138.53,135.89,-52.9,Type_VI,R_Cheek+L_Cheek+Forehead
66000.jpg,Normal,79.53,144.69,146.98,-44.74,Type_VI,R_Cheek+L_Cheek+Forehead
66001.jpg,Normal,45.08,128.0,128.0,-90.0,Type_VI,R_Cheek+Forehead
66002.jpg,Normal,56.88,139.12,136.28,-73.36,Type_VI,R_Cheek+L_Cheek+Forehead
66003.jpg,Normal,108.93,145.0,149.05,-19.09,Type_V,R_Cheek+L_Cheek+Forehead
66006.jpg,Normal,103.91,134.15,142.16,-33.16,Type_VI,R_Cheek+Forehead
66009.jpg,Normal,86.46,143.01,149.22,-37.18,Type_VI,R_Cheek+Forehead
66010.jpg,Normal,107.11,139.18,147.43,-22.37,Type_V,R_Cheek+L_Cheek+Forehead
66056.jpg,Normal,189.28,143.28,160.91,36.36,Type_III,R_Cheek+L_Cheek+Forehead
66057.jpg,Normal,136.17,141.05,144.51,11.63,Type_IV,R_Cheek+Forehead
66063.jpg,Normal,110.51,141.82,146.88,-19.44,Type_V,R_Cheek+L_Cheek+Forehead
66068.jpg,Normal,147.83,140.4,140.9,31.71,Type_III,L_Cheek+Forehead
66078.jpg,Normal,116.87,152.92,153.02,-9.45,Type_V,R_Cheek+L_Cheek+Forehead
66083.jpg,Normal,84.05,141.96,147.65,-40.94,Type_VI,R_Cheek+L_Cheek+Forehead
66182.jpg,Normal,90.39,147.36,143.55,-43.09,Type_VI,R_Cheek+L_Cheek+Forehead
66192.jpg,Normal,145.44,145.2,148.09,19.3,Type_IV,R_Cheek+L_Cheek+Forehead
66193.jpg,Normal,167.5,145.05,143.23,45.86,Type_II,R_Cheek+L_Cheek+Forehead
66194.jpg,Normal,112.36,158.37,154.27,-12.74,Type_V,R_Cheek+L_Cheek+Forehead
66200.jpg,Normal,119.74,130.55,135.06,-23.33,Type_V,R_Cheek+L_Cheek+Forehead
66204.jpg,Normal,128.2,133.96,138.39,1.52,Type_V,R_Cheek+Forehead
66296.jpg,Normal,92.06,140.96,141.3,-46.26,Type_VI,R_Cheek+L_Cheek+Forehead
66323.jpg,Normal,112.32,141.19,137.76,-31.37,Type_VI,R_Cheek+L_Cheek+Forehead
66324.jpg,Normal,104.15,140.83,128.24,-88.48,Type_VI,R_Cheek+Forehead
66326.jpg,Normal,119.26,138.57,143.49,-11.78,Type_V,R_Cheek+L_Cheek+Forehead
6633.jpg,Normal,98.14,128.0,128.0,-90.0,Type_VI,L_Cheek+Forehead
66332.jpg,Normal,158.88,148.66,150.79,28.37,Type_III,L_Cheek+Forehead
66333.jpg,Normal,152.98,133.79,133.16,62.68,Type_I,R_Cheek+L_Cheek+Forehead
66334.jpg,Normal,105.85,140.43,139.71,-35.95,Type_VI,R_Cheek+L_Cheek+Forehead
66336.jpg,Normal,134.75,159.15,149.5,7.53,Type_V,R_Cheek+L_Cheek+Forehead
66340.jpg,Normal,130.24,143.08,149.28,2.89,Type_V,R_Cheek+L_Cheek+Forehead
66342.jpg,Normal,159.31,142.42,144.71,36.74,Type_III,R_Cheek+L_Cheek+Forehead
66345.jpg,Normal,146.97,140.25,142.84,27.22,Type_IV,L_Cheek+Forehead
66346.jpg,Normal,132.98,128.0,128.0,89.97,Type_I,R_Cheek+Forehead
66351.jpg,Normal,49.91,140.39,140.34,-67.92,Type_VI,L_Cheek+Forehead
66453.jpg,Normal,85.3,143.49,146.84,-41.3,Type_VI,R_Cheek+Forehead
66458.jpg,Normal,88.99,135.27,138.8,-54.42,Type_VI,R_Cheek+Forehead
66461.jpg,Normal,174.18,143.3,150.71,38.87,Type_III,R_Cheek+L_Cheek+Forehead
66464.jpg,Normal,180.89,137.93,141.91,56.41,Type_I,R_Cheek+L_Cheek+Forehead
66466.jpg,Normal,134.54,145.05,152.24,6.5,Type_V,L_Cheek+Forehead
66468.jpg,Normal,56.1,141.98,140.76,-65.51,Type_VI,R_Cheek+L_Cheek+Forehead
66469.jpg,Normal,78.27,139.21,137.09,-64.8,Type_VI,R_Cheek+L_Cheek+Forehead
66470.jpg,Normal,91.59,144.14,154.38,-28.09,Type_V,R_Cheek+L_Cheek+Forehead
66471.jpg,Normal,109.32,180.35,144.31,-23.6,Type_V,R_Cheek+L_Cheek+Forehead
66595.jpg,Normal,134.97,128.0,128.0,89.98,Type_I,R_Cheek+L_Cheek+Forehead
66605.jpg,Normal,128.86,136.94,132.28,7.1,Type_V,R_Cheek+L_Cheek+Forehead
66606.jpg,Normal,143.84,146.31,122.92,-51.58,Type_VI,R_Cheek+L_Cheek+Forehead
66613.jpg,Normal,140.81,137.73,145.85,16.29,Type_IV,R_Cheek+Forehead
66614.jpg,Normal,117.86,143.1,144.01,-13.29,Type_V,R_Cheek+L_Cheek+Forehead
66615.jpg,Normal,104.5,143.29,144.34,-28.9,Type_V,R_Cheek+L_Cheek+Forehead
667.jpg,Normal,130.3,141.82,141.59,4.62,Type_V,R_Cheek+L_Cheek+Forehead
66702.jpg,Normal,146.56,142.1,153.35,16.43,Type_IV,R_Cheek+Forehead
66705.jpg,Normal,144.14,148.74,161.68,10.97,Type_IV,R_Cheek+L_Cheek+Forehead
66712.jpg,Normal,194.54,134.23,147.09,54.01,Type_II,R_Cheek+L_Cheek+Forehead
66715.jpg,Normal,87.71,140.73,145.1,-42.38,Type_VI,R_Cheek+L_Cheek+Forehead
66716.jpg,Normal,95.06,140.99,142.47,-41.33,Type_VI,L_Cheek+Forehead
66867.jpg,Normal,39.74,135.36,131.18,-84.72,Type_VI,R_Cheek+Forehead
66868.jpg,Normal,59.78,139.41,135.52,-74.19,Type_VI,R_Cheek+L_Cheek+Forehead
66873.jpg,Normal,137.7,136.82,153.74,8.83,Type_V,R_Cheek+Forehead
66875.jpg,Normal,78.7,159.18,151.39,-39.28,Type_VI,R_Cheek+L_Cheek+Forehead
66880.jpg,Normal,142.92,147.02,157.43,11.61,Type_IV,R_Cheek+L_Cheek+Forehead
66881.jpg,Normal,157.78,149.45,161.6,19.46,Type_IV,R_Cheek+Forehead
66883.jpg,Normal,95.12,142.06,140.72,-44.94,Type_VI,R_Cheek+L_Cheek+Forehead
66889.jpg,Normal,121.75,167.68,159.04,-4.15,Type_V,L_Cheek+Forehead
66982.jpg,Normal,93.38,144.03,146.15,-36.39,Type_VI,L_Cheek+Forehead
66983.jpg,Normal,140.94,144.59,147.36,15.23,Type_IV,R_Cheek+L_Cheek+Forehead
66988.jpg,Normal,141.9,135.91,152.88,12.79,Type_IV,R_Cheek+Forehead
67.jpg,Normal,134.77,147.71,150.39,7.26,Type_V,L_Cheek+Forehead
67002.jpg,Normal,102.98,139.74,139.26,-40.49,Type_VI,R_Cheek+Forehead
67005.jpg,Normal,79.34,144.44,143.05,-51.46,Type_VI,R_Cheek+L_Cheek+Forehead
67111.jpg,Normal,67.41,142.19,140.97,-61.17,Type_VI,R_Cheek+L_Cheek+Forehead
67112.jpg,Normal,151.73,150.02,121.66,-56.27,Type_VI,L_Cheek+Forehead
67116.jpg,Normal,133.18,140.1,138.23,12.29,Type_IV,L_Cheek+Forehead
67118.jpg,Normal,110.85,162.87,168.54,-9.15,Type_V,R_Cheek+L_Cheek+Forehead
67120.jpg,Normal,128.93,141.06,137.89,3.25,Type_V,R_Cheek+L_Cheek+Forehead
67184.jpg,Normal,134.31,143.0,146.71,8.13,Type_V,R_Cheek+Forehead
67186.jpg,Normal,47.6,137.38,132.8,-81.29,Type_VI,R_Cheek+L_Cheek+Forehead
67187.jpg,Normal,112.01,145.15,148.86,-16.24,Type_V,R_Cheek+L_Cheek+Forehead
67190.jpg,Normal,105.22,148.73,144.06,-28.54,Type_V,R_Cheek+L_Cheek+Forehead
67191.jpg,Normal,119.97,137.62,149.41,-7.86,Type_V,R_Cheek+L_Cheek+Forehead
67194.jpg,Normal,59.42,136.34,146.19,-55.72,Type_VI,R_Cheek+L_Cheek+Forehead
67195.jpg,Normal,186.37,140.89,137.7,67.2,Type_I,R_Cheek+Forehead
67200.jpg,Normal,148.89,142.38,128.93,83.68,Type_I,R_Cheek+L_Cheek+Forehead
67201.jpg,Normal,112.65,147.03,151.91,-13.69,Type_V,L_Cheek+Forehead
67205.jpg,Normal,124.62,130.52,152.55,-2.64,Type_V,L_Cheek+Forehead
67207.jpg,Normal,155.17,145.4,142.67,36.48,Type_III,R_Cheek+L_Cheek+Forehead
67306.jpg,Normal,151.96,143.36,144.64,29.96,Type_III,R_Cheek+L_Cheek+Forehead
67308.jpg,Normal,159.06,142.2,138.06,50.89,Type_II,R_Cheek+L_Cheek+Forehead
6731.jpg,Normal,186.96,135.19,131.42,81.65,Type_I,L_Cheek+Forehead
67354.jpg,Normal,63.96,139.49,140.98,-62.48,Type_VI,R_Cheek+L_Cheek+Forehead
67358.jpg,Normal,70.66,139.85,144.66,-53.22,Type_VI,R_Cheek+L_Cheek+Forehead
67364.jpg,Normal,138.06,137.25,144.12,14.41,Type_IV,R_Cheek+L_Cheek+Forehead
67365.jpg,Normal,130.23,143.39,141.55,4.52,Type_V,R_Cheek+L_Cheek+Forehead
67368.jpg,Normal,122.89,135.99,137.11,-11.22,Type_V,R_Cheek+L_Cheek+Forehead
67372.jpg,Normal,63.61,144.11,143.29,-58.61,Type_VI,R_Cheek+L_Cheek+Forehead
67461.jpg,Normal,98.41,141.92,143.89,-35.68,Type_VI,L_Cheek+Forehead
67463.jpg,Normal,64.88,144.53,143.96,-56.98,Type_VI,R_Cheek+Forehead
67469.jpg,Normal,112.2,141.76,148.81,-16.08,Type_V,L_Cheek+Forehead
67472.jpg,Normal,180.08,141.17,147.81,46.16,Type_II,R_Cheek+Forehead
67475.jpg,Normal,84.83,148.36,148.32,-39.47,Type_VI,R_Cheek+L_Cheek+Forehead
67476.jpg,Normal,142.07,147.67,143.17,20.63,Type_IV,R_Cheek+L_Cheek+Forehead
67483.jpg,Normal,151.87,153.49,173.67,11.82,Type_IV,R_Cheek+L_Cheek+Forehead
67588.jpg,Normal,79.78,138.31,139.28,-58.93,Type_VI,R_Cheek+L_Cheek+Forehead
67590.jpg,Normal,76.27,148.86,149.69,-42.81,Type_VI,L_Cheek+Forehead
67592.jpg,Normal,109.57,140.07,138.23,-34.5,Type_VI,R_Cheek+L_Cheek+Forehead
67596.jpg,Normal,164.78,127.91,125.97,-82.09,Type_VI,R_Cheek+L_Cheek+Forehead
67607.jpg,Normal,109.1,143.32,144.74,-23.32,Type_V,R_Cheek+L_Cheek+Forehead
67608.jpg,Normal,151.57,145.5,165.15,14.26,Type_IV,R_Cheek+Forehead
67611.jpg,Normal,111.33,140.93,140.17,-27.52,Type_V,R_Cheek+L_Cheek+Forehead
67702.jpg,Normal,150.65,141.4,144.17,29.3,Type_III,R_Cheek+Forehead
67703.jpg,Normal,116.48,132.23,129.83,-67.04,Type_VI,R_Cheek+L_Cheek+Forehead
67705.jpg,Normal,108.36,143.18,143.39,-25.99,Type_V,R_Cheek+L_Cheek+Forehead
67709.jpg,Normal,155.57,146.03,158.69,19.73,Type_IV,R_Cheek+L_Cheek+Forehead
67711.jpg,Normal,28.11,141.0,137.64,-76.11,Type_VI,R_Cheek+L_Cheek+Forehead
67712.jpg,Normal,137.46,139.17,135.97,26.1,Type_IV,R_Cheek+L_Cheek+Forehead
67717.jpg,Normal,125.57,130.85,146.4,-2.36,Type_V,L_Cheek+Forehead
67722.jpg,Normal,157.27,142.52,140.34,43.41,Type_II,R_Cheek+Forehead
67724.jpg,Normal,145.67,157.71,151.97,16.55,Type_IV,R_Cheek+Forehead
67867.jpg,Normal,124.9,134.76,147.3,-3.02,Type_V,R_Cheek+L_Cheek+Forehead
67872.jpg,Normal,47.95,138.26,138.48,-71.43,Type_VI,R_Cheek+Forehead
67962.jpg,Normal,64.88,141.92,139.85,-64.24,Type_VI,R_Cheek+L_Cheek+Forehead
67964.jpg,Normal,152.75,139.51,141.94,35.38,Type_III,R_Cheek+L_Cheek+Forehead
67966.jpg,Normal,121.09,149.93,147.31,-7.42,Type_V,R_Cheek+L_Cheek+Forehead
67972.jpg,Normal,121.38,150.45,155.66,-4.96,Type_V,R_Cheek+Forehead
67974.jpg,Normal,117.37,138.51,155.79,-8.13,Type_V,R_Cheek+L_Cheek+Forehead
68043.jpg,Normal,127.12,144.73,143.59,-0.55,Type_V,R_Cheek+L_Cheek+Forehead
68048.jpg,Normal,77.5,142.72,151.48,-39.86,Type_VI,R_Cheek+L_Cheek+Forehead
68054.jpg,Normal,61.04,142.73,121.18,75.33,Type_I,R_Cheek+L_Cheek+Forehead
68111.jpg,Normal,92.65,140.28,149.77,-32.12,Type_VI,R_Cheek+L_Cheek+Forehead
68112.jpg,Normal,84.21,143.93,146.64,-42.33,Type_VI,L_Cheek+Forehead
68124.jpg,Normal,157.33,147.93,156.3,22.46,Type_IV,L_Cheek+Forehead
68259.jpg,Normal,154.74,143.52,139.66,42.5,Type_II,R_Cheek+L_Cheek+Forehead
68264.jpg,Normal,48.33,133.81,134.66,-77.89,Type_VI,R_Cheek+L_Cheek+Forehead
68267.jpg,Normal,74.62,143.59,143.39,-53.42,Type_VI,R_Cheek+Forehead
68270.jpg,Normal,137.8,146.48,151.22,9.87,Type_V,R_Cheek+L_Cheek+Forehead
68272.jpg,Normal,108.78,143.44,144.73,-23.69,Type_V,R_Cheek+L_Cheek+Forehead
68275.jpg,Normal,131.82,146.79,142.23,6.8,Type_V,R_Cheek+L_Cheek+Forehead
68378.jpg,Normal,115.37,142.0,137.63,-26.3,Type_V,R_Cheek+L_Cheek+Forehead
68379.jpg,Normal,79.37,144.41,147.51,-44.05,Type_VI,R_Cheek+Forehead
68386.jpg,Normal,64.21,122.98,138.15,-67.77,Type_VI,R_Cheek+L_Cheek+Forehead
68387.jpg,Normal,106.95,133.55,136.54,-43.34,Type_VI,R_Cheek+L_Cheek+Forehead
68388.jpg,Normal,144.28,149.3,157.68,12.5,Type_IV,R_Cheek+L_Cheek+Forehead
68482.jpg,Normal,101.8,142.64,132.32,-66.8,Type_VI,L_Cheek+Forehead
6849.jpg,Normal,162.09,141.96,144.31,39.75,Type_III,R_Cheek+L_Cheek+Forehead
68490.jpg,Normal,155.43,141.38,149.04,27.5,Type_IV,R_Cheek+L_Cheek+Forehead
68491.jpg,Normal,107.53,142.75,144.51,-25.38,Type_V,L_Cheek+Forehead
68614.jpg,Normal,97.36,148.99,147.67,-31.01,Type_VI,R_Cheek+L_Cheek+Forehead
68617.jpg,Normal,84.31,139.67,138.42,-58.41,Type_VI,R_Cheek+L_Cheek+Forehead
68623.jpg,Normal,158.06,145.57,148.62,30.17,Type_III,R_Cheek+L_Cheek+Forehead
68626.jpg,Normal,159.24,156.86,168.32,17.15,Type_IV,L_Cheek+Forehead
68627.jpg,Normal,112.24,143.93,150.41,-14.95,Type_V,R_Cheek+L_Cheek+Forehead
68630.jpg,Normal,113.11,144.8,146.64,-16.85,Type_V,R_Cheek+L_Cheek+Forehead
68632.jpg,Normal,91.49,151.65,157.59,-25.51,Type_V,R_Cheek+Forehead
68729.jpg,Normal,109.86,143.02,141.08,-27.87,Type_V,R_Cheek+L_Cheek+Forehead
68732.jpg,Normal,110.18,142.34,139.31,-30.99,Type_VI,R_Cheek+L_Cheek+Forehead
68737.jpg,Normal,183.37,147.28,149.91,45.0,Type_II,R_Cheek+L_Cheek+Forehead
68739.jpg,Normal,110.3,143.23,161.42,-11.41,Type_V,R_Cheek+L_Cheek+Forehead
68742.jpg,Normal,180.46,141.42,153.2,39.49,Type_III,L_Cheek+Forehead
68813.jpg,Normal,142.34,141.2,143.85,20.16,Type_IV,R_Cheek+L_Cheek+Forehead
68814.jpg,Normal,112.89,139.48,136.08,-35.33,Type_VI,R_Cheek+L_Cheek+Forehead
68816.jpg,Normal,103.64,133.47,140.97,-35.81,Type_VI,R_Cheek+L_Cheek+Forehead
68817.jpg,Normal,105.33,150.39,147.79,-23.72,Type_V,L_Cheek+Forehead
68821.jpg,Normal,63.3,137.59,136.13,-72.09,Type_VI,R_Cheek+L_Cheek+Forehead
68931.jpg,Normal,138.21,143.64,155.09,8.81,Type_V,R_Cheek+L_Cheek+Forehead
68932.jpg,Normal,141.3,138.58,141.29,22.15,Type_IV,R_Cheek+L_Cheek+Forehead
68936.jpg,Normal,149.93,134.79,143.92,28.92,Type_III,R_Cheek+L_Cheek+Forehead
68941.jpg,Normal,163.64,158.1,161.34,23.03,Type_IV,R_Cheek+L_Cheek+Forehead
68948.jpg,Normal,162.7,145.53,150.78,31.22,Type_III,R_Cheek+L_Cheek+Forehead
68950.jpg,Normal,43.94,140.33,137.96,-73.1,Type_VI,R_Cheek+L_Cheek+Forehead
68958.jpg,Normal,93.52,144.71,148.62,-32.87,Type_VI,R_Cheek+Forehead
69079.jpg,Normal,191.15,139.88,140.77,62.9,Type_I,R_Cheek+Forehead
69082.jpg,Normal,87.88,139.21,137.44,-58.72,Type_VI,R_Cheek+L_Cheek+Forehead
69085.jpg,Normal,115.98,139.87,151.52,-10.87,Type_V,L_Cheek+Forehead
69095.jpg,Normal,136.66,141.04,131.99,42.02,Type_II,R_Cheek+L_Cheek+Forehead
69130.jpg,Normal,69.88,144.82,148.26,-48.12,Type_VI,L_Cheek+Forehead
69133.jpg,Normal,59.24,140.42,140.78,-64.48,Type_VI,R_Cheek+L_Cheek+Forehead
69136.jpg,Normal,127.02,143.57,157.89,-0.36,Type_V,R_Cheek+L_Cheek+Forehead
69144.jpg,Normal,80.52,146.06,137.78,-62.03,Type_VI,R_Cheek+L_Cheek+Forehead
69146.jpg,Normal,90.94,135.94,145.32,-39.61,Type_VI,R_Cheek+L_Cheek+Forehead
69149.jpg,Normal,121.63,143.61,141.67,-9.56,Type_V,R_Cheek+L_Cheek+Forehead
69300.jpg,Normal,74.62,137.62,131.36,-80.79,Type_VI,R_Cheek+L_Cheek+Forehead
69308.jpg,Normal,104.68,133.9,136.43,-46.71,Type_VI,R_Cheek+Forehead
69309.jpg,Normal,144.61,140.37,141.6,26.26,Type_IV,R_Cheek+L_Cheek+Forehead
6931.jpg,Normal,122.43,156.88,166.38,-2.96,Type_V,R_Cheek+L_Cheek+Forehead
69311.jpg,Normal,147.14,135.24,132.69,58.67,Type_I,L_Cheek+Forehead
69312.jpg,Normal,92.09,146.31,142.75,-43.27,Type_VI,R_Cheek+L_Cheek+Forehead
69320.jpg,Normal,49.86,131.35,131.26,-83.89,Type_VI,L_Cheek+Forehead
69322.jpg,Normal,169.72,146.47,147.75,39.98,Type_III,R_Cheek+L_Cheek+Forehead
6944.jpg,Normal,99.24,139.56,131.53,-72.32,Type_VI,R_Cheek+L_Cheek+Forehead
69442.jpg,Normal,72.18,144.85,148.76,-46.26,Type_VI,L_Cheek+Forehead
69444.jpg,Normal,107.76,132.67,152.8,-17.34,Type_V,R_Cheek+L_Cheek+Forehead
69445.jpg,Normal,114.97,143.09,148.18,-13.69,Type_V,R_Cheek+L_Cheek+Forehead
69453.jpg,Normal,130.21,151.21,144.14,3.77,Type_V,R_Cheek+L_Cheek+Forehead
69539.jpg,Normal,113.7,140.26,129.19,-77.59,Type_VI,R_Cheek+L_Cheek+Forehead
69568.jpg,Normal,115.04,143.0,149.85,-12.6,Type_V,R_Cheek+L_Cheek+Forehead
69570.jpg,Normal,92.62,143.35,137.39,-55.54,Type_VI,L_Cheek+Forehead
69574.jpg,Normal,103.56,140.82,135.75,-50.48,Type_VI,R_Cheek+L_Cheek+Forehead
69587.jpg,Normal,87.9,139.33,144.15,-43.88,Type_VI,R_Cheek+Forehead
69654.jpg,Normal,59.47,133.5,137.42,-70.56,Type_VI,R_Cheek+L_Cheek+Forehead
69659.jpg,Normal,175.2,142.53,146.06,46.01,Type_II,R_Cheek+L_Cheek+Forehead
69661.jpg,Normal,146.73,140.48,137.12,39.6,Type_III,R_Cheek+L_Cheek+Forehead
69666.jpg,Normal,50.33,131.88,130.58,-85.12,Type_VI,R_Cheek+Forehead
69668.jpg,Normal,135.34,147.55,146.26,9.56,Type_V,R_Cheek+L_Cheek+Forehead
69669.jpg,Normal,187.87,145.8,145.62,53.33,Type_II,R_Cheek+Forehead
6967.jpg,Normal,69.8,144.47,139.66,-62.73,Type_VI,R_Cheek+L_Cheek+Forehead
69673.jpg,Normal,117.97,143.94,142.06,-14.89,Type_V,R_Cheek+L_Cheek+Forehead
69744.jpg,Normal,119.06,142.46,147.39,-9.68,Type_V,L_Cheek+Forehead
69751.jpg,Normal,90.35,133.78,141.58,-47.01,Type_VI,R_Cheek+L_Cheek+Forehead
69755.jpg,Normal,128.78,137.17,153.61,1.13,Type_V,R_Cheek+L_Cheek+Forehead
69766.jpg,Normal,57.86,140.27,145.98,-56.64,Type_VI,R_Cheek+L_Cheek+Forehead
69816.jpg,Normal,131.6,149.25,141.95,6.58,Type_V,R_Cheek+L_Cheek+Forehead
69854.jpg,Normal,72.85,140.42,141.59,-57.62,Type_VI,L_Cheek+Forehead
69855.jpg,Normal,103.71,147.18,147.36,-25.73,Type_V,R_Cheek+L_Cheek+Forehead
69862.jpg,Normal,109.84,154.95,139.88,-30.23,Type_VI,R_Cheek+L_Cheek+Forehead
6987.jpg,Normal,140.52,144.37,163.38,8.21,Type_V,R_Cheek+L_Cheek+Forehead
69873.jpg,Normal,136.76,144.08,142.79,13.8,Type_IV,R_Cheek+Forehead
6994.jpg,Normal,97.14,128.0,128.0,-90.0,Type_VI,R_Cheek+L_Cheek+Forehead
7003.jpg,Normal,107.19,149.24,147.15,-22.59,Type_V,R_Cheek+Forehead
70037.jpg,Normal,132.98,143.69,151.82,5.15,Type_V,R_Cheek+L_Cheek+Forehead
70043.jpg,Normal,157.93,145.69,143.47,37.65,Type_III,R_Cheek+L_Cheek+Forehead
70047.jpg,Normal,108.14,152.24,155.93,-15.21,Type_V,R_Cheek+L_Cheek+Forehead
70048.jpg,Normal,116.78,152.77,162.16,-7.02,Type_V,R_Cheek+L_Cheek+Forehead
70100.jpg,Normal,123.12,174.83,178.56,-1.95,Type_V,R_Cheek+L_Cheek+Forehead
70107.jpg,Normal,68.43,151.63,154.08,-41.61,Type_VI,R_Cheek+Forehead
70109.jpg,Normal,126.39,145.03,138.67,-2.33,Type_V,R_Cheek+L_Cheek+Forehead
70120.jpg,Normal,79.77,144.48,145.09,-47.61,Type_VI,L_Cheek+Forehead
70123.jpg,Normal,104.54,137.66,126.96,83.42,Type_I,R_Cheek+L_Cheek+Forehead
70188.jpg,Normal,87.28,143.07,141.43,-49.59,Type_VI,R_Cheek+L_Cheek+Forehead
70192.jpg,Normal,154.69,134.89,134.55,58.44,Type_I,R_Cheek+L_Cheek+Forehead
70194.jpg,Normal,130.83,128.0,128.0,89.96,Type_I,R_Cheek+L_Cheek+Forehead
70197.jpg,Normal,138.0,150.66,155.82,8.42,Type_V,R_Cheek+L_Cheek+Forehead
7020.jpg,Normal,144.15,138.45,140.64,27.31,Type_IV,R_Cheek+L_Cheek+Forehead
70204.jpg,Normal,175.75,141.09,139.67,58.35,Type_I,R_Cheek+L_Cheek+Forehead
70328.jpg,Normal,139.82,130.26,147.53,13.9,Type_IV,R_Cheek+L_Cheek+Forehead
70333.jpg,Normal,122.55,141.63,130.06,-43.21,Type_VI,R_Cheek+L_Cheek+Forehead
70341.jpg,Normal,39.33,136.93,136.45,-76.27,Type_VI,R_Cheek+L_Cheek+Forehead
70346.jpg,Normal,108.49,134.94,138.33,-35.83,Type_VI,R_Cheek+L_Cheek+Forehead
70417.jpg,Normal,144.97,137.21,146.95,19.88,Type_IV,R_Cheek+L_Cheek+Forehead
70418.jpg,Normal,123.84,148.98,144.43,-4.99,Type_V,R_Cheek+L_Cheek+Forehead
70423.jpg,Normal,94.98,132.59,141.32,-43.76,Type_VI,R_Cheek+L_Cheek+Forehead
70428.jpg,Normal,178.42,128.34,127.61,-88.88,Type_VI,R_Cheek+Forehead
70429.jpg,Normal,62.9,132.37,150.14,-48.84,Type_VI,R_Cheek+L_Cheek+Forehead
7043.jpg,Normal,149.44,145.02,165.19,13.02,Type_IV,R_Cheek+L_Cheek+Forehead
70431.jpg,Normal,127.08,137.32,132.21,-2.26,Type_V,L_Cheek+Forehead
70433.jpg,Normal,118.84,150.32,151.17,-8.34,Type_V,R_Cheek+L_Cheek+Forehead
70436.jpg,Normal,77.12,143.5,143.54,-51.82,Type_VI,R_Cheek+L_Cheek+Forehead
70438.jpg,Normal,91.79,150.39,154.5,-27.85,Type_V,L_Cheek+Forehead
70445.jpg,Normal,125.91,142.9,149.87,-1.63,Type_V,R_Cheek+L_Cheek+Forehead
70569.jpg,Normal,121.81,137.98,144.44,-7.74,Type_V,R_Cheek+L_Cheek+Forehead
7057.jpg,Normal,94.98,145.03,137.45,-53.46,Type_VI,R_Cheek+L_Cheek+Forehead
70570.jpg,Normal,96.57,138.51,142.14,-40.62,Type_VI,R_Cheek+L_Cheek+Forehead
70575.jpg,Normal,100.41,143.4,152.13,-23.76,Type_V,R_Cheek+L_Cheek+Forehead
7058.jpg,Normal,102.08,130.69,131.15,-72.46,Type_VI,R_Cheek+L_Cheek+Forehead
70581.jpg,Normal,66.78,139.7,128.42,-88.99,Type_VI,R_Cheek+L_Cheek+Forehead
70591.jpg,Normal,56.05,138.46,139.07,-68.44,Type_VI,R_Cheek+Forehead
70593.jpg,Normal,69.64,137.02,137.28,-67.75,Type_VI,R_Cheek+L_Cheek+Forehead
70669.jpg,Normal,153.51,150.15,148.67,26.26,Type_IV,R_Cheek+L_Cheek+Forehead
70670.jpg,Normal,107.47,144.56,150.09,-19.57,Type_V,R_Cheek+Forehead
70681.jpg,Normal,83.12,153.41,150.12,-38.19,Type_VI,R_Cheek+L_Cheek+Forehead
70682.jpg,Normal,122.56,155.19,164.44,-3.05,Type_V,R_Cheek+L_Cheek+Forehead
70683.jpg,Normal,73.56,140.12,137.11,-66.71,Type_VI,R_Cheek+Forehead
70685.jpg,Normal,142.67,145.38,141.12,24.4,Type_IV,R_Cheek+L_Cheek+Forehead
70687.jpg,Normal,140.73,142.67,146.44,15.71,Type_IV,R_Cheek+L_Cheek+Forehead
70689.jpg,Normal,174.19,140.95,144.65,47.72,Type_II,R_Cheek+L_Cheek+Forehead
70833.jpg,Normal,156.22,148.44,154.56,22.98,Type_IV,R_Cheek+L_Cheek+Forehead
70840.jpg,Normal,127.68,147.47,140.65,0.32,Type_V,R_Cheek+L_Cheek+Forehead
70850.jpg,Normal,138.51,142.23,136.87,25.97,Type_IV,R_Cheek+L_Cheek+Forehead
70981.jpg,Normal,85.83,147.16,154.55,-31.61,Type_VI,R_Cheek+L_Cheek+Forehead
70982.jpg,Normal,53.49,139.5,143.73,-61.54,Type_VI,R_Cheek+L_Cheek+Forehead
70994.jpg,Normal,62.88,140.86,138.14,-68.19,Type_VI,R_Cheek+L_Cheek+Forehead
7100.jpg,Normal,76.67,140.82,141.84,-55.22,Type_VI,R_Cheek+L_Cheek+Forehead
71087.jpg,Normal,142.42,144.01,141.84,22.91,Type_IV,R_Cheek+Forehead
71095.jpg,Normal,104.73,132.09,137.0,-44.77,Type_VI,R_Cheek+L_Cheek+Forehead
71097.jpg,Normal,87.46,141.47,139.13,-54.67,Type_VI,R_Cheek+L_Cheek+Forehead
71197.jpg,Normal,55.51,143.19,138.78,-69.1,Type_VI,R_Cheek+L_Cheek+Forehead
71198.jpg,Normal,122.49,144.23,148.72,-5.42,Type_V,R_Cheek+L_Cheek+Forehead
71205.jpg,Normal,102.28,134.36,153.5,-21.2,Type_V,R_Cheek+L_Cheek+Forehead
71206.jpg,Normal,71.42,149.54,143.24,-55.28,Type_VI,L_Cheek+Forehead
7121.jpg,Normal,125.06,140.77,144.53,-3.31,Type_V,L_Cheek+Forehead
71217.jpg,Normal,30.22,135.16,136.87,-76.91,Type_VI,R_Cheek+L_Cheek+Forehead
71294.jpg,Normal,99.57,140.94,137.05,-50.44,Type_VI,R_Cheek+Forehead
71301.jpg,Normal,112.87,147.07,139.46,-26.59,Type_V,R_Cheek+L_Cheek+Forehead
71307.jpg,Normal,83.62,141.34,128.48,-88.4,Type_VI,R_Cheek+L_Cheek+Forehead
71312.jpg,Normal,150.76,149.41,154.79,18.81,Type_IV,L_Cheek+Forehead
71313.jpg,Normal,197.55,141.46,141.58,63.7,Type_I,R_Cheek+Forehead
71315.jpg,Normal,143.82,144.86,153.21,14.25,Type_IV,R_Cheek+L_Cheek+Forehead
7132.jpg,Normal,104.0,145.91,148.58,-24.12,Type_V,R_Cheek+L_Cheek+Forehead
71404.jpg,Normal,171.06,140.38,138.55,58.29,Type_I,R_Cheek+Forehead
71407.jpg,Normal,75.02,146.12,141.88,-56.0,Type_VI,R_Cheek+L_Cheek+Forehead
71408.jpg,Normal,172.32,129.45,142.97,49.59,Type_II,R_Cheek+L_Cheek+Forehead
71409.jpg,Normal,82.57,137.74,132.77,-74.85,Type_VI,L_Cheek+Forehead
7141.jpg,Normal,142.71,138.74,139.01,28.44,Type_III,R_Cheek+L_Cheek+Forehead
71412.jpg,Normal,85.21,147.1,145.85,-42.9,Type_VI,R_Cheek+L_Cheek+Forehead
71419.jpg,Normal,120.29,145.52,149.5,-7.49,Type_V,R_Cheek+Forehead
71421.jpg,Normal,79.45,142.31,141.84,-53.69,Type_VI,R_Cheek+L_Cheek+Forehead
71424.jpg,Normal,106.96,147.95,155.89,-16.11,Type_V,R_Cheek+L_Cheek+Forehead
71425.jpg,Normal,70.37,140.41,145.52,-51.97,Type_VI,R_Cheek+L_Cheek+Forehead
71431.jpg,Normal,139.88,137.19,139.17,23.5,Type_IV,R_Cheek+L_Cheek+Forehead
71432.jpg,Normal,113.31,152.8,159.92,-9.89,Type_V,R_Cheek+L_Cheek+Forehead
71522.jpg,Normal,92.78,139.97,132.65,-71.14,Type_VI,L_Cheek+Forehead
71649.jpg,Normal,110.2,143.25,143.7,-23.37,Type_V,L_Cheek+Forehead
7165.jpg,Normal,105.77,140.34,147.79,-23.3,Type_V,R_Cheek+L_Cheek+Forehead
71652.jpg,Normal,128.92,148.35,156.51,1.12,Type_V,R_Cheek+Forehead
71655.jpg,Normal,77.07,142.89,145.34,-48.75,Type_VI,R_Cheek+L_Cheek+Forehead
71658.jpg,Normal,160.93,143.17,148.19,33.0,Type_III,L_Cheek+Forehead
71751.jpg,Normal,144.23,144.85,141.41,26.07,Type_IV,R_Cheek+L_Cheek+Forehead
71755.jpg,Normal,180.14,138.87,151.81,40.92,Type_III,R_Cheek+L_Cheek+Forehead
71759.jpg,Normal,145.39,145.12,161.77,11.74,Type_IV,L_Cheek+Forehead
71760.jpg,Normal,152.61,130.3,135.2,53.83,Type_II,R_Cheek+L_Cheek+Forehead
71765.jpg,Normal,186.64,137.02,140.32,62.03,Type_I,R_Cheek+L_Cheek+Forehead
7188.jpg,Normal,128.84,149.44,151.64,1.27,Type_V,R_Cheek+L_Cheek+Forehead
71883.jpg,Normal,138.19,146.22,145.19,13.7,Type_IV,R_Cheek+Forehead
71884.jpg,Normal,117.49,148.7,146.19,-12.17,Type_V,R_Cheek+L_Cheek+Forehead
71890.jpg,Normal,95.97,144.52,142.76,-39.95,Type_VI,R_Cheek+L_Cheek+Forehead
71891.jpg,Normal,94.03,146.69,146.37,-35.55,Type_VI,R_Cheek+L_Cheek+Forehead
71892.jpg,Normal,40.51,141.4,141.81,-67.96,Type_VI,R_Cheek+L_Cheek+Forehead
71893.jpg,Normal,112.63,148.13,141.09,-24.01,Type_V,R_Cheek+L_Cheek+Forehead
719.jpg,Normal,176.68,142.24,135.22,69.48,Type_I,R_Cheek+L_Cheek+Forehead
71900.jpg,Normal,102.34,148.58,154.36,-20.52,Type_V,R_Cheek+L_Cheek+Forehead
71902.jpg,Normal,48.12,143.06,142.95,-64.35,Type_VI,L_Cheek+Forehead
71903.jpg,Normal,106.33,140.04,137.34,-41.65,Type_VI,R_Cheek+Forehead
71986.jpg,Normal,169.59,138.46,144.2,45.54,Type_II,R_Cheek+L_Cheek+Forehead
71988.jpg,Normal,156.29,133.09,138.8,46.26,Type_II,R_Cheek+L_Cheek+Forehead
71990.jpg,Normal,71.64,138.95,132.61,-78.1,Type_VI,L_Cheek+Forehead
71992.jpg,Normal,76.38,139.88,135.99,-68.28,Type_VI,R_Cheek+Forehead
71994.jpg,Normal,123.89,140.65,145.71,-4.57,Type_V,R_Cheek+Forehead
71996.jpg,Normal,127.15,141.39,150.25,-0.36,Type_V,R_Cheek+L_Cheek+Forehead
71999.jpg,Normal,119.88,141.87,143.5,-10.91,Type_V,R_Cheek+Forehead
72064.jpg,Normal,146.84,138.39,142.79,27.14,Type_IV,R_Cheek+L_Cheek+Forehead
7207.jpg,Normal,198.77,140.07,142.81,62.08,Type_I,R_Cheek+L_Cheek+Forehead
72070.jpg,Normal,64.6,140.31,139.08,-65.81,Type_VI,R_Cheek+L_Cheek+Forehead
72071.jpg,Normal,115.08,151.65,165.06,-7.49,Type_V,R_Cheek+L_Cheek+Forehead
72074.jpg,Normal,104.84,147.67,153.68,-19.09,Type_V,R_Cheek+Forehead
72080.jpg,Normal,52.4,136.93,133.71,-79.02,Type_VI,R_Cheek+L_Cheek+Forehead
72081.jpg,Normal,120.04,126.4,130.74,-46.85,Type_VI,R_Cheek+L_Cheek+Forehead
72169.jpg,Normal,131.93,147.8,150.01,4.51,Type_V,R_Cheek+Forehead
7217.jpg,Normal,89.27,151.74,149.69,-34.65,Type_VI,L_Cheek+Forehead
72179.jpg,Normal,54.21,130.33,136.69,-73.18,Type_VI,R_Cheek+L_Cheek+Forehead
72181.jpg,Normal,118.12,149.42,159.95,-6.57,Type_V,R_Cheek+L_Cheek+Forehead
72183.jpg,Normal,89.56,147.33,147.65,-37.13,Type_VI,R_Cheek+L_Cheek+Forehead
72258.jpg,Normal,97.11,144.12,148.38,-30.31,Type_VI,R_Cheek+L_Cheek+Forehead
72261.jpg,Normal,41.79,136.11,136.45,-75.9,Type_VI,L_Cheek+Forehead
72264.jpg,Normal,183.86,131.91,148.26,47.5,Type_II,R_Cheek+Forehead
72265.jpg,Normal,87.21,154.53,158.25,-27.58,Type_V,R_Cheek+L_Cheek+Forehead
72266.jpg,Normal,177.38,141.88,146.27,46.96,Type_II,L_Cheek+Forehead
72267.jpg,Normal,145.29,136.3,131.75,61.77,Type_I,R_Cheek+L_Cheek+Forehead
72270.jpg,Normal,123.57,138.64,142.27,-6.16,Type_V,R_Cheek+L_Cheek+Forehead
72382.jpg,Normal,112.83,147.84,151.29,-13.87,Type_V,R_Cheek+L_Cheek+Forehead
72387.jpg,Normal,99.29,143.33,139.45,-44.0,Type_VI,R_Cheek+Forehead
72392.jpg,Normal,90.12,143.84,146.87,-37.83,Type_VI,R_Cheek+L_Cheek+Forehead
72398.jpg,Normal,76.17,138.04,134.43,-72.29,Type_VI,R_Cheek+L_Cheek+Forehead
72547.jpg,Normal,156.89,132.92,137.69,49.94,Type_II,R_Cheek+Forehead
72548.jpg,Normal,141.89,144.02,143.54,19.95,Type_IV,R_Cheek+L_Cheek+Forehead
72552.jpg,Normal,138.25,146.65,149.73,10.97,Type_IV,R_Cheek+L_Cheek+Forehead
72554.jpg,Normal,115.02,145.02,151.45,-11.79,Type_V,R_Cheek+L_Cheek+Forehead
72557.jpg,Normal,101.01,145.28,149.57,-25.72,Type_V,R_Cheek+Forehead
72562.jpg,Normal,178.52,141.07,143.43,52.36,Type_II,L_Cheek+Forehead
72626.jpg,Normal,112.87,134.02,136.26,-34.77,Type_VI,R_Cheek+L_Cheek+Forehead
7263.jpg,Normal,80.88,146.34,144.43,-48.05,Type_VI,R_Cheek+L_Cheek+Forehead
72661.jpg,Normal,129.53,133.74,144.0,2.84,Type_V,R_Cheek+L_Cheek+Forehead
72748.jpg,Normal,103.51,154.01,159.91,-16.43,Type_V,R_Cheek+L_Cheek+Forehead
72751.jpg,Normal,139.86,132.83,149.25,12.85,Type_IV,L_Cheek+Forehead
72753.jpg,Normal,126.88,137.27,146.05,-0.78,Type_V,R_Cheek+L_Cheek+Forehead
72754.jpg,Normal,130.66,137.51,142.21,4.99,Type_V,R_Cheek+L_Cheek+Forehead
72757.jpg,Normal,132.33,142.82,144.64,6.5,Type_V,R_Cheek+L_Cheek+Forehead
7276.jpg,Normal,26.95,130.53,133.3,-82.35,Type_VI,R_Cheek+L_Cheek+Forehead
72761.jpg,Normal,73.33,144.7,145.64,-50.29,Type_VI,R_Cheek+L_Cheek+Forehead
72762.jpg,Normal,211.11,129.16,167.78,39.5,Type_III,R_Cheek+L_Cheek+Forehead
72764.jpg,Normal,121.01,136.16,148.62,-7.03,Type_V,R_Cheek+L_Cheek+Forehead
7281.jpg,Normal,128.76,161.96,135.97,3.54,Type_V,R_Cheek+L_Cheek+Forehead
72843.jpg,Normal,91.72,142.06,144.28,-40.76,Type_VI,L_Cheek+Forehead
72882.jpg,Normal,96.63,138.86,136.91,-53.66,Type_VI,R_Cheek+L_Cheek+Forehead
72884.jpg,Normal,118.1,147.98,154.37,-7.96,Type_V,R_Cheek+Forehead
72887.jpg,Normal,127.49,134.01,138.03,-0.03,Type_V,L_Cheek+Forehead
72891.jpg,Normal,91.36,137.5,139.99,-49.76,Type_VI,R_Cheek+L_Cheek+Forehead
72894.jpg,Normal,155.97,143.79,145.29,32.85,Type_III,R_Cheek+L_Cheek+Forehead
72897.jpg,Normal,81.69,143.7,147.29,-42.97,Type_VI,R_Cheek+L_Cheek+Forehead
72909.jpg,Normal,72.06,128.0,128.0,-90.0,Type_VI,R_Cheek+L_Cheek+Forehead
72911.jpg,Normal,63.3,141.75,143.58,-58.25,Type_VI,R_Cheek+L_Cheek+Forehead
72912.jpg,Normal,133.16,139.8,130.89,37.54,Type_III,R_Cheek+L_Cheek+Forehead
72984.jpg,Normal,204.25,142.94,144.69,60.99,Type_I,R_Cheek+Forehead
73030.jpg,Normal,94.23,135.8,134.54,-63.39,Type_VI,R_Cheek+L_Cheek+Forehead
73032.jpg,Normal,60.85,139.86,138.5,-68.12,Type_VI,R_Cheek+L_Cheek+Forehead
73033.jpg,Normal,109.87,144.52,147.19,-19.81,Type_V,R_Cheek+L_Cheek+Forehead
73035.jpg,Normal,65.25,134.9,138.98,-65.78,Type_VI,R_Cheek+L_Cheek+Forehead
73037.jpg,Normal,140.33,149.83,144.42,17.04,Type_IV,R_Cheek+L_Cheek+Forehead
73039.jpg,Normal,64.53,139.49,135.46,-73.2,Type_VI,R_Cheek+Forehead
7304.jpg,Normal,96.66,147.26,149.14,-29.78,Type_V,R_Cheek+L_Cheek+Forehead
73047.jpg,Normal,73.36,139.66,139.89,-60.76,Type_VI,R_Cheek+L_Cheek+Forehead
73048.jpg,Normal,124.17,146.22,144.43,-4.55,Type_V,R_Cheek+L_Cheek+Forehead
73069.jpg,Normal,73.02,136.97,131.91,-79.63,Type_VI,R_Cheek+L_Cheek+Forehead
73177.jpg,Normal,75.37,141.52,140.23,-59.12,Type_VI,R_Cheek+L_Cheek+Forehead
73181.jpg,Normal,96.98,146.34,148.5,-30.28,Type_VI,R_Cheek+Forehead
73189.jpg,Normal,117.23,170.13,179.31,-4.49,Type_V,R_Cheek+L_Cheek+Forehead
73190.jpg,Normal,110.73,144.32,138.89,-31.12,Type_VI,L_Cheek+Forehead
7335.jpg,Normal,68.85,157.56,133.59,-76.34,Type_VI,R_Cheek+L_Cheek+Forehead
73350.jpg,Normal,152.31,137.69,144.61,30.36,Type_III,L_Cheek+Forehead
73354.jpg,Normal,89.65,140.96,156.94,-27.15,Type_V,R_Cheek+Forehead
73355.jpg,Normal,65.41,141.2,140.0,-63.77,Type_VI,R_Cheek+L_Cheek+Forehead
73356.jpg,Normal,63.07,133.04,129.27,-87.13,Type_VI,R_Cheek+L_Cheek+Forehead
735.jpg,Normal,122.62,140.77,135.21,-14.87,Type_V,R_Cheek+L_Cheek+Forehead
73502.jpg,Normal,123.29,147.06,151.36,-4.04,Type_V,R_Cheek+L_Cheek+Forehead
73504.jpg,Normal,103.27,150.94,142.1,-33.97,Type_VI,R_Cheek+L_Cheek+Forehead
73505.jpg,Normal,89.71,140.31,141.73,-47.18,Type_VI,R_Cheek+L_Cheek+Forehead
73507.jpg,Normal,171.3,135.43,137.17,61.9,Type_I,R_Cheek+L_Cheek+Forehead
73576.jpg,Normal,91.07,147.57,146.48,-37.7,Type_VI,R_Cheek+Forehead
73580.jpg,Normal,64.62,138.3,137.14,-69.65,Type_VI,R_Cheek+L_Cheek+Forehead
73582.jpg,Normal,113.37,150.15,156.12,-11.15,Type_V,R_Cheek+L_Cheek+Forehead
73588.jpg,Normal,137.14,140.13,143.36,13.82,Type_IV,R_Cheek+L_Cheek+Forehead
73593.jpg,Normal,156.33,135.66,151.52,25.67,Type_IV,L_Cheek+Forehead
73594.jpg,Normal,43.56,137.37,133.38,-80.72,Type_VI,R_Cheek+L_Cheek+Forehead
73597.jpg,Normal,110.18,137.39,135.68,-41.48,Type_VI,L_Cheek+Forehead
73598.jpg,Normal,149.21,142.33,143.54,28.72,Type_III,R_Cheek+Forehead
73650.jpg,Normal,87.44,142.25,149.46,-36.21,Type_VI,L_Cheek+Forehead
73651.jpg,Normal,65.81,145.17,143.99,-56.54,Type_VI,R_Cheek+L_Cheek+Forehead
73660.jpg,Normal,34.68,130.68,132.0,-83.74,Type_VI,L_Cheek+Forehead
73662.jpg,Normal,95.77,134.53,144.92,-36.34,Type_VI,R_Cheek+L_Cheek+Forehead
73663.jpg,Normal,83.83,148.6,154.3,-33.07,Type_VI,R_Cheek+L_Cheek+Forehead
73667.jpg,Normal,44.26,136.2,137.52,-73.75,Type_VI,R_Cheek+L_Cheek+Forehead
73672.jpg,Normal,141.64,137.36,144.38,18.71,Type_IV,R_Cheek+L_Cheek+Forehead
73745.jpg,Normal,43.26,136.29,139.47,-70.85,Type_VI,R_Cheek+Forehead
73749.jpg,Normal,129.72,141.92,125.82,-21.69,Type_V,R_Cheek+L_Cheek+Forehead
7375.jpg,Normal,128.16,161.89,139.92,1.24,Type_V,R_Cheek+L_Cheek+Forehead
73750.jpg,Normal,140.17,143.46,156.44,9.91,Type_V,R_Cheek+L_Cheek+Forehead
73751.jpg,Normal,61.72,138.1,141.79,-61.88,Type_VI,R_Cheek+L_Cheek+Forehead
73752.jpg,Normal,26.33,126.54,133.92,-81.52,Type_VI,R_Cheek+L_Cheek+Forehead
73754.jpg,Normal,138.61,147.65,154.82,9.23,Type_V,R_Cheek+Forehead
73755.jpg,Normal,165.98,140.89,134.23,67.58,Type_I,R_Cheek+Forehead
73757.jpg,Normal,132.54,143.37,148.95,5.39,Type_V,R_Cheek+Forehead
73829.jpg,Normal,119.35,152.45,147.01,-9.54,Type_V,R_Cheek+L_Cheek+Forehead
7383.jpg,Normal,64.16,139.97,133.74,-77.0,Type_VI,R_Cheek+L_Cheek+Forehead
73830.jpg,Normal,150.74,128.0,128.0,89.99,Type_I,R_Cheek+L_Cheek+Forehead
73831.jpg,Normal,89.03,144.54,145.42,-40.89,Type_VI,R_Cheek+L_Cheek+Forehead
73833.jpg,Normal,215.09,134.38,151.25,55.9,Type_I,L_Cheek+Forehead
73836.jpg,Normal,138.84,137.29,140.22,20.0,Type_IV,R_Cheek+L_Cheek+Forehead
73839.jpg,Normal,125.38,143.19,145.68,-2.7,Type_V,R_Cheek+L_Cheek+Forehead
73844.jpg,Normal,82.48,149.63,155.23,-32.95,Type_VI,L_Cheek+Forehead
73850.jpg,Normal,101.09,151.77,151.12,-24.13,Type_V,R_Cheek+L_Cheek+Forehead
73854.jpg,Normal,92.45,140.57,138.36,-53.0,Type_VI,R_Cheek+L_Cheek+Forehead
73856.jpg,Normal,94.25,140.43,142.52,-41.93,Type_VI,R_Cheek+L_Cheek+Forehead
73857.jpg,Normal,94.48,130.57,143.29,-40.26,Type_VI,R_Cheek+L_Cheek+Forehead
73933.jpg,Normal,101.23,138.45,141.6,-37.15,Type_VI,R_Cheek+Forehead
73934.jpg,Normal,52.15,138.29,135.46,-75.83,Type_VI,R_Cheek+L_Cheek+Forehead
73944.jpg,Normal,83.62,142.55,133.09,-73.52,Type_VI,R_Cheek+L_Cheek+Forehead
73947.jpg,Normal,147.78,142.73,132.71,59.38,Type_I,R_Cheek+Forehead
73951.jpg,Normal,136.02,140.62,143.58,12.1,Type_IV,L_Cheek+Forehead
73952.jpg,Normal,95.52,149.23,149.49,-30.27,Type_VI,R_Cheek+L_Cheek+Forehead
74032.jpg,Normal,105.79,144.64,147.57,-23.51,Type_V,R_Cheek+L_Cheek+Forehead
74036.jpg,Normal,126.79,148.46,150.01,-0.72,Type_V,R_Cheek+Forehead
74045.jpg,Normal,99.93,147.1,147.4,-29.14,Type_V,L_Cheek+Forehead
74051.jpg,Normal,135.31,134.78,144.98,10.22,Type_IV,R_Cheek+Forehead
74052.jpg,Normal,157.04,145.5,147.13,31.2,Type_III,R_Cheek+L_Cheek+Forehead
74130.jpg,Normal,96.3,141.32,144.23,-37.01,Type_VI,L_Cheek+Forehead
74134.jpg,Normal,69.86,159.9,161.9,-33.7,Type_VI,L_Cheek+Forehead
74136.jpg,Normal,110.12,148.47,139.11,-31.52,Type_VI,R_Cheek+L_Cheek+Forehead
74143.jpg,Normal,42.87,142.37,144.99,-62.89,Type_VI,R_Cheek+L_Cheek+Forehead
74146.jpg,Normal,98.96,133.8,130.61,-76.88,Type_VI,R_Cheek+L_Cheek+Forehead
74148.jpg,Normal,99.87,155.04,154.34,-22.37,Type_V,R_Cheek+Forehead
74149.jpg,Normal,147.16,140.56,148.78,20.36,Type_IV,L_Cheek+Forehead
74228.jpg,Normal,142.17,128.0,128.0,89.99,Type_I,R_Cheek+L_Cheek+Forehead
74230.jpg,Normal,108.23,146.51,139.07,-34.33,Type_VI,R_Cheek+L_Cheek+Forehead
74238.jpg,Normal,80.2,149.26,151.55,-38.23,Type_VI,R_Cheek+L_Cheek+Forehead
7424.jpg,Normal,129.68,145.68,155.76,1.76,Type_V,R_Cheek+L_Cheek+Forehead
74240.jpg,Normal,139.89,138.6,143.33,17.59,Type_IV,R_Cheek+Forehead
7425.jpg,Normal,108.84,164.45,160.96,-12.52,Type_V,R_Cheek+L_Cheek+Forehead
74393.jpg,Normal,118.38,139.56,150.8,-8.91,Type_V,R_Cheek+L_Cheek+Forehead
74396.jpg,Normal,80.14,138.96,142.06,-52.88,Type_VI,R_Cheek+L_Cheek+Forehead
74399.jpg,Normal,167.4,144.18,159.95,26.09,Type_IV,L_Cheek+Forehead
7440.jpg,Normal,91.37,146.4,147.56,-35.91,Type_VI,R_Cheek+Forehead
74403.jpg,Normal,201.15,130.07,126.95,-87.92,Type_VI,R_Cheek+L_Cheek+Forehead
74404.jpg,Normal,108.93,145.51,148.96,-19.16,Type_V,R_Cheek+L_Cheek+Forehead
74408.jpg,Normal,180.39,126.24,143.99,52.37,Type_II,R_Cheek+L_Cheek+Forehead
74500.jpg,Normal,160.51,141.07,139.74,47.79,Type_II,R_Cheek+L_Cheek+Forehead
74504.jpg,Normal,109.07,132.11,135.51,-43.91,Type_VI,R_Cheek+L_Cheek+Forehead
74508.jpg,Normal,138.22,150.64,147.71,12.04,Type_IV,R_Cheek+L_Cheek+Forehead
74511.jpg,Normal,153.88,146.85,152.22,23.13,Type_IV,R_Cheek+L_Cheek+Forehead
74512.jpg,Normal,79.56,145.94,145.74,-46.66,Type_VI,R_Cheek+Forehead
74600.jpg,Normal,102.66,141.98,143.14,-32.75,Type_VI,R_Cheek+L_Cheek+Forehead
74602.jpg,Normal,39.53,130.95,130.36,-86.09,Type_VI,L_Cheek+Forehead
74603.jpg,Normal,150.33,141.32,146.43,25.91,Type_IV,R_Cheek+L_Cheek+Forehead
74604.jpg,Normal,128.76,146.46,155.87,1.01,Type_V,R_Cheek+L_Cheek+Forehead
74605.jpg,Normal,107.76,146.14,145.65,-23.68,Type_V,R_Cheek+L_Cheek+Forehead
74611.jpg,Normal,53.8,134.09,132.07,-81.99,Type_VI,R_Cheek+L_Cheek+Forehead
74614.jpg,Normal,101.59,151.58,142.37,-35.26,Type_VI,R_Cheek+L_Cheek+Forehead
74716.jpg,Normal,91.27,138.31,138.29,-54.09,Type_VI,R_Cheek+L_Cheek+Forehead
74717.jpg,Normal,96.85,156.46,153.24,-25.46,Type_V,R_Cheek+Forehead
74718.jpg,Normal,130.04,138.31,141.85,4.12,Type_V,R_Cheek+L_Cheek+Forehead
74730.jpg,Normal,126.44,139.14,145.73,-1.34,Type_V,R_Cheek+Forehead
74731.jpg,Normal,125.56,143.1,145.13,-2.54,Type_V,R_Cheek+L_Cheek+Forehead
74732.jpg,Normal,81.99,139.92,130.56,-81.82,Type_VI,R_Cheek+Forehead
74800.jpg,Normal,142.8,142.03,165.08,9.19,Type_V,R_Cheek+L_Cheek+Forehead
74811.jpg,Normal,107.44,144.97,149.31,-20.26,Type_V,R_Cheek+Forehead
74895.jpg,Normal,114.41,153.28,151.28,-12.44,Type_V,R_Cheek+L_Cheek+Forehead
749.jpg,Normal,102.93,145.36,143.56,-31.77,Type_VI,R_Cheek+L_Cheek+Forehead
7490.jpg,Normal,113.61,159.26,163.31,-8.77,Type_V,R_Cheek+Forehead
74902.jpg,Normal,48.9,135.27,132.33,-82.01,Type_VI,L_Cheek+Forehead
74906.jpg,Normal,114.08,146.62,143.97,-18.23,Type_V,R_Cheek+L_Cheek+Forehead
74909.jpg,Normal,145.58,144.6,147.54,19.95,Type_IV,R_Cheek+L_Cheek+Forehead
74914.jpg,Normal,81.88,141.74,131.85,-77.86,Type_VI,R_Cheek+L_Cheek+Forehead
74916.jpg,Normal,124.63,145.43,150.24,-2.9,Type_V,R_Cheek+L_Cheek+Forehead
74918.jpg,Normal,80.43,138.9,139.39,-58.32,Type_VI,L_Cheek+Forehead
74995.jpg,Normal,93.12,132.65,145.47,-37.65,Type_VI,R_Cheek+L_Cheek+Forehead
75003.jpg,Normal,102.86,134.51,130.73,-74.2,Type_VI,R_Cheek+L_Cheek+Forehead
75018.jpg,Normal,147.94,141.09,144.76,25.56,Type_IV,R_Cheek+Forehead
75110.jpg,Normal,105.61,140.03,145.59,-26.01,Type_V,R_Cheek+L_Cheek+Forehead
75111.jpg,Normal,191.11,140.82,139.89,64.51,Type_I,R_Cheek+L_Cheek+Forehead
75117.jpg,Normal,64.72,144.59,147.96,-50.97,Type_VI,R_Cheek+L_Cheek+Forehead
75118.jpg,Normal,134.14,132.33,139.9,12.35,Type_IV,R_Cheek+L_Cheek+Forehead
75123.jpg,Normal,63.53,140.18,136.79,-70.69,Type_VI,R_Cheek+Forehead
75190.jpg,Normal,124.12,134.24,135.27,-10.33,Type_V,R_Cheek+L_Cheek+Forehead
75192.jpg,Normal,125.49,132.37,134.87,-6.53,Type_V,R_Cheek+L_Cheek+Forehead
75193.jpg,Normal,151.16,137.94,138.63,41.12,Type_II,R_Cheek+Forehead
75197.jpg,Normal,173.82,135.38,143.3,49.89,Type_II,R_Cheek+L_Cheek+Forehead
75198.jpg,Normal,94.93,142.51,135.63,-59.16,Type_VI,R_Cheek+L_Cheek+Forehead
752.jpg,Normal,81.34,142.16,143.28,-49.83,Type_VI,R_Cheek+L_Cheek+Forehead
75202.jpg,Normal,154.03,145.44,152.07,23.38,Type_IV,L_Cheek+Forehead
75203.jpg,Normal,165.51,139.58,148.04,36.64,Type_III,R_Cheek+L_Cheek+Forehead
7521.jpg,Normal,45.39,136.12,134.1,-79.27,Type_VI,R_Cheek+L_Cheek+Forehead
75286.jpg,Normal,135.82,144.91,150.89,8.11,Type_V,R_Cheek+L_Cheek+Forehead
75289.jpg,Normal,107.83,144.27,140.43,-31.82,Type_VI,R_Cheek+L_Cheek+Forehead
7529.jpg,Normal,87.33,142.08,141.68,-49.03,Type_VI,R_Cheek+L_Cheek+Forehead
75292.jpg,Normal,142.91,145.93,142.43,22.73,Type_IV,R_Cheek+L_Cheek+Forehead
75294.jpg,Normal,147.72,141.4,146.45,23.26,Type_IV,R_Cheek+L_Cheek+Forehead
75296.jpg,Normal,96.7,141.19,143.59,-37.76,Type_VI,R_Cheek+L_Cheek+Forehead
75299.jpg,Normal,84.06,141.95,137.37,-61.19,Type_VI,R_Cheek+L_Cheek+Forehead
7530.jpg,Normal,60.1,134.71,137.97,-69.32,Type_VI,R_Cheek+L_Cheek+Forehead
75304.jpg,Normal,202.31,145.23,128.9,88.24,Type_I,R_Cheek+Forehead
7539.jpg,Normal,124.86,150.2,151.57,-2.52,Type_V,R_Cheek+L_Cheek+Forehead
75392.jpg,Normal,99.99,148.28,158.75,-19.33,Type_V,R_Cheek+Forehead
75393.jpg,Normal,98.8,149.19,142.86,-37.14,Type_VI,L_Cheek+Forehead
75394.jpg,Normal,111.52,146.87,154.92,-13.11,Type_V,R_Cheek+L_Cheek+Forehead
75395.jpg,Normal,63.75,151.82,146.48,-53.52,Type_VI,R_Cheek+L_Cheek+Forehead
75396.jpg,Normal,108.85,143.21,140.71,-29.91,Type_V,R_Cheek+L_Cheek+Forehead
75399.jpg,Normal,136.06,137.61,132.43,37.13,Type_III,R_Cheek+L_Cheek+Forehead
7540.jpg,Normal,76.09,137.33,136.3,-67.62,Type_VI,R_Cheek+L_Cheek+Forehead
75400.jpg,Normal,119.43,150.57,152.14,-7.47,Type_V,R_Cheek+L_Cheek+Forehead
75403.jpg,Normal,89.4,137.78,139.66,-52.04,Type_VI,R_Cheek+L_Cheek+Forehead
75404.jpg,Normal,56.59,141.21,143.62,-60.68,Type_VI,R_Cheek+L_Cheek+Forehead
75484.jpg,Normal,106.32,159.76,144.25,-27.08,Type_V,R_Cheek+Forehead
75487.jpg,Normal,138.25,134.96,123.38,-42.39,Type_VI,R_Cheek+L_Cheek+Forehead
75489.jpg,Normal,110.72,145.5,149.89,-16.73,Type_V,R_Cheek+L_Cheek+Forehead
75491.jpg,Normal,39.05,144.82,142.16,-67.79,Type_VI,R_Cheek+L_Cheek+Forehead
75498.jpg,Normal,96.41,147.93,152.55,-26.41,Type_V,R_Cheek+Forehead
7550.jpg,Normal,94.27,151.59,140.62,-45.92,Type_VI,R_Cheek+L_Cheek+Forehead
75501.jpg,Normal,59.93,142.04,134.86,-75.48,Type_VI,L_Cheek+Forehead
75507.jpg,Normal,90.11,135.83,126.49,84.1,Type_I,R_Cheek+L_Cheek+Forehead
75509.jpg,Normal,116.29,134.51,143.38,-15.96,Type_V,R_Cheek+L_Cheek+Forehead
7551.jpg,Normal,61.84,141.16,145.74,-55.44,Type_VI,R_Cheek+L_Cheek+Forehead
7555.jpg,Normal,64.14,149.86,148.53,-50.44,Type_VI,R_Cheek+L_Cheek+Forehead
75557.jpg,Normal,130.1,140.95,139.85,4.93,Type_V,R_Cheek+Forehead
7556.jpg,Normal,98.46,138.4,140.14,-43.16,Type_VI,R_Cheek+L_Cheek+Forehead
75567.jpg,Normal,56.64,133.38,138.8,-68.76,Type_VI,R_Cheek+L_Cheek+Forehead
75568.jpg,Normal,97.14,146.55,147.47,-31.45,Type_VI,R_Cheek+L_Cheek+Forehead
75569.jpg,Normal,83.9,138.16,139.65,-55.73,Type_VI,R_Cheek+L_Cheek+Forehead
7557.jpg,Normal,164.14,148.29,171.8,18.16,Type_IV,R_Cheek+L_Cheek+Forehead
7568.jpg,Normal,160.68,143.02,155.24,25.53,Type_IV,R_Cheek+L_Cheek+Forehead
75681.jpg,Normal,175.44,148.07,166.81,25.85,Type_IV,L_Cheek+Forehead
75682.jpg,Normal,123.29,146.02,134.84,-13.57,Type_V,R_Cheek+L_Cheek+Forehead
75690.jpg,Normal,102.03,140.87,144.25,-31.57,Type_VI,L_Cheek+Forehead
75691.jpg,Normal,139.07,147.44,157.78,8.66,Type_V,R_Cheek+L_Cheek+Forehead
75695.jpg,Normal,129.15,137.73,145.17,2.16,Type_V,R_Cheek+L_Cheek+Forehead
75696.jpg,Normal,155.51,141.86,140.81,40.61,Type_III,R_Cheek+L_Cheek+Forehead
75698.jpg,Normal,59.59,130.37,138.58,-68.34,Type_VI,R_Cheek+L_Cheek+Forehead
75699.jpg,Normal,144.55,157.34,169.55,9.14,Type_V,R_Cheek+L_Cheek+Forehead
75790.jpg,Normal,159.53,143.7,147.33,33.01,Type_III,R_Cheek+L_Cheek+Forehead
75792.jpg,Normal,165.13,143.34,150.39,33.4,Type_III,R_Cheek+Forehead
75793.jpg,Normal,115.47,139.83,141.74,-18.95,Type_V,R_Cheek+Forehead
75794.jpg,Normal,76.78,135.95,141.12,-56.59,Type_VI,R_Cheek+Forehead
75796.jpg,Normal,89.85,142.73,143.67,-43.29,Type_VI,L_Cheek+Forehead
75797.jpg,Normal,107.39,140.91,142.24,-28.97,Type_V,R_Cheek+L_Cheek+Forehead
75805.jpg,Normal,100.54,147.65,138.9,-44.13,Type_VI,R_Cheek+L_Cheek+Forehead
75812.jpg,Normal,113.7,136.42,142.16,-20.92,Type_V,R_Cheek+Forehead
75888.jpg,Normal,43.28,139.09,142.45,-66.37,Type_VI,R_Cheek+Forehead
75912.jpg,Normal,46.78,134.51,137.16,-73.86,Type_VI,R_Cheek+L_Cheek+Forehead
75914.jpg,Normal,50.01,128.0,128.0,-90.0,Type_VI,R_Cheek+L_Cheek+Forehead
75915.jpg,Normal,148.97,153.13,172.3,10.76,Type_IV,L_Cheek+Forehead
75918.jpg,Normal,48.5,138.95,142.02,-65.65,Type_VI,L_Cheek+Forehead
7592.jpg,Normal,137.95,146.01,156.95,8.06,Type_V,R_Cheek+L_Cheek+Forehead
75922.jpg,Normal,164.71,145.22,151.89,31.42,Type_III,R_Cheek+L_Cheek+Forehead
75927.jpg,Normal,111.97,143.08,148.77,-16.34,Type_V,R_Cheek+Forehead
75929.jpg,Normal,80.45,148.84,145.56,-46.42,Type_VI,L_Cheek+Forehead
76018.jpg,Normal,90.82,147.36,154.36,-28.62,Type_V,R_Cheek+L_Cheek+Forehead
76021.jpg,Normal,96.78,139.47,133.47,-65.57,Type_VI,R_Cheek+L_Cheek+Forehead
7603.jpg,Normal,173.75,143.69,148.48,41.54,Type_II,R_Cheek+Forehead
76034.jpg,Normal,106.35,138.13,140.15,-34.33,Type_VI,L_Cheek+Forehead
76039.jpg,Normal,115.64,149.2,147.14,-13.65,Type_V,R_Cheek+L_Cheek+Forehead
76167.jpg,Normal,124.74,123.68,168.01,-1.55,Type_V,R_Cheek+L_Cheek+Forehead
76169.jpg,Normal,106.62,138.1,127.24,84.72,Type_I,R_Cheek+Forehead
7617.jpg,Normal,107.89,145.99,143.89,-25.83,Type_V,R_Cheek+L_Cheek+Forehead
76170.jpg,Normal,41.65,142.84,143.57,-65.18,Type_VI,R_Cheek+L_Cheek+Forehead
76178.jpg,Normal,97.44,146.41,140.38,-43.6,Type_VI,R_Cheek+L_Cheek+Forehead
76180.jpg,Normal,131.88,141.31,132.8,19.68,Type_IV,R_Cheek+L_Cheek+Forehead
76270.jpg,Normal,122.67,127.84,133.11,-20.34,Type_V,R_Cheek+L_Cheek+Forehead
76273.jpg,Normal,135.13,157.21,154.83,6.37,Type_V,R_Cheek+Forehead
76275.jpg,Normal,74.03,140.33,150.4,-43.11,Type_VI,R_Cheek+L_Cheek+Forehead
76279.jpg,Normal,98.47,140.32,137.03,-51.59,Type_VI,R_Cheek+Forehead
76281.jpg,Normal,81.41,137.82,129.56,-85.08,Type_VI,L_Cheek+Forehead
76284.jpg,Normal,123.37,145.35,134.29,-14.43,Type_V,R_Cheek+L_Cheek+Forehead
76289.jpg,Normal,109.88,157.58,161.94,-11.51,Type_V,L_Cheek+Forehead
7629.jpg,Normal,94.53,143.13,142.53,-41.67,Type_VI,R_Cheek+L_Cheek+Forehead
76293.jpg,Normal,73.1,141.32,121.83,73.86,Type_I,R_Cheek+L_Cheek+Forehead
76294.jpg,Normal,92.49,128.2,137.47,-55.41,Type_VI,R_Cheek+Forehead
76409.jpg,Normal,125.77,144.49,152.11,-1.61,Type_V,R_Cheek+L_Cheek+Forehead
7641.jpg,Normal,159.95,137.05,115.19,-44.81,Type_VI,R_Cheek+L_Cheek+Forehead
76410.jpg,Normal,83.15,136.29,123.83,76.52,Type_I,R_Cheek+L_Cheek+Forehead
76421.jpg,Normal,101.76,150.36,153.05,-21.94,Type_V,L_Cheek+Forehead
76422.jpg,Normal,111.17,146.91,137.69,-33.47,Type_VI,R_Cheek+L_Cheek+Forehead
76426.jpg,Normal,79.99,136.56,141.75,-53.58,Type_VI,R_Cheek+L_Cheek+Forehead
76428.jpg,Normal,81.5,136.26,132.44,-76.17,Type_VI,R_Cheek+L_Cheek+Forehead
76429.jpg,Normal,145.21,144.95,145.08,22.13,Type_IV,R_Cheek+L_Cheek+Forehead
7643.jpg,Normal,173.61,133.13,142.07,52.12,Type_II,R_Cheek+L_Cheek+Forehead
76435.jpg,Normal,169.07,144.43,157.9,28.6,Type_III,R_Cheek+L_Cheek+Forehead
76436.jpg,Normal,84.93,155.59,159.52,-27.9,Type_V,R_Cheek+L_Cheek+Forehead
76437.jpg,Normal,105.18,128.0,128.0,-89.99,Type_VI,R_Cheek+L_Cheek+Forehead
76439.jpg,Normal,73.53,142.14,137.07,-66.81,Type_VI,R_Cheek+L_Cheek+Forehead
76516.jpg,Normal,82.22,140.81,139.21,-57.73,Type_VI,R_Cheek+L_Cheek+Forehead
76517.jpg,Normal,184.11,133.85,138.01,65.73,Type_I,R_Cheek+Forehead
76520.jpg,Normal,157.46,133.18,150.55,27.52,Type_IV,R_Cheek+L_Cheek+Forehead
76524.jpg,Normal,124.19,144.4,150.19,-3.35,Type_V,R_Cheek+Forehead
76525.jpg,Normal,84.1,146.23,147.91,-40.52,Type_VI,R_Cheek+L_Cheek+Forehead
76529.jpg,Normal,77.16,140.48,137.02,-65.44,Type_VI,R_Cheek+L_Cheek+Forehead
76531.jpg,Normal,100.51,142.9,144.35,-32.92,Type_VI,R_Cheek+L_Cheek+Forehead
76533.jpg,Normal,135.01,144.91,160.87,5.12,Type_V,R_Cheek+L_Cheek+Forehead
76534.jpg,Normal,150.04,143.5,143.46,29.77,Type_III,R_Cheek+Forehead
76539.jpg,Normal,158.55,143.84,155.48,23.9,Type_IV,R_Cheek+L_Cheek+Forehead
76609.jpg,Normal,95.16,147.74,144.36,-37.78,Type_VI,R_Cheek+L_Cheek+Forehead
7661.jpg,Normal,155.17,141.28,139.63,43.01,Type_II,R_Cheek+L_Cheek+Forehead
76611.jpg,Normal,122.67,129.09,137.74,-11.01,Type_V,R_Cheek+L_Cheek+Forehead
76616.jpg,Normal,69.92,148.75,156.51,-38.38,Type_VI,R_Cheek+Forehead
76619.jpg,Normal,74.15,148.67,149.35,-44.41,Type_VI,L_Cheek+Forehead
7662.jpg,Normal,105.0,113.96,127.73,88.24,Type_I,R_Cheek+L_Cheek+Forehead
76620.jpg,Normal,152.84,140.96,158.29,18.17,Type_IV,L_Cheek+Forehead
76623.jpg,Normal,106.48,145.14,141.1,-32.19,Type_VI,R_Cheek+Forehead
76625.jpg,Normal,102.02,141.96,139.47,-41.07,Type_VI,L_Cheek+Forehead
76626.jpg,Normal,149.82,140.34,144.27,28.28,Type_III,R_Cheek+L_Cheek+Forehead
76629.jpg,Normal,104.2,153.63,140.25,-36.71,Type_VI,R_Cheek+L_Cheek+Forehead
7663.jpg,Normal,207.78,133.86,142.4,65.42,Type_I,R_Cheek+L_Cheek+Forehead
76631.jpg,Normal,129.76,141.83,143.69,3.23,Type_V,R_Cheek+L_Cheek+Forehead
76711.jpg,Normal,89.9,144.42,143.21,-44.12,Type_VI,R_Cheek+L_Cheek+Forehead
76716.jpg,Normal,52.47,140.68,137.37,-72.33,Type_VI,R_Cheek+L_Cheek+Forehead
76717.jpg,Normal,106.75,133.97,134.46,-51.58,Type_VI,R_Cheek+L_Cheek+Forehead
76718.jpg,Normal,213.09,131.35,151.57,54.92,Type_II,R_Cheek+L_Cheek+Forehead
76719.jpg,Normal,70.91,136.97,140.52,-60.57,Type_VI,R_Cheek+L_Cheek+Forehead
76723.jpg,Normal,119.87,133.64,149.5,-7.92,Type_V,R_Cheek+Forehead
76724.jpg,Normal,108.62,137.6,122.27,52.26,Type_II,R_Cheek+L_Cheek+Forehead
76727.jpg,Normal,145.88,144.3,145.01,22.97,Type_IV,R_Cheek+Forehead
7673.jpg,Normal,107.52,128.0,128.0,-89.99,Type_VI,R_Cheek+Forehead
76735.jpg,Normal,126.82,151.86,155.16,-0.56,Type_V,R_Cheek+L_Cheek+Forehead
76813.jpg,Normal,75.74,135.49,135.95,-68.6,Type_VI,R_Cheek+L_Cheek+Forehead
76816.jpg,Normal,87.87,139.08,150.17,-35.04,Type_VI,R_Cheek+L_Cheek+Forehead
76821.jpg,Normal,135.9,133.04,146.65,10.01,Type_IV,R_Cheek+L_Cheek+Forehead
76822.jpg,Normal,132.28,155.4,156.98,3.7,Type_V,R_Cheek+L_Cheek+Forehead
76823.jpg,Normal,131.37,146.43,155.13,3.2,Type_V,R_Cheek+Forehead
76827.jpg,Normal,106.4,150.61,157.73,-15.55,Type_V,R_Cheek+L_Cheek+Forehead
7683.jpg,Normal,157.58,139.6,135.98,55.91,Type_I,R_Cheek+L_Cheek+Forehead
76830.jpg,Normal,93.5,136.73,137.74,-53.85,Type_VI,R_Cheek+L_Cheek+Forehead
76836.jpg,Normal,109.87,141.36,144.71,-22.47,Type_V,R_Cheek+L_Cheek+Forehead
76944.jpg,Normal,41.23,135.44,137.7,-74.0,Type_VI,R_Cheek+L_Cheek+Forehead
76945.jpg,Normal,93.91,142.99,142.69,-41.89,Type_VI,R_Cheek+L_Cheek+Forehead
76949.jpg,Normal,105.02,137.57,138.85,-39.11,Type_VI,R_Cheek+L_Cheek+Forehead
76950.jpg,Normal,103.97,143.66,154.18,-19.41,Type_V,R_Cheek+L_Cheek+Forehead
76955.jpg,Normal,142.7,138.59,144.49,19.88,Type_IV,R_Cheek+L_Cheek+Forehead
76959.jpg,Normal,129.0,148.1,148.34,1.66,Type_V,R_Cheek+Forehead
76961.jpg,Normal,86.49,142.15,145.29,-42.92,Type_VI,R_Cheek+L_Cheek+Forehead
76962.jpg,Normal,76.47,138.76,139.25,-60.66,Type_VI,R_Cheek+Forehead
76969.jpg,Normal,40.94,138.05,136.28,-76.29,Type_VI,R_Cheek+L_Cheek+Forehead
76970.jpg,Normal,60.01,141.56,141.13,-63.62,Type_VI,R_Cheek+L_Cheek+Forehead
76972.jpg,Normal,79.61,135.27,135.77,-67.53,Type_VI,L_Cheek+Forehead
77089.jpg,Normal,52.73,137.95,139.67,-68.31,Type_VI,L_Cheek+Forehead
77095.jpg,Normal,108.54,136.4,141.45,-28.93,Type_V,R_Cheek+L_Cheek+Forehead
7710.jpg,Normal,109.94,128.0,128.0,-89.99,Type_VI,R_Cheek+Forehead
77175.jpg,Normal,98.21,139.7,144.56,-34.74,Type_VI,R_Cheek+L_Cheek+Forehead
77177.jpg,Normal,46.02,134.89,146.05,-60.53,Type_VI,R_Cheek+L_Cheek+Forehead
77182.jpg,Normal,140.3,141.6,141.14,20.91,Type_IV,R_Cheek+Forehead
77185.jpg,Normal,126.98,149.66,151.96,-0.48,Type_V,L_Cheek+Forehead
7719.jpg,Normal,91.06,150.78,158.65,-25.0,Type_V,R_Cheek+L_Cheek+Forehead
77270.jpg,Normal,150.21,152.34,165.86,13.23,Type_IV,R_Cheek+Forehead
77276.jpg,Normal,92.22,146.21,141.08,-46.6,Type_VI,R_Cheek+Forehead
77279.jpg,Normal,98.82,138.04,133.19,-65.25,Type_VI,R_Cheek+L_Cheek+Forehead
77283.jpg,Normal,139.14,147.06,135.75,30.49,Type_III,R_Cheek+Forehead
77285.jpg,Normal,110.05,139.16,140.87,-28.0,Type_V,L_Cheek+Forehead
77287.jpg,Normal,129.99,158.6,162.09,1.64,Type_V,R_Cheek+L_Cheek+Forehead
77445.jpg,Normal,136.38,139.12,143.12,12.97,Type_IV,R_Cheek+L_Cheek+Forehead
77448.jpg,Normal,151.76,151.78,163.72,14.91,Type_IV,R_Cheek+L_Cheek+Forehead
77449.jpg,Normal,118.22,140.14,143.07,-13.57,Type_V,R_Cheek+Forehead
77461.jpg,Normal,117.05,148.21,158.24,-7.72,Type_V,R_Cheek+Forehead
77467.jpg,Normal,117.33,145.65,151.59,-9.6,Type_V,R_Cheek+L_Cheek+Forehead
77554.jpg,Normal,49.21,157.91,148.2,-56.65,Type_VI,R_Cheek+L_Cheek+Forehead
77558.jpg,Normal,123.65,138.81,150.46,-3.84,Type_V,L_Cheek+Forehead
77563.jpg,Normal,149.37,146.76,153.98,18.26,Type_IV,R_Cheek+L_Cheek+Forehead
77564.jpg,Normal,92.05,151.73,156.46,-26.04,Type_V,R_Cheek+L_Cheek+Forehead
77565.jpg,Normal,144.09,137.89,135.81,39.79,Type_III,R_Cheek+L_Cheek+Forehead
77575.jpg,Normal,146.02,138.57,141.64,28.02,Type_III,R_Cheek+L_Cheek+Forehead
77577.jpg,Normal,44.79,138.98,141.08,-68.04,Type_VI,R_Cheek+Forehead
7765.jpg,Normal,142.31,146.66,148.01,16.18,Type_IV,R_Cheek+L_Cheek+Forehead
77656.jpg,Normal,54.16,130.74,140.63,-66.29,Type_VI,R_Cheek+L_Cheek+Forehead
77662.jpg,Normal,121.78,139.27,139.59,-10.95,Type_V,R_Cheek+L_Cheek+Forehead
77760.jpg,Normal,161.31,142.63,148.99,32.27,Type_III,R_Cheek+L_Cheek+Forehead
77762.jpg,Normal,91.69,149.66,139.96,-49.58,Type_VI,R_Cheek+L_Cheek+Forehead
77771.jpg,Normal,47.59,142.43,146.85,-58.98,Type_VI,R_Cheek+Forehead
77887.jpg,Normal,87.02,151.18,148.82,-37.32,Type_VI,R_Cheek+L_Cheek+Forehead
7789.jpg,Normal,92.49,139.06,138.96,-51.4,Type_VI,R_Cheek+L_Cheek+Forehead
77894.jpg,Normal,87.83,144.41,146.24,-40.46,Type_VI,R_Cheek+L_Cheek+Forehead
7798.jpg,Normal,158.51,145.29,159.74,20.97,Type_IV,R_Cheek+Forehead
77980.jpg,Normal,130.11,149.46,149.4,2.74,Type_V,R_Cheek+L_Cheek+Forehead
77986.jpg,Normal,110.5,153.22,155.71,-13.53,Type_V,R_Cheek+L_Cheek+Forehead
77988.jpg,Normal,164.87,126.47,128.19,89.28,Type_I,R_Cheek+L_Cheek+Forehead
78057.jpg,Normal,86.71,148.31,146.37,-41.05,Type_VI,L_Cheek+Forehead
78063.jpg,Normal,173.18,147.21,150.96,37.96,Type_III,R_Cheek+Forehead
78066.jpg,Normal,151.65,148.89,155.47,19.03,Type_IV,R_Cheek+Forehead
78074.jpg,Normal,120.28,136.43,130.82,-45.18,Type_VI,R_Cheek+Forehead
78150.jpg,Normal,92.47,131.12,129.85,-82.35,Type_VI,R_Cheek+L_Cheek+Forehead
78156.jpg,Normal,21.57,132.85,130.47,-86.6,Type_VI,R_Cheek+Forehead
78163.jpg,Normal,115.83,140.14,141.13,-19.22,Type_V,R_Cheek+L_Cheek+Forehead
78166.jpg,Normal,91.39,137.38,139.41,-51.13,Type_VI,R_Cheek+L_Cheek+Forehead
78167.jpg,Normal,94.14,141.66,144.63,-38.19,Type_VI,R_Cheek+L_Cheek+Forehead
78241.jpg,Normal,129.33,148.76,146.51,2.23,Type_V,R_Cheek+L_Cheek+Forehead
78254.jpg,Normal,34.26,142.52,134.33,-80.18,Type_VI,L_Cheek+Forehead
78255.jpg,Normal,132.15,140.95,138.12,10.22,Type_IV,L_Cheek+Forehead
78391.jpg,Normal,73.33,138.37,136.29,-68.69,Type_VI,L_Cheek+Forehead
78395.jpg,Normal,117.73,151.07,149.36,-10.17,Type_V,R_Cheek+L_Cheek+Forehead
78399.jpg,Normal,176.37,127.53,149.44,41.8,Type_II,R_Cheek+L_Cheek+Forehead
78400.jpg,Normal,158.42,126.41,129.21,84.3,Type_I,R_Cheek+L_Cheek+Forehead
78414.jpg,Normal,152.43,144.94,146.7,27.61,Type_IV,R_Cheek+Forehead
78415.jpg,Normal,133.81,136.19,135.69,17.85,Type_IV,R_Cheek+L_Cheek+Forehead
78569.jpg,Normal,135.96,149.02,157.87,6.34,Type_V,R_Cheek+L_Cheek+Forehead
78572.jpg,Normal,48.94,137.98,139.68,-69.24,Type_VI,R_Cheek+Forehead
78574.jpg,Normal,119.19,143.7,132.32,-37.04,Type_VI,R_Cheek+L_Cheek+Forehead
78577.jpg,Normal,64.52,145.71,149.61,-48.81,Type_VI,L_Cheek+Forehead
78725.jpg,Normal,106.92,143.36,148.21,-21.77,Type_V,R_Cheek+L_Cheek+Forehead
78728.jpg,Normal,91.34,136.93,135.33,-62.65,Type_VI,R_Cheek+L_Cheek+Forehead
78730.jpg,Normal,67.27,142.44,135.44,-72.51,Type_VI,R_Cheek+L_Cheek+Forehead
78734.jpg,Normal,113.29,145.63,140.32,-24.32,Type_V,R_Cheek+L_Cheek+Forehead
78738.jpg,Normal,158.66,129.04,129.9,81.16,Type_I,L_Cheek+Forehead
78739.jpg,Normal,91.73,165.55,162.8,-21.95,Type_V,R_Cheek+L_Cheek+Forehead
78861.jpg,Normal,166.87,147.74,149.34,35.88,Type_III,R_Cheek+L_Cheek
78868.jpg,Normal,162.4,139.55,140.02,48.7,Type_II,R_Cheek+L_Cheek+Forehead
78877.jpg,Normal,136.15,138.11,139.55,16.36,Type_IV,L_Cheek+Forehead
78878.jpg,Normal,153.15,141.92,145.23,30.27,Type_III,L_Cheek+Forehead
78879.jpg,Normal,87.42,138.56,137.96,-57.63,Type_VI,R_Cheek+Forehead
78880.jpg,Normal,153.73,136.27,146.6,28.94,Type_III,R_Cheek+Forehead
78884.jpg,Normal,83.17,136.43,138.0,-60.09,Type_VI,R_Cheek+Forehead
78885.jpg,Normal,145.71,140.69,139.34,32.21,Type_III,R_Cheek+L_Cheek+Forehead
78984.jpg,Normal,79.27,140.74,135.2,-69.16,Type_VI,R_Cheek+L_Cheek+Forehead
78986.jpg,Normal,159.75,149.57,154.52,25.49,Type_IV,R_Cheek+L_Cheek+Forehead
78987.jpg,Normal,107.33,152.65,145.7,-24.09,Type_V,R_Cheek+L_Cheek+Forehead
78990.jpg,Normal,85.54,139.25,142.36,-48.89,Type_VI,R_Cheek+L_Cheek+Forehead
78992.jpg,Normal,155.3,141.18,142.12,37.66,Type_III,R_Cheek+L_Cheek+Forehead
78996.jpg,Normal,154.68,148.33,151.86,24.07,Type_IV,L_Cheek+Forehead
79076.jpg,Normal,125.75,142.19,152.27,-1.62,Type_V,R_Cheek+L_Cheek+Forehead
79077.jpg,Normal,110.9,136.42,140.06,-28.36,Type_V,L_Cheek+Forehead
79081.jpg,Normal,60.51,139.58,132.54,-80.2,Type_VI,L_Cheek+Forehead
79084.jpg,Normal,110.37,157.59,148.73,-17.96,Type_V,R_Cheek+L_Cheek+Forehead
79087.jpg,Normal,135.53,141.32,143.07,11.79,Type_IV,R_Cheek+L_Cheek+Forehead
79088.jpg,Normal,172.43,145.13,138.64,58.87,Type_I,R_Cheek+L_Cheek+Forehead
79184.jpg,Normal,170.0,137.17,139.43,55.55,Type_I,R_Cheek+Forehead
79185.jpg,Normal,123.67,145.19,146.24,-4.71,Type_V,R_Cheek+L_Cheek+Forehead
79186.jpg,Normal,150.28,150.33,143.77,29.53,Type_III,R_Cheek+L_Cheek+Forehead
79188.jpg,Normal,142.98,155.72,160.01,10.74,Type_IV,R_Cheek+L_Cheek+Forehead
79189.jpg,Normal,131.34,145.05,142.65,5.87,Type_V,R_Cheek+L_Cheek+Forehead
79191.jpg,Normal,59.23,140.47,143.16,-60.49,Type_VI,L_Cheek+Forehead
79192.jpg,Normal,150.08,130.9,149.62,22.27,Type_IV,R_Cheek+L_Cheek+Forehead
79196.jpg,Normal,158.97,146.32,144.91,36.12,Type_III,R_Cheek+L_Cheek+Forehead
79197.jpg,Normal,101.78,129.48,147.52,-27.33,Type_V,R_Cheek+L_Cheek+Forehead
79200.jpg,Normal,100.84,135.5,140.38,-40.18,Type_VI,R_Cheek+L_Cheek+Forehead
79268.jpg,Normal,160.84,128.0,128.0,90.0,Type_I,L_Cheek+Forehead
79270.jpg,Normal,79.87,135.33,133.88,-72.53,Type_VI,R_Cheek+L_Cheek+Forehead
79360.jpg,Normal,102.8,136.52,130.14,-77.56,Type_VI,R_Cheek+L_Cheek+Forehead
79363.jpg,Normal,52.57,136.07,141.38,-65.52,Type_VI,L_Cheek+Forehead
79369.jpg,Normal,93.89,148.01,153.08,-27.73,Type_V,R_Cheek+L_Cheek+Forehead
7937.jpg,Normal,89.01,141.08,154.62,-29.56,Type_V,R_Cheek+L_Cheek+Forehead
79370.jpg,Normal,72.01,147.85,144.4,-52.99,Type_VI,R_Cheek+L_Cheek+Forehead
79371.jpg,Normal,37.22,134.63,133.01,-81.94,Type_VI,R_Cheek+Forehead
79374.jpg,Normal,117.25,152.04,119.97,26.61,Type_IV,L_Cheek+Forehead
79375.jpg,Normal,165.52,145.61,137.04,58.78,Type_I,R_Cheek+L_Cheek+Forehead
79376.jpg,Normal,76.55,133.58,146.09,-47.84,Type_VI,R_Cheek+L_Cheek+Forehead
79378.jpg,Normal,72.29,146.72,146.58,-49.37,Type_VI,L_Cheek+Forehead
7938.jpg,Normal,142.47,150.8,158.42,10.92,Type_IV,R_Cheek+L_Cheek+Forehead
79387.jpg,Normal,92.92,150.12,148.76,-33.15,Type_VI,R_Cheek+L_Cheek+Forehead
79389.jpg,Normal,124.04,144.15,158.72,-2.53,Type_V,R_Cheek+L_Cheek+Forehead
79390.jpg,Normal,101.78,148.35,153.29,-21.74,Type_V,R_Cheek+L_Cheek+Forehead
79391.jpg,Normal,151.9,128.0,128.0,89.99,Type_I,R_Cheek+L_Cheek+Forehead
79511.jpg,Normal,123.42,147.43,153.14,-3.64,Type_V,R_Cheek+L_Cheek+Forehead
79514.jpg,Normal,143.58,148.68,168.56,8.84,Type_V,L_Cheek+Forehead
79517.jpg,Normal,196.36,133.34,136.73,72.09,Type_I,R_Cheek+L_Cheek+Forehead
79519.jpg,Normal,148.69,143.74,155.77,16.66,Type_IV,R_Cheek+L_Cheek+Forehead
79520.jpg,Normal,106.5,140.48,134.85,-50.25,Type_VI,R_Cheek+L_Cheek+Forehead
79631.jpg,Normal,66.45,140.41,142.06,-59.57,Type_VI,L_Cheek+Forehead
7966.jpg,Normal,41.95,134.38,131.76,-83.6,Type_VI,R_Cheek+L_Cheek+Forehead
79664.jpg,Normal,112.95,140.18,131.11,-61.42,Type_VI,R_Cheek+L_Cheek+Forehead
79665.jpg,Normal,96.0,145.25,146.16,-34.22,Type_VI,R_Cheek+L_Cheek+Forehead
79666.jpg,Normal,149.48,138.82,134.53,52.84,Type_II,L_Cheek+Forehead
79667.jpg,Normal,202.2,119.51,129.05,87.94,Type_I,R_Cheek+L_Cheek+Forehead
79669.jpg,Normal,87.83,136.57,140.4,-51.45,Type_VI,R_Cheek+L_Cheek+Forehead
79670.jpg,Normal,48.23,147.19,147.23,-58.26,Type_VI,R_Cheek+L_Cheek+Forehead
79675.jpg,Normal,104.05,143.88,154.18,-19.35,Type_V,L_Cheek+Forehead
79677.jpg,Normal,82.59,148.19,151.31,-37.08,Type_VI,R_Cheek+L_Cheek+Forehead
79680.jpg,Normal,130.58,145.68,141.96,4.95,Type_V,R_Cheek+L_Cheek+Forehead
79683.jpg,Normal,123.24,154.01,160.45,-2.95,Type_V,R_Cheek+Forehead
79685.jpg,Normal,178.4,138.53,122.83,-75.48,Type_VI,R_Cheek+Forehead
79687.jpg,Normal,143.74,139.14,134.68,43.63,Type_II,R_Cheek+Forehead
79689.jpg,Normal,182.34,141.1,149.8,44.61,Type_II,R_Cheek+L_Cheek+Forehead
79783.jpg,Normal,112.57,144.86,157.51,-11.22,Type_V,R_Cheek+L_Cheek+Forehead
79789.jpg,Normal,35.18,132.98,133.26,-81.73,Type_VI,R_Cheek+L_Cheek+Forehead
79795.jpg,Normal,110.34,150.49,153.09,-15.02,Type_V,R_Cheek+L_Cheek+Forehead
79796.jpg,Normal,118.34,147.91,148.49,-9.94,Type_V,R_Cheek+L_Cheek+Forehead
79798.jpg,Normal,162.97,138.4,141.23,46.43,Type_II,L_Cheek+Forehead
79799.jpg,Normal,77.39,134.34,132.71,-76.51,Type_VI,L_Cheek+Forehead
7980.jpg,Normal,79.57,140.2,150.11,-40.37,Type_VI,R_Cheek+L_Cheek+Forehead
79855.jpg,Normal,108.34,141.3,136.47,-41.59,Type_VI,R_Cheek+Forehead
79895.jpg,Normal,82.21,137.02,134.74,-69.22,Type_VI,R_Cheek+L_Cheek+Forehead
79938.jpg,Normal,129.23,151.46,152.09,1.62,Type_V,R_Cheek+L_Cheek+Forehead
79939.jpg,Normal,77.45,150.84,145.26,-48.67,Type_VI,R_Cheek+L_Cheek+Forehead
79940.jpg,Normal,62.59,138.6,122.56,77.93,Type_I,R_Cheek+L_Cheek+Forehead
79942.jpg,Normal,195.96,142.09,146.77,55.04,Type_I,R_Cheek+L_Cheek+Forehead
79946.jpg,Normal,132.45,149.24,150.75,4.88,Type_V,R_Cheek+L_Cheek+Forehead
79947.jpg,Normal,53.17,139.06,141.88,-64.54,Type_VI,R_Cheek+L_Cheek+Forehead
79951.jpg,Normal,89.14,144.0,146.07,-39.77,Type_VI,L_Cheek+Forehead
79953.jpg,Normal,142.79,148.42,146.29,18.16,Type_IV,R_Cheek+L_Cheek+Forehead
80087.jpg,Normal,105.89,149.17,136.45,-45.07,Type_VI,L_Cheek+Forehead
80093.jpg,Normal,138.6,151.16,166.3,6.49,Type_V,R_Cheek+L_Cheek+Forehead
80094.jpg,Normal,150.3,140.96,139.66,37.49,Type_III,R_Cheek+Forehead
80095.jpg,Normal,164.1,139.92,148.44,35.08,Type_III,R_Cheek+L_Cheek+Forehead
80097.jpg,Normal,121.42,146.31,154.91,-5.07,Type_V,R_Cheek+L_Cheek+Forehead
80098.jpg,Normal,129.52,133.95,136.47,5.34,Type_V,R_Cheek+L_Cheek+Forehead
801.jpg,Normal,88.5,145.53,142.66,-46.22,Type_VI,R_Cheek+Forehead
80111.jpg,Normal,190.37,145.12,147.6,51.52,Type_II,R_Cheek+L_Cheek+Forehead
80140.jpg,Normal,111.67,143.94,147.47,-17.69,Type_V,L_Cheek+Forehead
80147.jpg,Normal,140.22,139.52,145.61,15.82,Type_IV,R_Cheek+L_Cheek+Forehead
8015.jpg,Normal,126.54,135.75,150.35,-0.97,Type_V,R_Cheek+L_Cheek+Forehead
80155.jpg,Normal,100.95,128.0,128.0,-89.99,Type_VI,R_Cheek+Forehead
80156.jpg,Normal,76.83,169.0,165.3,-28.04,Type_V,R_Cheek+L_Cheek+Forehead
80159.jpg,Normal,71.0,125.56,148.73,-46.91,Type_VI,R_Cheek+L_Cheek+Forehead
80160.jpg,Normal,133.22,134.55,141.78,9.24,Type_V,L_Cheek+Forehead
80242.jpg,Normal,137.48,146.4,137.99,21.39,Type_IV,R_Cheek+L_Cheek+Forehead
80243.jpg,Normal,185.74,140.06,175.02,25.9,Type_IV,L_Cheek+Forehead
8025.jpg,Normal,166.93,141.27,142.14,47.57,Type_II,R_Cheek+L_Cheek+Forehead
80252.jpg,Normal,118.15,145.4,146.53,-11.2,Type_V,R_Cheek+Forehead
8026.jpg,Normal,108.64,132.57,142.19,-27.52,Type_V,R_Cheek+L_Cheek+Forehead
80264.jpg,Normal,95.18,145.0,139.16,-48.62,Type_VI,R_Cheek+L_Cheek+Forehead
80267.jpg,Normal,137.35,139.66,140.99,16.56,Type_IV,L_Cheek+Forehead
80275.jpg,Normal,59.33,148.44,149.32,-51.43,Type_VI,R_Cheek+L_Cheek+Forehead
80328.jpg,Normal,36.61,133.03,132.93,-82.13,Type_VI,R_Cheek+L_Cheek+Forehead
80332.jpg,Normal,113.06,145.5,140.5,-24.37,Type_V,L_Cheek+Forehead
80336.jpg,Normal,155.01,160.17,151.95,24.25,Type_IV,R_Cheek+L_Cheek+Forehead
80337.jpg,Normal,99.58,141.88,146.2,-31.04,Type_VI,L_Cheek+Forehead
80340.jpg,Normal,122.31,141.16,145.45,-6.65,Type_V,R_Cheek+L_Cheek+Forehead
80342.jpg,Normal,87.64,138.35,146.28,-40.54,Type_VI,L_Cheek+Forehead
80346.jpg,Normal,35.29,144.77,143.79,-66.41,Type_VI,R_Cheek+L_Cheek+Forehead
80347.jpg,Normal,120.22,142.61,143.55,-10.4,Type_V,R_Cheek+Forehead
80348.jpg,Normal,151.82,151.56,159.02,17.09,Type_IV,R_Cheek+L_Cheek+Forehead
80349.jpg,Normal,114.15,139.56,133.07,-45.9,Type_VI,R_Cheek+L_Cheek+Forehead
80350.jpg,Normal,132.79,137.9,134.64,17.34,Type_IV,R_Cheek+L_Cheek+Forehead
80351.jpg,Normal,134.55,136.76,138.2,15.17,Type_IV,R_Cheek+L_Cheek+Forehead
80352.jpg,Normal,150.02,150.47,133.59,57.65,Type_I,R_Cheek+L_Cheek+Forehead
80354.jpg,Normal,136.45,135.58,136.3,22.92,Type_IV,R_Cheek+L_Cheek+Forehead
80451.jpg,Normal,128.15,132.95,146.0,0.81,Type_V,R_Cheek+Forehead
80453.jpg,Normal,76.19,137.35,130.82,-82.01,Type_VI,R_Cheek+L_Cheek+Forehead
80455.jpg,Normal,74.85,144.42,149.84,-43.39,Type_VI,R_Cheek+L_Cheek+Forehead
80458.jpg,Normal,149.49,153.34,149.58,21.78,Type_IV,R_Cheek+L_Cheek+Forehead
80470.jpg,Normal,61.45,128.0,128.0,-90.0,Type_VI,R_Cheek+L_Cheek+Forehead
80472.jpg,Normal,170.31,146.74,141.15,51.93,Type_II,R_Cheek+L_Cheek+Forehead
8056.jpg,Normal,85.88,140.74,144.85,-44.1,Type_VI,R_Cheek+L_Cheek+Forehead
80564.jpg,Normal,153.97,130.79,133.45,62.32,Type_I,R_Cheek+L_Cheek+Forehead
8057.jpg,Normal,112.48,140.41,143.77,-20.48,Type_V,R_Cheek+L_Cheek+Forehead
80572.jpg,Normal,67.82,139.98,141.06,-60.84,Type_VI,L_Cheek+Forehead
80673.jpg,Normal,106.99,140.13,145.03,-25.27,Type_V,R_Cheek+L_Cheek+Forehead
80674.jpg,Normal,95.15,144.61,131.68,-73.81,Type_VI,R_Cheek+L_Cheek+Forehead
80677.jpg,Normal,130.34,144.5,142.2,4.48,Type_V,R_Cheek+L_Cheek+Forehead
80680.jpg,Normal,86.61,150.64,149.35,-36.91,Type_VI,R_Cheek+Forehead
80685.jpg,Normal,100.94,144.2,153.75,-22.02,Type_V,R_Cheek+L_Cheek+Forehead
80686.jpg,Normal,59.1,135.36,142.79,-61.13,Type_VI,R_Cheek+L_Cheek+Forehead
80687.jpg,Normal,77.8,143.08,142.64,-53.09,Type_VI,R_Cheek+L_Cheek+Forehead
80691.jpg,Normal,95.85,141.18,137.19,-53.48,Type_VI,R_Cheek+L_Cheek+Forehead
808.jpg,Normal,122.56,139.27,143.42,-7.16,Type_V,R_Cheek+L_Cheek+Forehead
80800.jpg,Normal,35.67,136.01,141.39,-69.6,Type_VI,R_Cheek+L_Cheek+Forehead
80802.jpg,Normal,100.5,143.62,139.8,-41.91,Type_VI,R_Cheek+L_Cheek+Forehead
80811.jpg,Normal,116.97,143.28,140.97,-17.66,Type_V,L_Cheek+Forehead
80814.jpg,Normal,149.19,143.44,152.24,19.34,Type_IV,R_Cheek+L_Cheek+Forehead
80818.jpg,Normal,92.39,127.91,129.92,-82.07,Type_VI,R_Cheek+L_Cheek+Forehead
80899.jpg,Normal,76.67,135.71,138.16,-62.99,Type_VI,R_Cheek+L_Cheek+Forehead
809.jpg,Normal,102.89,137.17,139.19,-40.76,Type_VI,R_Cheek+L_Cheek+Forehead
80904.jpg,Normal,92.69,144.11,143.74,-40.93,Type_VI,R_Cheek+L_Cheek+Forehead
8091.jpg,Normal,91.77,143.7,144.7,-39.99,Type_VI,R_Cheek+L_Cheek+Forehead
80913.jpg,Normal,103.8,137.39,152.83,-20.52,Type_V,R_Cheek+Forehead
80914.jpg,Normal,125.37,141.71,149.59,-2.21,Type_V,R_Cheek+Forehead
8097.jpg,Normal,108.55,137.12,136.76,-40.3,Type_VI,R_Cheek+Forehead
80976.jpg,Normal,123.9,141.79,135.42,-10.77,Type_V,R_Cheek+L_Cheek+Forehead
80979.jpg,Normal,130.34,141.67,144.88,3.78,Type_V,R_Cheek+L_Cheek+Forehead
80982.jpg,Normal,144.72,144.96,156.64,13.27,Type_IV,R_Cheek+L_Cheek+Forehead
80983.jpg,Normal,114.77,141.92,142.39,-19.14,Type_V,R_Cheek+L_Cheek+Forehead
80992.jpg,Normal,127.1,136.77,136.64,-1.04,Type_V,R_Cheek+L_Cheek+Forehead
81092.jpg,Normal,101.21,153.42,149.48,-25.64,Type_V,R_Cheek+L_Cheek+Forehead
81093.jpg,Normal,168.61,143.16,149.5,36.86,Type_III,L_Cheek+Forehead
81097.jpg,Normal,167.97,145.09,144.79,43.38,Type_II,R_Cheek+L_Cheek+Forehead
81107.jpg,Normal,90.27,142.84,147.74,-36.48,Type_VI,R_Cheek+L_Cheek+Forehead
81108.jpg,Normal,113.45,136.51,148.14,-15.3,Type_V,R_Cheek+Forehead
81109.jpg,Normal,65.08,143.98,146.58,-52.79,Type_VI,R_Cheek+L_Cheek+Forehead
81111.jpg,Normal,73.57,137.26,138.08,-64.51,Type_VI,R_Cheek+L_Cheek+Forehead
81112.jpg,Normal,164.51,152.35,153.18,29.96,Type_III,R_Cheek+L_Cheek+Forehead
81250.jpg,Normal,105.2,138.87,155.57,-17.6,Type_V,R_Cheek+L_Cheek+Forehead
81252.jpg,Normal,136.41,143.22,145.31,11.41,Type_IV,L_Cheek+Forehead
81255.jpg,Normal,87.59,144.85,144.32,-43.8,Type_VI,R_Cheek+L_Cheek+Forehead
81261.jpg,Normal,106.38,136.96,141.37,-31.79,Type_VI,R_Cheek+L_Cheek+Forehead
81319.jpg,Normal,122.89,140.87,128.96,-62.11,Type_VI,L_Cheek+Forehead
8132.jpg,Normal,105.54,146.03,147.67,-23.65,Type_V,R_Cheek+Forehead
81323.jpg,Normal,92.59,143.66,151.57,-30.15,Type_VI,R_Cheek+L_Cheek+Forehead
81325.jpg,Normal,83.26,147.56,151.47,-36.47,Type_VI,R_Cheek+L_Cheek+Forehead
81326.jpg,Normal,138.06,150.29,137.71,23.1,Type_IV,R_Cheek+L_Cheek+Forehead
81329.jpg,Normal,181.42,137.94,139.29,61.9,Type_I,R_Cheek+Forehead
81332.jpg,Normal,103.37,135.88,155.28,-19.13,Type_V,R_Cheek+L_Cheek+Forehead
81333.jpg,Normal,83.97,162.7,126.57,85.21,Type_I,R_Cheek+L_Cheek+Forehead
8134.jpg,Normal,69.42,127.66,133.14,-77.29,Type_VI,R_Cheek+L_Cheek+Forehead
81342.jpg,Normal,108.5,136.54,133.02,-56.01,Type_VI,L_Cheek+Forehead
81412.jpg,Normal,116.41,137.75,133.92,-36.29,Type_VI,R_Cheek+L_Cheek+Forehead
81418.jpg,Normal,85.88,144.19,147.82,-39.47,Type_VI,R_Cheek+L_Cheek+Forehead
81420.jpg,Normal,88.15,128.0,128.0,-90.0,Type_VI,R_Cheek+L_Cheek+Forehead
81423.jpg,Normal,65.77,136.79,142.97,-58.27,Type_VI,L_Cheek+Forehead
81424.jpg,Normal,94.88,144.43,150.25,-29.9,Type_V,R_Cheek+L_Cheek+Forehead
81437.jpg,Normal,86.92,136.79,136.22,-62.67,Type_VI,R_Cheek+L_Cheek+Forehead
81513.jpg,Normal,166.24,140.22,141.46,48.46,Type_II,R_Cheek+L_Cheek+Forehead
8152.jpg,Normal,165.28,129.43,160.46,24.53,Type_IV,L_Cheek+Forehead
81520.jpg,Normal,126.44,134.54,137.13,-2.62,Type_V,R_Cheek+L_Cheek+Forehead
81521.jpg,Normal,98.7,147.55,143.57,-35.95,Type_VI,R_Cheek+L_Cheek+Forehead
81525.jpg,Normal,138.28,140.56,150.28,10.75,Type_IV,R_Cheek+L_Cheek+Forehead
81527.jpg,Normal,109.29,144.43,147.43,-20.17,Type_V,R_Cheek+L_Cheek+Forehead
81531.jpg,Normal,160.19,140.76,143.67,39.28,Type_III,R_Cheek+Forehead
81533.jpg,Normal,98.59,130.89,149.46,-27.85,Type_V,R_Cheek+L_Cheek+Forehead
81535.jpg,Normal,72.1,151.32,162.54,-32.17,Type_VI,R_Cheek+Forehead
81536.jpg,Normal,68.04,144.39,138.47,-65.82,Type_VI,L_Cheek+Forehead
81602.jpg,Normal,168.7,141.31,129.94,83.15,Type_I,R_Cheek+Forehead
81603.jpg,Normal,117.59,159.92,147.27,-11.4,Type_V,R_Cheek+Forehead
81604.jpg,Normal,48.62,142.85,136.22,-75.11,Type_VI,L_Cheek+Forehead
81606.jpg,Normal,64.11,142.83,146.97,-52.66,Type_VI,R_Cheek+L_Cheek+Forehead
81607.jpg,Normal,123.33,152.94,153.65,-3.65,Type_V,R_Cheek+L_Cheek+Forehead
8161.jpg,Normal,69.91,131.84,136.37,-69.67,Type_VI,R_Cheek+L_Cheek
81612.jpg,Normal,95.45,144.95,137.32,-53.46,Type_VI,R_Cheek+L_Cheek+Forehead
81613.jpg,Normal,58.42,139.6,134.79,-75.93,Type_VI,L_Cheek+Forehead
81615.jpg,Normal,165.92,149.82,160.8,24.67,Type_IV,R_Cheek+L_Cheek+Forehead
81617.jpg,Normal,140.29,146.52,147.1,14.72,Type_IV,L_Cheek+Forehead
81623.jpg,Normal,142.88,144.79,149.87,15.42,Type_IV,R_Cheek+L_Cheek+Forehead
81631.jpg,Normal,117.6,137.87,134.6,-30.47,Type_VI,R_Cheek+L_Cheek+Forehead
81636.jpg,Normal,108.09,128.0,128.0,-89.99,Type_VI,R_Cheek+Forehead
81714.jpg,Normal,128.56,142.91,136.96,2.65,Type_V,R_Cheek+L_Cheek+Forehead
8172.jpg,Normal,135.96,148.85,151.92,7.89,Type_V,L_Cheek+Forehead
81724.jpg,Normal,104.66,149.39,157.56,-16.86,Type_V,R_Cheek+L_Cheek+Forehead
81729.jpg,Normal,126.48,140.52,143.66,-1.46,Type_V,R_Cheek+L_Cheek+Forehead
81853.jpg,Normal,68.85,143.01,146.18,-51.68,Type_VI,R_Cheek+L_Cheek+Forehead
81857.jpg,Normal,107.47,142.94,147.78,-21.66,Type_V,R_Cheek+L_Cheek+Forehead
81862.jpg,Normal,84.23,138.67,144.35,-46.06,Type_VI,R_Cheek+L_Cheek+Forehead
81868.jpg,Normal,60.52,134.66,141.37,-63.02,Type_VI,R_Cheek+L_Cheek+Forehead
81869.jpg,Normal,61.16,143.77,144.11,-58.24,Type_VI,L_Cheek+Forehead
81870.jpg,Normal,114.61,135.58,149.43,-13.27,Type_V,R_Cheek+L_Cheek+Forehead
81871.jpg,Normal,167.82,142.62,145.08,42.79,Type_II,R_Cheek+L_Cheek+Forehead
81879.jpg,Normal,127.14,138.94,139.24,-0.72,Type_V,L_Cheek+Forehead
8188.jpg,Normal,110.85,128.46,129.29,-78.85,Type_VI,R_Cheek+L_Cheek+Forehead
81951.jpg,Normal,82.43,141.2,145.99,-44.5,Type_VI,R_Cheek+L_Cheek+Forehead
81954.jpg,Normal,76.51,149.41,153.21,-38.42,Type_VI,R_Cheek+L_Cheek+Forehead
81959.jpg,Normal,152.52,134.54,144.04,31.46,Type_III,R_Cheek+L_Cheek+Forehead
81961.jpg,Normal,169.83,147.42,146.8,41.45,Type_II,R_Cheek+Forehead
81964.jpg,Normal,65.63,140.62,141.57,-60.78,Type_VI,R_Cheek+L_Cheek+Forehead
81966.jpg,Normal,64.07,135.03,135.4,-73.44,Type_VI,R_Cheek+Forehead
82092.jpg,Normal,163.04,146.27,139.06,51.55,Type_II,R_Cheek+L_Cheek+Forehead
82098.jpg,Normal,158.34,143.0,143.29,38.34,Type_III,R_Cheek+Forehead
821.jpg,Normal,81.83,146.53,149.17,-40.24,Type_VI,R_Cheek+L_Cheek+Forehead
82100.jpg,Normal,83.36,141.37,146.29,-43.42,Type_VI,R_Cheek+L_Cheek+Forehead
82104.jpg,Normal,172.78,151.73,153.04,35.34,Type_III,R_Cheek+L_Cheek+Forehead
82109.jpg,Normal,149.68,147.45,150.59,21.06,Type_IV,R_Cheek+L_Cheek+Forehead
82111.jpg,Normal,38.6,135.13,135.79,-77.41,Type_VI,L_Cheek+Forehead
82112.jpg,Normal,129.36,134.72,131.85,10.72,Type_IV,R_Cheek+L_Cheek+Forehead
82113.jpg,Normal,118.69,148.58,157.14,-6.76,Type_V,L_Cheek+Forehead
82119.jpg,Normal,159.07,146.38,144.15,37.48,Type_III,L_Cheek+Forehead
82220.jpg,Normal,144.52,132.19,147.13,19.23,Type_IV,L_Cheek+Forehead
82225.jpg,Normal,92.19,128.0,128.0,-90.0,Type_VI,L_Cheek+Forehead
82234.jpg,Normal,102.38,142.69,145.16,-29.86,Type_V,L_Cheek+Forehead
82301.jpg,Normal,75.95,139.61,128.54,-88.48,Type_VI,R_Cheek+L_Cheek+Forehead
82303.jpg,Normal,171.99,144.78,141.93,51.41,Type_II,R_Cheek+L_Cheek+Forehead
82306.jpg,Normal,77.53,135.98,135.91,-68.02,Type_VI,R_Cheek+L_Cheek+Forehead
82312.jpg,Normal,143.08,138.01,133.97,45.66,Type_II,R_Cheek+L_Cheek+Forehead
82315.jpg,Normal,119.4,147.33,145.94,-10.05,Type_V,L_Cheek+Forehead
82316.jpg,Normal,55.2,136.8,142.79,-62.45,Type_VI,L_Cheek+Forehead
82323.jpg,Normal,86.34,138.22,135.68,-64.55,Type_VI,R_Cheek+Forehead
82399.jpg,Normal,38.93,142.87,136.73,-75.89,Type_VI,R_Cheek+L_Cheek+Forehead
82406.jpg,Normal,92.8,137.6,138.74,-51.71,Type_VI,R_Cheek+L_Cheek+Forehead
82407.jpg,Normal,104.16,143.84,149.19,-23.36,Type_V,R_Cheek+Forehead
8241.jpg,Normal,139.72,137.9,131.13,56.83,Type_I,R_Cheek+L_Cheek+Forehead
82411.jpg,Normal,67.64,137.83,138.65,-65.59,Type_VI,R_Cheek+L_Cheek+Forehead
82420.jpg,Normal,153.31,133.72,130.1,78.27,Type_I,L_Cheek+Forehead
82422.jpg,Normal,45.93,140.21,141.83,-66.62,Type_VI,R_Cheek+L_Cheek+Forehead
82426.jpg,Normal,172.17,140.49,144.74,46.29,Type_II,L_Cheek+Forehead
82575.jpg,Normal,134.73,144.1,145.2,9.37,Type_V,L_Cheek+Forehead
82582.jpg,Normal,176.06,142.93,145.83,46.89,Type_II,R_Cheek+L_Cheek+Forehead
82588.jpg,Normal,103.71,142.6,142.13,-33.45,Type_VI,R_Cheek+L_Cheek+Forehead
82599.jpg,Normal,107.86,128.0,128.0,-89.99,Type_VI,L_Cheek+Forehead
826.jpg,Normal,112.46,143.62,152.61,-13.48,Type_V,L_Cheek+Forehead
82649.jpg,Normal,41.23,144.4,142.28,-67.12,Type_VI,R_Cheek+L_Cheek+Forehead
82724.jpg,Normal,148.75,138.86,144.58,26.68,Type_IV,R_Cheek+L_Cheek+Forehead
8273.jpg,Normal,145.78,147.2,143.82,24.38,Type_IV,R_Cheek+L_Cheek+Forehead
82732.jpg,Normal,160.25,143.55,145.4,36.44,Type_III,R_Cheek+L_Cheek+Forehead
82737.jpg,Normal,154.79,155.72,156.23,20.76,Type_IV,R_Cheek+L_Cheek+Forehead
82738.jpg,Normal,135.08,140.97,128.86,73.92,Type_I,R_Cheek+L_Cheek+Forehead
82867.jpg,Normal,106.58,138.64,139.41,-35.73,Type_VI,L_Cheek+Forehead
82871.jpg,Normal,132.94,151.41,154.12,4.67,Type_V,L_Cheek+Forehead
82872.jpg,Normal,180.04,144.07,145.17,50.19,Type_II,L_Cheek+Forehead
82873.jpg,Normal,54.76,139.69,136.93,-72.61,Type_VI,L_Cheek+Forehead
82876.jpg,Normal,54.1,136.09,133.4,-79.38,Type_VI,R_Cheek+L_Cheek+Forehead
83028.jpg,Normal,97.89,138.59,142.77,-38.18,Type_VI,R_Cheek+L_Cheek+Forehead
83029.jpg,Normal,102.19,138.96,143.18,-33.17,Type_VI,R_Cheek+L_Cheek+Forehead
8303.jpg,Normal,61.09,136.59,138.87,-67.35,Type_VI,R_Cheek+L_Cheek+Forehead
83040.jpg,Normal,128.74,143.26,142.0,1.99,Type_V,R_Cheek+L_Cheek+Forehead
83042.jpg,Normal,125.03,128.0,128.0,-89.94,Type_VI,R_Cheek+L_Cheek+Forehead
8305.jpg,Normal,171.64,143.31,145.61,44.51,Type_II,R_Cheek+L_Cheek+Forehead
83159.jpg,Normal,147.09,145.62,154.2,16.34,Type_IV,R_Cheek+L_Cheek+Forehead
83162.jpg,Normal,122.14,165.28,125.57,40.9,Type_III,L_Cheek+Forehead
83164.jpg,Normal,45.49,136.56,141.09,-67.86,Type_VI,R_Cheek+L_Cheek+Forehead
83179.jpg,Normal,61.57,141.24,147.35,-53.19,Type_VI,R_Cheek+L_Cheek+Forehead
83182.jpg,Normal,86.39,133.6,137.98,-58.25,Type_VI,R_Cheek+L_Cheek+Forehead
83185.jpg,Normal,91.87,137.4,151.64,-30.58,Type_VI,R_Cheek+L_Cheek+Forehead
83286.jpg,Normal,105.69,146.85,144.85,-26.92,Type_V,R_Cheek+L_Cheek+Forehead
83291.jpg,Normal,112.39,142.53,144.22,-20.07,Type_V,R_Cheek+L_Cheek+Forehead
83294.jpg,Normal,55.36,131.42,134.83,-76.42,Type_VI,R_Cheek+L_Cheek+Forehead
83299.jpg,Normal,189.18,143.56,149.13,48.86,Type_II,R_Cheek+Forehead
83302.jpg,Normal,85.75,141.7,139.46,-55.01,Type_VI,R_Cheek+L_Cheek+Forehead
83305.jpg,Normal,132.94,142.09,147.64,6.2,Type_V,R_Cheek+L_Cheek+Forehead
83307.jpg,Normal,100.33,149.06,151.41,-24.48,Type_V,R_Cheek+L_Cheek+Forehead
83312.jpg,Normal,139.45,137.14,152.87,10.67,Type_IV,R_Cheek+L_Cheek+Forehead
83315.jpg,Normal,117.49,155.94,150.99,-9.69,Type_V,R_Cheek+L_Cheek+Forehead
83424.jpg,Normal,131.62,142.38,146.29,5.05,Type_V,R_Cheek+L_Cheek+Forehead
83431.jpg,Normal,167.28,142.45,144.85,42.79,Type_II,R_Cheek+L_Cheek+Forehead
83432.jpg,Normal,142.0,144.79,143.91,19.67,Type_IV,R_Cheek+L_Cheek+Forehead
83434.jpg,Normal,97.36,131.57,137.79,-50.35,Type_VI,R_Cheek+L_Cheek+Forehead
8344.jpg,Normal,80.73,140.88,140.51,-55.7,Type_VI,R_Cheek+L_Cheek+Forehead
83493.jpg,Normal,143.62,129.64,152.95,14.21,Type_IV,R_Cheek+L_Cheek+Forehead
83494.jpg,Normal,106.25,156.73,142.57,-29.77,Type_V,R_Cheek+L_Cheek+Forehead
83496.jpg,Normal,83.26,152.82,152.1,-35.75,Type_VI,R_Cheek+L_Cheek+Forehead
83497.jpg,Normal,59.38,149.77,149.88,-50.68,Type_VI,R_Cheek+Forehead
83501.jpg,Normal,169.76,143.88,144.24,45.59,Type_II,R_Cheek+L_Cheek+Forehead
83507.jpg,Normal,115.89,150.26,153.86,-9.98,Type_V,L_Cheek+Forehead
83508.jpg,Normal,168.7,142.83,139.84,53.77,Type_II,R_Cheek+L_Cheek+Forehead
83611.jpg,Normal,73.48,145.32,141.64,-57.23,Type_VI,R_Cheek+L_Cheek+Forehead
83621.jpg,Normal,66.12,148.18,152.18,-44.87,Type_VI,L_Cheek+Forehead
83627.jpg,Normal,120.01,141.45,143.75,-10.57,Type_V,R_Cheek+Forehead
83630.jpg,Normal,104.69,144.66,145.64,-26.89,Type_V,R_Cheek+L_Cheek+Forehead
83635.jpg,Normal,139.41,149.22,158.95,8.58,Type_V,L_Cheek+Forehead
8371.jpg,Normal,116.88,137.12,144.6,-14.08,Type_V,R_Cheek+Forehead
83732.jpg,Normal,133.67,143.24,150.67,6.09,Type_V,R_Cheek+L_Cheek+Forehead
83794.jpg,Normal,155.44,142.4,116.37,-43.31,Type_VI,R_Cheek+L_Cheek+Forehead
83795.jpg,Normal,138.61,144.56,143.0,16.2,Type_IV,R_Cheek+L_Cheek+Forehead
83796.jpg,Normal,92.85,143.31,144.42,-39.6,Type_VI,R_Cheek+L_Cheek+Forehead
83799.jpg,Normal,96.86,149.91,150.11,-28.52,Type_V,R_Cheek+L_Cheek+Forehead
83804.jpg,Normal,165.29,155.43,162.61,23.18,Type_IV,R_Cheek+L_Cheek+Forehead
83810.jpg,Normal,116.39,142.7,150.01,-11.2,Type_V,R_Cheek+L_Cheek+Forehead
83812.jpg,Normal,151.12,147.08,138.76,40.71,Type_III,R_Cheek+L_Cheek+Forehead
83816.jpg,Normal,100.21,149.76,143.34,-34.9,Type_VI,R_Cheek+L_Cheek+Forehead
83895.jpg,Normal,84.25,139.88,136.19,-64.23,Type_VI,R_Cheek+L_Cheek+Forehead
83897.jpg,Normal,112.99,132.98,142.52,-21.4,Type_V,R_Cheek+Forehead
83898.jpg,Normal,57.8,146.97,126.68,87.24,Type_I,R_Cheek+L_Cheek+Forehead
8390.jpg,Normal,112.25,138.63,129.2,-78.69,Type_VI,L_Cheek+Forehead
83900.jpg,Normal,135.51,148.29,158.92,5.8,Type_V,R_Cheek+L_Cheek+Forehead
83901.jpg,Normal,195.7,143.51,153.81,46.02,Type_II,R_Cheek+L_Cheek+Forehead
83905.jpg,Normal,155.54,138.83,165.32,16.41,Type_IV,R_Cheek+L_Cheek+Forehead
83906.jpg,Normal,121.22,142.12,140.4,-11.24,Type_V,L_Cheek+Forehead
83908.jpg,Normal,97.19,141.94,147.35,-31.55,Type_VI,R_Cheek+L_Cheek+Forehead
8391.jpg,Normal,130.24,152.71,166.58,1.59,Type_V,R_Cheek+L_Cheek+Forehead
83911.jpg,Normal,119.8,138.66,143.75,-10.86,Type_V,R_Cheek+L_Cheek+Forehead
84042.jpg,Normal,151.29,146.12,146.92,26.25,Type_IV,R_Cheek+L_Cheek+Forehead
84066.jpg,Normal,100.89,134.55,135.35,-54.84,Type_VI,L_Cheek+Forehead
84070.jpg,Normal,113.58,142.96,146.65,-16.31,Type_V,R_Cheek+L_Cheek+Forehead
84072.jpg,Normal,95.11,153.69,124.66,75.28,Type_I,R_Cheek+L_Cheek+Forehead
84074.jpg,Normal,92.3,147.26,154.18,-27.8,Type_V,R_Cheek+L_Cheek+Forehead
84079.jpg,Normal,212.57,125.08,149.93,56.68,Type_I,R_Cheek+L_Cheek+Forehead
84080.jpg,Normal,108.53,152.52,145.84,-22.64,Type_V,R_Cheek+L_Cheek+Forehead
84081.jpg,Normal,49.59,140.93,145.59,-60.08,Type_VI,R_Cheek+L_Cheek+Forehead
84082.jpg,Normal,58.06,135.51,136.73,-72.22,Type_VI,R_Cheek+L_Cheek+Forehead
84083.jpg,Normal,183.78,136.38,138.94,63.63,Type_I,R_Cheek+L_Cheek+Forehead
84142.jpg,Normal,66.82,139.68,141.35,-60.72,Type_VI,R_Cheek+Forehead
84149.jpg,Normal,72.06,136.96,134.97,-72.23,Type_VI,R_Cheek+L_Cheek+Forehead
8415.jpg,Normal,141.28,146.31,137.35,30.03,Type_III,R_Cheek+L_Cheek+Forehead
84150.jpg,Normal,167.94,142.19,154.01,31.37,Type_III,R_Cheek+L_Cheek+Forehead
84155.jpg,Normal,87.76,139.71,145.28,-42.04,Type_VI,R_Cheek+L_Cheek+Forehead
84213.jpg,Normal,65.2,143.33,141.66,-60.79,Type_VI,R_Cheek+L_Cheek+Forehead
84216.jpg,Normal,110.99,147.94,155.05,-13.46,Type_V,R_Cheek+L_Cheek+Forehead
84219.jpg,Normal,101.68,152.86,159.34,-17.9,Type_V,R_Cheek+Forehead
84220.jpg,Normal,197.77,139.43,134.0,77.72,Type_I,R_Cheek+L_Cheek+Forehead
84227.jpg,Normal,73.2,143.49,143.47,-54.0,Type_VI,L_Cheek+Forehead
84228.jpg,Normal,100.84,138.33,138.96,-43.64,Type_VI,R_Cheek+L_Cheek+Forehead
84231.jpg,Normal,132.7,140.54,139.39,10.14,Type_IV,R_Cheek+L_Cheek+Forehead
84311.jpg,Normal,92.21,140.67,144.92,-39.27,Type_VI,R_Cheek+L_Cheek+Forehead
84313.jpg,Normal,91.24,142.52,145.25,-39.5,Type_VI,R_Cheek+Forehead
84324.jpg,Normal,180.86,128.0,128.0,90.0,Type_I,R_Cheek+L_Cheek+Forehead
84327.jpg,Normal,121.08,102.9,160.23,-4.46,Type_V,L_Cheek+Forehead
84328.jpg,Normal,154.45,139.79,134.85,57.04,Type_I,L_Cheek+Forehead
84419.jpg,Normal,111.87,139.81,145.75,-19.05,Type_V,R_Cheek+Forehead
84422.jpg,Normal,172.55,145.61,149.79,39.03,Type_III,R_Cheek+L_Cheek+Forehead
84427.jpg,Normal,174.09,144.03,147.01,43.86,Type_II,R_Cheek+L_Cheek+Forehead
84428.jpg,Normal,127.11,146.57,146.52,-0.47,Type_V,R_Cheek+L_Cheek+Forehead
84430.jpg,Normal,64.35,134.86,134.76,-74.74,Type_VI,R_Cheek+Forehead
84437.jpg,Normal,133.08,143.58,149.48,5.82,Type_V,R_Cheek+L_Cheek+Forehead
84582.jpg,Normal,106.59,142.77,143.48,-27.9,Type_V,R_Cheek+Forehead
84583.jpg,Normal,90.16,138.34,135.11,-64.11,Type_VI,R_Cheek+L_Cheek+Forehead
84585.jpg,Normal,60.74,140.61,139.08,-67.07,Type_VI,R_Cheek+Forehead
84591.jpg,Normal,40.26,134.24,130.15,-86.41,Type_VI,R_Cheek+L_Cheek+Forehead
84593.jpg,Normal,146.64,137.01,141.24,29.55,Type_III,R_Cheek+Forehead
84594.jpg,Normal,187.83,144.55,157.7,38.54,Type_III,R_Cheek+L_Cheek+Forehead
84595.jpg,Normal,89.34,135.62,134.52,-66.45,Type_VI,R_Cheek+L_Cheek+Forehead
84596.jpg,Normal,157.18,146.41,146.71,31.89,Type_III,R_Cheek+L_Cheek+Forehead
84606.jpg,Normal,104.46,140.26,152.63,-20.14,Type_V,R_Cheek+L_Cheek+Forehead
847.jpg,Normal,102.27,142.1,145.5,-29.48,Type_V,R_Cheek+L_Cheek+Forehead
8470.jpg,Normal,100.07,142.66,139.84,-42.25,Type_VI,L_Cheek+Forehead
84700.jpg,Normal,78.67,157.58,152.78,-37.69,Type_VI,R_Cheek+L_Cheek+Forehead
84704.jpg,Normal,87.23,171.09,138.39,-56.66,Type_VI,R_Cheek+L_Cheek+Forehead
84707.jpg,Normal,96.3,150.01,148.34,-31.03,Type_VI,R_Cheek+Forehead
84710.jpg,Normal,190.27,130.98,130.37,84.49,Type_I,L_Cheek+Forehead
84711.jpg,Normal,122.3,142.39,140.72,-9.11,Type_V,R_Cheek+L_Cheek+Forehead
84813.jpg,Normal,95.49,161.25,164.3,-19.07,Type_V,R_Cheek+L_Cheek+Forehead
84815.jpg,Normal,109.86,140.96,135.76,-41.7,Type_VI,L_Cheek+Forehead
84818.jpg,Normal,119.41,151.01,147.13,-9.42,Type_V,R_Cheek+L_Cheek+Forehead
84819.jpg,Normal,176.41,144.4,138.61,61.06,Type_I,R_Cheek+L_Cheek+Forehead
8482.jpg,Normal,119.46,145.1,147.87,-9.02,Type_V,R_Cheek+L_Cheek+Forehead
84820.jpg,Normal,84.86,131.74,145.42,-43.83,Type_VI,R_Cheek+L_Cheek+Forehead
84821.jpg,Normal,59.28,140.44,139.28,-67.14,Type_VI,R_Cheek+L_Cheek+Forehead
84826.jpg,Normal,171.61,153.62,156.91,30.9,Type_III,R_Cheek+L_Cheek+Forehead
84831.jpg,Normal,138.8,143.72,147.7,12.68,Type_IV,L_Cheek+Forehead
84833.jpg,Normal,103.22,158.01,160.93,-16.13,Type_V,R_Cheek+Forehead
84896.jpg,Normal,110.84,143.63,147.98,-18.1,Type_V,R_Cheek+L_Cheek+Forehead
84897.jpg,Normal,133.28,144.82,150.77,5.68,Type_V,R_Cheek+L_Cheek+Forehead
84901.jpg,Normal,122.73,135.18,132.34,-23.31,Type_V,L_Cheek+Forehead
84973.jpg,Normal,164.43,144.33,145.48,39.64,Type_III,R_Cheek+L_Cheek+Forehead
84987.jpg,Normal,130.75,142.69,138.08,7.2,Type_V,R_Cheek+L_Cheek+Forehead
84989.jpg,Normal,72.97,145.96,156.15,-37.22,Type_VI,R_Cheek+L_Cheek+Forehead
84990.jpg,Normal,146.76,139.46,140.26,31.63,Type_III,R_Cheek+Forehead
85062.jpg,Normal,89.16,139.7,149.5,-34.97,Type_VI,R_Cheek+L_Cheek+Forehead
85064.jpg,Normal,109.07,145.97,152.88,-16.2,Type_V,R_Cheek+L_Cheek+Forehead
85065.jpg,Normal,78.08,143.09,147.79,-44.4,Type_VI,R_Cheek+Forehead
8507.jpg,Normal,93.7,142.04,139.98,-47.89,Type_VI,R_Cheek+L_Cheek+Forehead
85070.jpg,Normal,128.05,138.41,129.51,8.14,Type_V,R_Cheek+L_Cheek+Forehead
85074.jpg,Normal,72.22,144.03,145.24,-51.5,Type_VI,R_Cheek+L_Cheek+Forehead
85075.jpg,Normal,97.73,159.47,122.12,63.28,Type_I,L_Cheek+Forehead
85076.jpg,Normal,104.79,140.52,151.17,-21.03,Type_V,R_Cheek+Forehead
85077.jpg,Normal,173.91,151.1,148.76,41.24,Type_II,R_Cheek+Forehead
85156.jpg,Normal,129.57,141.56,141.64,3.41,Type_V,R_Cheek+L_Cheek+Forehead
85163.jpg,Normal,113.34,144.23,138.61,-27.63,Type_V,R_Cheek+Forehead
85166.jpg,Normal,82.22,162.69,163.98,-26.27,Type_V,R_Cheek+Forehead
85178.jpg,Normal,156.63,146.57,128.97,85.15,Type_I,R_Cheek+L_Cheek+Forehead
85181.jpg,Normal,129.49,137.62,142.11,3.17,Type_V,R_Cheek+L_Cheek+Forehead
85184.jpg,Normal,79.42,136.93,138.39,-61.13,Type_VI,R_Cheek+L_Cheek+Forehead
85185.jpg,Normal,126.82,147.68,139.11,-1.37,Type_V,R_Cheek+L_Cheek+Forehead
85289.jpg,Normal,44.6,137.96,136.96,-74.59,Type_VI,L_Cheek+Forehead
8529.jpg,Normal,195.5,140.76,161.03,38.91,Type_III,L_Cheek+Forehead
85292.jpg,Normal,58.74,141.39,139.21,-67.43,Type_VI,R_Cheek+L_Cheek+Forehead
85295.jpg,Normal,116.21,137.7,146.6,-13.39,Type_V,R_Cheek+L_Cheek+Forehead
85297.jpg,Normal,122.12,138.35,139.8,-10.14,Type_V,R_Cheek+L_Cheek+Forehead
85298.jpg,Normal,86.77,130.75,144.83,-43.5,Type_VI,R_Cheek+L_Cheek+Forehead
8530.jpg,Normal,114.33,156.73,167.72,-7.41,Type_V,R_Cheek+L_Cheek+Forehead
85304.jpg,Normal,126.29,141.88,139.61,-2.34,Type_V,L_Cheek+Forehead
85307.jpg,Normal,141.37,157.82,171.21,7.18,Type_V,R_Cheek+Forehead
85309.jpg,Normal,97.44,144.87,137.81,-50.23,Type_VI,R_Cheek+L_Cheek+Forehead
85311.jpg,Normal,164.35,152.29,165.49,21.08,Type_IV,R_Cheek+L_Cheek+Forehead
85315.jpg,Normal,120.14,152.12,154.35,-6.25,Type_V,R_Cheek+L_Cheek+Forehead
85387.jpg,Normal,83.62,150.01,150.06,-37.96,Type_VI,R_Cheek+L_Cheek+Forehead
85390.jpg,Normal,81.07,137.44,136.29,-65.53,Type_VI,R_Cheek+L_Cheek+Forehead
85391.jpg,Normal,137.72,146.36,149.35,10.64,Type_IV,R_Cheek+L_Cheek+Forehead
85399.jpg,Normal,98.07,143.59,144.95,-34.24,Type_VI,R_Cheek+L_Cheek+Forehead
85400.jpg,Normal,79.32,140.75,125.55,82.62,Type_I,R_Cheek+L_Cheek+Forehead
85402.jpg,Normal,143.56,137.37,137.51,33.5,Type_III,R_Cheek+L_Cheek+Forehead
85403.jpg,Normal,175.84,137.84,139.11,59.63,Type_I,R_Cheek+L_Cheek+Forehead
85502.jpg,Normal,132.81,142.83,152.61,4.83,Type_V,R_Cheek+L_Cheek+Forehead
85503.jpg,Normal,87.14,134.71,135.21,-65.51,Type_VI,R_Cheek+L_Cheek+Forehead
85515.jpg,Normal,88.0,161.12,153.48,-31.3,Type_VI,R_Cheek+Forehead
85517.jpg,Normal,79.35,136.96,133.59,-73.5,Type_VI,R_Cheek+L_Cheek+Forehead
85518.jpg,Normal,86.59,164.94,135.1,-66.14,Type_VI,R_Cheek+L_Cheek+Forehead
85642.jpg,Normal,113.69,145.33,136.51,-32.49,Type_VI,R_Cheek+L_Cheek+Forehead
85644.jpg,Normal,47.84,142.96,147.18,-58.45,Type_VI,R_Cheek+L_Cheek+Forehead
85648.jpg,Normal,98.38,130.16,129.74,-81.36,Type_VI,L_Cheek+Forehead
85716.jpg,Normal,81.69,141.36,143.93,-48.44,Type_VI,R_Cheek+L_Cheek+Forehead
85743.jpg,Normal,35.34,154.85,131.2,-84.94,Type_VI,R_Cheek+L_Cheek+Forehead
85751.jpg,Normal,106.8,146.99,149.33,-20.84,Type_V,R_Cheek+L_Cheek+Forehead
85755.jpg,Normal,182.57,136.92,136.83,67.76,Type_I,R_Cheek+L_Cheek+Forehead
85756.jpg,Normal,162.38,128.0,128.0,90.0,Type_I,R_Cheek+L_Cheek+Forehead
85806.jpg,Normal,171.88,131.56,132.86,74.38,Type_I,L_Cheek+Forehead
85894.jpg,Normal,131.08,148.34,165.23,2.16,Type_V,R_Cheek+Forehead
85901.jpg,Normal,124.21,144.75,136.59,-8.55,Type_V,R_Cheek+L_Cheek+Forehead
85904.jpg,Normal,147.62,139.42,142.89,27.91,Type_IV,R_Cheek+L_Cheek+Forehead
85908.jpg,Normal,47.51,129.41,135.64,-76.31,Type_VI,L_Cheek+Forehead
85910.jpg,Normal,53.0,139.11,132.0,-82.2,Type_VI,R_Cheek+L_Cheek+Forehead
85911.jpg,Normal,141.38,143.2,137.29,30.39,Type_III,L_Cheek+Forehead
85923.jpg,Normal,121.93,140.62,140.85,-9.65,Type_V,R_Cheek+L_Cheek+Forehead
85973.jpg,Normal,104.31,135.6,135.43,-50.76,Type_VI,L_Cheek+Forehead
86002.jpg,Normal,146.09,148.35,132.83,56.45,Type_I,R_Cheek+L_Cheek+Forehead
86009.jpg,Normal,170.04,139.8,131.87,76.95,Type_I,R_Cheek+L_Cheek+Forehead
86014.jpg,Normal,92.79,143.07,145.0,-38.68,Type_VI,R_Cheek+L_Cheek+Forehead
86019.jpg,Normal,163.64,146.41,139.33,51.36,Type_II,R_Cheek+L_Cheek+Forehead
86020.jpg,Normal,106.88,140.58,134.13,-52.83,Type_VI,R_Cheek+L_Cheek+Forehead
86025.jpg,Normal,111.43,133.66,136.73,-35.81,Type_VI,R_Cheek+L_Cheek+Forehead
86026.jpg,Normal,83.3,144.94,154.25,-33.44,Type_VI,L_Cheek+Forehead
86028.jpg,Normal,191.75,139.5,146.21,54.14,Type_II,R_Cheek+Forehead
86091.jpg,Normal,162.65,128.0,128.0,90.0,Type_I,R_Cheek+L_Cheek+Forehead
8613.jpg,Normal,152.83,144.92,151.46,22.95,Type_IV,R_Cheek+L_Cheek+Forehead
86130.jpg,Normal,125.4,128.0,128.0,-89.93,Type_VI,R_Cheek+L_Cheek+Forehead
86131.jpg,Normal,188.57,143.03,143.4,57.26,Type_I,R_Cheek+L_Cheek+Forehead
86132.jpg,Normal,102.82,140.0,138.38,-42.99,Type_VI,R_Cheek+Forehead
86145.jpg,Normal,98.32,143.42,141.22,-40.88,Type_VI,R_Cheek+L_Cheek+Forehead
86149.jpg,Normal,63.54,138.08,134.06,-76.42,Type_VI,R_Cheek+L_Cheek+Forehead
86193.jpg,Normal,105.09,152.65,149.82,-21.93,Type_V,R_Cheek+L_Cheek+Forehead
86228.jpg,Normal,128.95,147.45,157.76,1.09,Type_V,R_Cheek+Forehead
86231.jpg,Normal,138.54,136.66,149.22,11.53,Type_IV,L_Cheek+Forehead
86236.jpg,Normal,51.98,135.61,139.38,-68.99,Type_VI,R_Cheek+L_Cheek+Forehead
86237.jpg,Normal,144.49,138.77,141.63,26.05,Type_IV,L_Cheek+Forehead
86238.jpg,Normal,114.14,142.55,155.46,-10.8,Type_V,R_Cheek+L_Cheek+Forehead
8633.jpg,Normal,90.5,147.88,143.81,-42.55,Type_VI,R_Cheek+L_Cheek+Forehead
86330.jpg,Normal,67.15,143.94,141.67,-59.98,Type_VI,R_Cheek+Forehead
86331.jpg,Normal,165.76,148.54,143.19,44.65,Type_II,R_Cheek+L_Cheek+Forehead
86332.jpg,Normal,120.96,141.8,152.25,-6.04,Type_V,R_Cheek+Forehead
86334.jpg,Normal,102.38,143.02,141.78,-35.56,Type_VI,R_Cheek+L_Cheek+Forehead
86417.jpg,Normal,55.35,134.38,142.28,-63.22,Type_VI,R_Cheek+L_Cheek+Forehead
86424.jpg,Normal,138.87,133.7,150.69,11.12,Type_IV,R_Cheek+Forehead
86425.jpg,Normal,148.64,158.42,163.53,13.14,Type_IV,R_Cheek+L_Cheek+Forehead
86505.jpg,Normal,93.11,154.3,156.18,-25.58,Type_V,R_Cheek+L_Cheek+Forehead
86507.jpg,Normal,82.25,137.23,136.88,-63.41,Type_VI,R_Cheek+L_Cheek+Forehead
86512.jpg,Normal,138.83,144.46,154.51,9.51,Type_V,R_Cheek+L_Cheek+Forehead
86513.jpg,Normal,107.84,141.42,137.0,-40.6,Type_VI,R_Cheek+L_Cheek+Forehead
86514.jpg,Normal,134.4,150.74,147.29,7.98,Type_V,L_Cheek+Forehead
86520.jpg,Normal,107.91,141.26,153.3,-16.89,Type_V,R_Cheek+Forehead
86655.jpg,Normal,166.42,136.03,141.18,49.19,Type_II,R_Cheek+L_Cheek+Forehead
86656.jpg,Normal,76.13,142.71,132.54,-77.29,Type_VI,R_Cheek+L_Cheek+Forehead
86663.jpg,Normal,123.73,140.9,145.38,-4.87,Type_V,R_Cheek+L_Cheek+Forehead
86665.jpg,Normal,181.62,128.58,128.53,88.56,Type_I,R_Cheek+L_Cheek+Forehead
86669.jpg,Normal,59.95,138.11,131.54,-82.39,Type_VI,R_Cheek+L_Cheek+Forehead
86670.jpg,Normal,133.69,147.0,141.18,10.43,Type_IV,R_Cheek+L_Cheek+Forehead
86671.jpg,Normal,110.89,140.87,142.38,-24.36,Type_V,L_Cheek+Forehead
86679.jpg,Normal,52.17,143.53,155.43,-47.12,Type_VI,R_Cheek+L_Cheek+Forehead
8779.jpg,Normal,108.31,144.71,138.41,-35.86,Type_VI,R_Cheek+Forehead
89.jpg,Normal,80.02,144.54,136.94,-64.37,Type_VI,R_Cheek+L_Cheek+Forehead
890.jpg,Normal,96.98,148.66,155.02,-23.89,Type_V,R_Cheek+L_Cheek+Forehead
8904.jpg,Normal,67.9,142.41,139.72,-63.37,Type_VI,R_Cheek+Forehead
8911.jpg,Normal,115.26,134.06,148.3,-13.3,Type_V,L_Cheek+Forehead
892.jpg,Normal,116.51,161.57,159.83,-7.71,Type_V,R_Cheek+L_Cheek+Forehead
8925.jpg,Normal,82.01,140.02,136.23,-65.23,Type_VI,R_Cheek+L_Cheek+Forehead
8970.jpg,Normal,166.89,143.48,145.68,41.15,Type_II,L_Cheek+Forehead
8975.jpg,Normal,170.52,144.06,143.48,47.47,Type_II,L_Cheek+Forehead
9060.jpg,Normal,110.48,144.31,153.27,-14.8,Type_V,R_Cheek+L_Cheek+Forehead
9065.jpg,Normal,176.07,130.83,154.17,36.05,Type_III,R_Cheek+Forehead
9190.jpg,Normal,159.07,148.09,142.44,40.61,Type_III,R_Cheek+L_Cheek+Forehead
9191.jpg,Normal,180.58,144.92,150.32,43.0,Type_II,R_Cheek+L_Cheek+Forehead
9198.jpg,Normal,95.52,144.94,144.63,-37.02,Type_VI,L_Cheek+Forehead
92.jpg,Normal,106.17,132.53,138.07,-39.71,Type_VI,R_Cheek+L_Cheek+Forehead
9208.jpg,Normal,163.79,142.24,143.71,42.17,Type_II,R_Cheek+L_Cheek+Forehead
9212.jpg,Normal,90.96,141.89,131.15,-77.61,Type_VI,L_Cheek+Forehead
9215.jpg,Normal,70.58,144.36,132.6,-78.35,Type_VI,R_Cheek+L_Cheek+Forehead
934.jpg,Normal,161.45,149.92,149.94,31.25,Type_III,R_Cheek+L_Cheek+Forehead
9342.jpg,Normal,111.47,145.56,155.29,-12.97,Type_V,R_Cheek+L_Cheek+Forehead
9346.jpg,Normal,113.01,146.21,144.98,-18.49,Type_V,R_Cheek+L_Cheek+Forehead
9347.jpg,Normal,177.53,142.42,133.25,75.01,Type_I,R_Cheek+L_Cheek+Forehead
9348.jpg,Normal,136.02,117.97,160.43,5.88,Type_V,R_Cheek+Forehead
9446.jpg,Normal,45.57,148.08,151.3,-54.05,Type_VI,R_Cheek+L_Cheek+Forehead
945.jpg,Normal,50.92,139.76,129.25,-87.61,Type_VI,R_Cheek+Forehead
9452.jpg,Normal,141.56,140.79,143.06,20.1,Type_IV,R_Cheek+L_Cheek+Forehead
9455.jpg,Normal,59.46,133.26,132.06,-81.35,Type_VI,R_Cheek+L_Cheek+Forehead
946.jpg,Normal,56.87,138.57,140.44,-65.81,Type_VI,R_Cheek+L_Cheek+Forehead
9631.jpg,Normal,86.29,149.21,150.92,-35.19,Type_VI,R_Cheek+L_Cheek+Forehead
9632.jpg,Normal,78.57,148.7,149.64,-41.56,Type_VI,L_Cheek+Forehead
9633.jpg,Normal,110.69,144.69,152.5,-15.06,Type_V,R_Cheek+L_Cheek+Forehead
9634.jpg,Normal,181.03,127.44,142.78,54.85,Type_II,L_Cheek+Forehead
9635.jpg,Normal,85.87,143.11,145.26,-43.41,Type_VI,R_Cheek+Forehead
9637.jpg,Normal,188.59,143.69,144.12,56.07,Type_I,R_Cheek+L_Cheek+Forehead
9638.jpg,Normal,104.22,143.14,141.45,-34.17,Type_VI,R_Cheek+L_Cheek+Forehead
9639.jpg,Normal,146.3,140.51,147.57,20.64,Type_IV,R_Cheek+L_Cheek+Forehead
965.jpg,Normal,107.06,137.76,136.19,-44.39,Type_VI,R_Cheek+L_Cheek+Forehead
9653.jpg,Normal,115.07,140.1,131.2,-56.71,Type_VI,R_Cheek+Forehead
9768.jpg,Normal,117.85,142.69,146.09,-11.81,Type_V,R_Cheek+L_Cheek+Forehead
9772.jpg,Normal,104.87,136.37,133.02,-60.53,Type_VI,R_Cheek+L_Cheek+Forehead
9773.jpg,Normal,141.14,139.91,141.55,21.54,Type_IV,R_Cheek+L_Cheek+Forehead
9777.jpg,Normal,80.99,150.71,154.19,-34.86,Type_VI,R_Cheek+L_Cheek+Forehead
978.jpg,Normal,71.18,137.85,137.35,-67.05,Type_VI,R_Cheek+Forehead
986.jpg,Normal,132.18,132.36,151.91,4.39,Type_V,R_Cheek+L_Cheek+Forehead
9860.jpg,Normal,96.07,156.4,154.85,-24.66,Type_V,R_Cheek+L_Cheek+Forehead
9861.jpg,Normal,132.81,142.8,152.12,4.94,Type_V,R_Cheek+L_Cheek+Forehead
9874.jpg,Normal,71.03,145.46,146.64,-49.91,Type_VI,R_Cheek+L_Cheek+Forehead
988.jpg,Normal,56.12,144.05,143.53,-60.98,Type_VI,R_Cheek+L_Cheek+Forehead
9884.jpg,Normal,108.11,139.34,131.62,-64.54,Type_VI,R_Cheek+Forehead
Face_normal.png,Normal,159.73,147.66,144.44,37.55,Type_III,R_Cheek+L_Cheek+Forehead
Normal.jpeg,Normal,104.09,152.71,167.07,-13.22,Type_V,R_Cheek+L_Cheek+Forehead
Normal.jpg,Normal,162.37,142.94,142.89,42.56,Type_II,R_Cheek+L_Cheek+Forehead
Normal2.png,Normal,155.92,137.26,132.75,66.9,Type_I,L_Cheek+Forehead
01F3MMWFKMEV4ZTBMDTVCRNY93_jpeg_jpg.rf.5674dd1a55c76eb70718ab76faadd155.jpg,Flushing,165.97,147.75,143.39,44.43,Type_II,R_Cheek+L_Cheek+Forehead
01F3MMX3DB7W0CEV30K2NZZR8Q_jpeg_jpg.rf.3e7b94c2b6fd4e446bf53e767bea6cf1.jpg,Flushing,148.72,134.8,148.58,22.01,Type_IV,R_Cheek+L_Cheek+Forehead
07PerioralDermNose.jpg,Flushing,99.57,138.58,134.32,-59.99,Type_VI,L_Cheek+Forehead
07PerioralSteroid1.jpg,Flushing,141.03,150.28,137.12,30.2,Type_III,R_Cheek+L_Cheek+Forehead
07PerlecheAccutane.jpg,Flushing,145.24,143.16,137.09,37.42,Type_III,R_Cheek+Forehead
07RosaceaFulFAce.jpg,Flushing,162.54,148.5,142.24,43.98,Type_II,R_Cheek+L_Cheek+Forehead
07RosaceaK02162.jpg,Flushing,118.0,148.26,136.98,-22.52,Type_V,R_Cheek+L_Cheek+Forehead
07RosaceaK02164.jpg,Flushing,115.32,147.81,136.57,-29.13,Type_V,R_Cheek+L_Cheek+Forehead
07RosaceaOK082806.jpg,Flushing,98.59,142.15,144.27,-34.87,Type_VI,R_Cheek+L_Cheek+Forehead
07RosaceaOK0828063.jpg,Flushing,97.6,142.71,143.85,-36.5,Type_VI,R_Cheek+L_Cheek+Forehead
07rosaceaTreated091806OK.jpg,Flushing,123.0,141.22,142.69,-6.85,Type_V,R_Cheek+L_Cheek+Forehead
100_jpg.rf.0a12f6288b072a21bea5f5f6a4936aaf.jpg,Flushing,171.82,146.76,143.88,47.58,Type_II,R_Cheek+L_Cheek+Forehead
101_jpg.rf.410b841ed82f2737fb5d2057056c063a.jpg,Flushing,172.56,143.98,143.93,47.97,Type_II,R_Cheek+Forehead
102_jpg.rf.b3958751e4465747582631651ca73a98.jpg,Flushing,143.15,147.92,142.03,23.62,Type_IV,R_Cheek+L_Cheek+Forehead
1030333538_1_jpg.rf.ffcb885e0e33afe7d65555b71ebddf15.jpg,Flushing,124.49,136.09,140.13,-5.57,Type_V,R_Cheek+L_Cheek+Forehead
103887554_1_jpg.rf.9d462c8b9c2cce77766c975e13cff794.jpg,Flushing,158.15,147.44,142.34,39.97,Type_III,R_Cheek+Forehead
104074861_1_jpg.rf.ed2280460637c8321f4f4c02ee18116d.jpg,Flushing,119.58,137.02,126.55,64.97,Type_I,R_Cheek+L_Cheek+Forehead
105_jpg.rf.0e6fc5279db9e4172779df063da23782.jpg,Flushing,143.34,139.94,134.06,45.69,Type_II,R_Cheek+Forehead
105_jpg.rf.8a54c3eadcbf4c942eee264630adf083.jpg,Flushing,138.93,147.01,156.96,8.8,Type_V,R_Cheek+L_Cheek+Forehead
107473045_1_jpg.rf.c5e934aaf91a8ac13d260814de0debe3.jpg,Flushing,128.48,150.76,151.75,0.92,Type_V,R_Cheek+L_Cheek+Forehead
109_jpg.rf.6092ff8a494a72e2d348d836a2b2edd4.jpg,Flushing,133.81,147.9,153.89,5.46,Type_V,R_Cheek+L_Cheek+Forehead
10_jpeg.rf.c244e5ed73df765be92368bae2e789ce.jpg,Flushing,135.19,135.73,135.14,22.88,Type_IV,R_Cheek+L_Cheek+Forehead
110_jpg.rf.5878786e0e5b04eacd9d757e5909c3af.jpg,Flushing,127.22,148.48,149.46,-0.29,Type_V,L_Cheek+Forehead
111_jpg.rf.10c3e3b25a4a7630cf1072d1a7244aaa.jpg,Flushing,141.53,148.05,150.85,13.54,Type_IV,R_Cheek+Forehead
1129801707_1_jpg.rf.350013671876f4c144d26316877d7621.jpg,Flushing,132.45,146.35,137.38,11.7,Type_IV,R_Cheek+L_Cheek+Forehead
113_jpg.rf.cd5c14593fcb81ab218c9817aecfb52c.jpg,Flushing,178.96,136.29,137.9,63.86,Type_I,L_Cheek+Forehead
115_jpg.rf.bd9ac049062c0e6773bcf90de2da5ecd.jpg,Flushing,171.94,130.88,121.3,-68.98,Type_VI,R_Cheek+L_Cheek+Forehead
116_jpg.rf.ad7ca4dacf727ca28bf333909db2e0d2.jpg,Flushing,168.79,140.02,133.08,72.57,Type_I,L_Cheek+Forehead
117_jpg.rf.2ff9f4686ae0f192b9c7c018ee782ec1.jpg,Flushing,181.35,131.17,124.52,-80.65,Type_VI,R_Cheek+Forehead
118_jpg.rf.7b8c72f23d47de52801fe838e2f4dd52.jpg,Flushing,159.81,136.87,139.59,47.55,Type_II,R_Cheek+L_Cheek+Forehead
11_jpeg.rf.d63b90634ff88f8124280b9be6d425b2.jpg,Flushing,143.93,138.82,139.06,30.22,Type_III,R_Cheek+Forehead
120801881_1_jpg.rf.74c29b3d092879a64c4221fba96d49b4.jpg,Flushing,111.08,145.16,155.2,-13.32,Type_V,R_Cheek+L_Cheek+Forehead
120_jpg.rf.993363380a8bc42892ab7044d8e3af4e.jpg,Flushing,190.94,134.33,133.05,78.53,Type_I,R_Cheek+L_Cheek+Forehead
121_jpg.rf.98805dbe1760d803971e13f2191c7b3c.jpg,Flushing,157.38,153.24,123.77,-70.17,Type_VI,R_Cheek+L_Cheek+Forehead
125_jpg.rf.53e7c3f2d2fb454ac5c93ac22b959c66.jpg,Flushing,153.69,139.83,143.46,33.59,Type_III,L_Cheek+Forehead
126_jpg.rf.2b4b6d7b8eac5174a95eeca6a264f913.jpg,Flushing,160.95,141.83,140.75,45.82,Type_II,R_Cheek+Forehead
127_jpg.rf.f3fdb68659962ced8adf8804dd5f8d87.jpg,Flushing,157.47,142.27,147.53,31.04,Type_III,R_Cheek+L_Cheek+Forehead
12_jpeg.rf.a3bbfcbe4de8797e51c64e25a69468cd.jpg,Flushing,162.93,140.03,142.56,43.67,Type_II,R_Cheek+L_Cheek+Forehead
131_jpg.rf.02e3c2990066f2f52b1afe912d41fcba.jpg,Flushing,148.73,142.33,135.14,49.39,Type_II,R_Cheek+L_Cheek+Forehead
132_jpg.rf.eec3bf4f89d1d6d0ee4c7960567124fc.jpg,Flushing,136.93,144.4,140.26,16.79,Type_IV,R_Cheek+Forehead
136_jpg.rf.5906e29d220923774398d55c33d85e0d.jpg,Flushing,130.27,139.42,141.17,4.72,Type_V,R_Cheek+L_Cheek+Forehead
13_jpeg.rf.f434951f9b90a47a2c68007248fb7fcb.jpg,Flushing,106.89,142.21,134.35,-51.85,Type_VI,R_Cheek+L_Cheek+Forehead
142661608_1_jpg.rf.3e054c1d050547a9ac23f55ff017dc30.jpg,Flushing,133.99,144.32,151.81,6.1,Type_V,R_Cheek+Forehead
143_jpg.rf.05e299d284370715fd1b213ea2795039.jpg,Flushing,130.51,141.48,145.46,3.87,Type_V,R_Cheek+Forehead
144_jpg.rf.1053a6986c1bc6103bfd19fb8dc8ce8c.jpg,Flushing,142.33,143.18,143.5,20.57,Type_IV,L_Cheek+Forehead
146_jpg.rf.f9a1a3b8cea8a1844181facfe1cc9821.jpg,Flushing,112.09,145.79,143.28,-21.58,Type_V,L_Cheek+Forehead
147_jpg.rf.5eec88618f8eed333a5f8db6e0291eae.jpg,Flushing,124.35,144.68,143.74,-4.49,Type_V,R_Cheek+L_Cheek+Forehead
148_jpg.rf.85af414f3670b542224f60052f9b7cc6.jpg,Flushing,144.53,142.12,143.3,23.57,Type_IV,R_Cheek+L_Cheek+Forehead
149_jpg.rf.032101663f687444958be36ce673a586.jpg,Flushing,133.81,140.85,140.93,10.83,Type_IV,R_Cheek+Forehead
14_jpeg.rf.77fe1ddf65b70321fc86a1d23b67ab64.jpg,Flushing,115.92,143.15,140.57,-19.87,Type_V,R_Cheek+L_Cheek+Forehead
151_jpg.rf.fb8b9d5764da32d232051d2b5f4c87b0.jpg,Flushing,139.7,145.61,147.42,13.83,Type_IV,R_Cheek+L_Cheek+Forehead
152_jpg.rf.85f644ddbd07ba61a3d34a5aab463abd.jpg,Flushing,127.06,142.55,146.65,-0.53,Type_V,R_Cheek+L_Cheek+Forehead
152_jpg.rf.977232bd98d02a5cff88d2e4d00afdf7.jpg,Flushing,157.1,143.95,146.88,31.58,Type_III,L_Cheek+Forehead
154_jpg.rf.dfad1f9bd5529d0d64312a8aaf3d33aa.jpg,Flushing,143.96,140.29,132.56,54.77,Type_II,R_Cheek+L_Cheek+Forehead
155_jpg.rf.2164f593a2ff9ed2effedf0a4bc0d54e.jpg,Flushing,152.24,138.98,133.39,60.94,Type_I,L_Cheek+Forehead
156_jpg.rf.844c522ee6ee31a0c881378ba4247a69.jpg,Flushing,113.98,141.09,134.32,-39.99,Type_VI,R_Cheek+Forehead
158_jpg.rf.6c7eba4631f05bab96bcf2f9369072c7.jpg,Flushing,146.98,138.63,134.66,48.9,Type_II,L_Cheek+Forehead
159_jpg.rf.1bbbfbc8645d921aa4636d4686e94a8e.jpg,Flushing,156.91,134.2,131.97,70.99,Type_I,R_Cheek+Forehead
15_jpeg.rf.fd49c11d295d262bf2824914dfaa0a71.jpg,Flushing,131.99,127.99,126.98,-59.8,Type_VI,R_Cheek+L_Cheek+Forehead
160_jpg.rf.57cc09d335a490958f937b703ed40cc8.jpg,Flushing,89.87,137.1,139.07,-53.13,Type_VI,R_Cheek+L_Cheek+Forehead
162_jpg.rf.ba03e5895223e074c0c120755175a59d.jpg,Flushing,151.4,140.74,143.95,30.44,Type_III,R_Cheek+L_Cheek+Forehead
164_jpg.rf.3dbfdbdc511df3113326be9227ae5899.jpg,Flushing,148.84,142.17,147.35,23.38,Type_IV,R_Cheek+Forehead
165_jpg.rf.2e1f5e9627a32b8f6a3169711d5c3fef.jpg,Flushing,159.04,139.99,137.49,52.49,Type_II,L_Cheek+Forehead
16_jpeg.rf.0f36d849d1b1fe6383cc32d926ac4c4b.jpg,Flushing,130.03,139.51,140.87,4.41,Type_V,R_Cheek+L_Cheek+Forehead
170_jpg.rf.9e220aebfdcf66ed6f4c6132a80bfe16.jpg,Flushing,100.64,138.88,135.83,-53.37,Type_VI,R_Cheek+Forehead
172_jpg.rf.7b71471c8cfa909a6dcaab021749aa76.jpg,Flushing,153.53,132.75,132.25,67.41,Type_I,R_Cheek+L_Cheek+Forehead
173_jpg.rf.a57186c123c7824cf88a55367e18131a.jpg,Flushing,145.08,131.24,130.71,68.57,Type_I,R_Cheek+Forehead
174_jpg.rf.b6529a29cd3df8fb913215040307ba1e.jpg,Flushing,150.36,142.09,148.34,23.78,Type_IV,R_Cheek+L_Cheek+Forehead
175_jpg.rf.405089ddb7e789b727c7c01ce8827ccf.jpg,Flushing,162.96,140.96,142.6,43.61,Type_II,R_Cheek+L_Cheek+Forehead
176_jpg.rf.6a98af9b57294f1fcb722fd20e250fb2.jpg,Flushing,164.41,139.07,142.81,44.34,Type_II,R_Cheek+Forehead
180_jpg.rf.4a7b80e17e5a8ee8e9022757d2d7e975.jpg,Flushing,145.2,133.14,131.73,61.73,Type_I,L_Cheek+Forehead
182_jpg.rf.d87a3e63b1003c0d5dd46e9f266e7060.jpg,Flushing,143.22,128.0,128.0,89.99,Type_I,R_Cheek+Forehead
185_jpg.rf.ead06bbaef0d30652e007d3adeb82b81.jpg,Flushing,162.29,138.69,136.96,56.72,Type_I,L_Cheek+Forehead
187_jpg.rf.3ea2f5a235ce3eb0a9ba9819fd9dc110.jpg,Flushing,134.65,142.91,146.13,8.8,Type_V,R_Cheek+L_Cheek+Forehead
18_jpeg.rf.60b949f559f013a2cb5e65f74d6837af.jpg,Flushing,172.09,142.95,151.83,36.27,Type_III,R_Cheek+L_Cheek
193_jpg.rf.52386d11468ed7a0c721efcb0c0b4ce0.jpg,Flushing,122.47,137.04,135.91,-14.02,Type_V,R_Cheek+L_Cheek+Forehead
195_jpg.rf.b2518fdb0aae2686e19c536644a56c2c.jpg,Flushing,151.47,135.7,137.21,45.58,Type_II,L_Cheek+Forehead
197_jpg.rf.5da4b276ddf9b2b82406673a79e0b2c1.jpg,Flushing,172.59,140.01,137.46,61.86,Type_I,L_Cheek+Forehead
198_jpg.rf.60470d10e45fb2b7d025d8ac4f28d235.jpg,Flushing,152.92,142.14,138.71,42.95,Type_II,R_Cheek+Forehead
1_jpeg.rf.fbf0f93d0790f0b43fb3f90a3c2013e5.jpg,Flushing,128.03,139.24,142.0,0.85,Type_V,R_Cheek+L_Cheek+Forehead
20200418_102430_703398_thuoc-tri-cham-sua-max-1800x1800_jpg.rf.a79c0bd5e2f55c0b8c2316ab505579d3.jpg,Flushing,154.53,141.4,139.05,43.82,Type_II,R_Cheek+L_Cheek+Forehead
202_jpg.rf.ef8291c053ba87ba1634614e323d48bb.jpg,Flushing,118.36,143.59,132.87,-36.33,Type_VI,R_Cheek+L_Cheek+Forehead
206273130_1_jpg.rf.c5c6039ba5847120458284a81a09d58f.jpg,Flushing,110.77,151.32,156.81,-12.83,Type_V,R_Cheek+L_Cheek+Forehead
206_jpg.rf.18caeea69a98c99da49e660a00752b2c.jpg,Flushing,90.48,142.03,145.9,-39.04,Type_VI,R_Cheek+Forehead
207_jpg.rf.2ee46ba50291c9f5ae44e082fe1aa0e5.jpg,Flushing,89.2,135.61,135.13,-64.61,Type_VI,L_Cheek+Forehead
2091682510_1_jpg.rf.01c7e7b653d91a3ab407f54b82cace8a.jpg,Flushing,117.57,144.42,157.19,-7.6,Type_V,R_Cheek+Forehead
20_jpeg.rf.b1988ae2a345a4941482855f4a37f943.jpg,Flushing,115.59,141.73,137.86,-25.35,Type_V,R_Cheek+Forehead
2106011059_1_jpg.rf.e911c3e4598bbd58aa7fc1d06efbe4d6.jpg,Flushing,114.54,138.64,156.46,-10.12,Type_V,L_Cheek+Forehead
2113106881_1_jpg.rf.89fc5a86c53e32b271a40a4349565355.jpg,Flushing,80.47,149.48,164.43,-26.85,Type_V,R_Cheek+L_Cheek+Forehead
211_jpg.rf.6a20d215a23d87e59ea74737688305a1.jpg,Flushing,171.4,139.97,148.95,39.42,Type_III,R_Cheek+L_Cheek+Forehead
212_jpg.rf.89ddde52afd2ebb27ae44b15777b41b6.jpg,Flushing,211.4,138.16,141.53,67.65,Type_I,R_Cheek+L_Cheek+Forehead
213_jpg.rf.bc5c760574f85db262613d5a08877f8a.jpg,Flushing,138.89,145.59,140.49,19.67,Type_IV,R_Cheek+Forehead
213_jpg.rf.d200d7e25aa06090369982eb200d2bbb.jpg,Flushing,166.89,144.25,147.13,38.92,Type_III,R_Cheek+L_Cheek+Forehead
215_jpg.rf.0c056f929fb4a38ed2646f6499eb8925.jpg,Flushing,104.55,143.65,142.49,-31.84,Type_VI,R_Cheek+Forehead
215_jpg.rf.d886d8455bab2d47b03d5e91f6ac6f99.jpg,Flushing,144.59,143.13,145.63,20.82,Type_IV,R_Cheek+L_Cheek+Forehead
216_jpg.rf.3fdb5eb87b442450293e043a71004ed6.jpg,Flushing,168.12,146.12,146.03,41.45,Type_II,L_Cheek+Forehead
2175042512_1_jpg.rf.06123babaeb60954de552b9f319aa374.jpg,Flushing,121.98,146.18,150.15,-5.58,Type_V,R_Cheek+Forehead
217_jpg.rf.1e40976092cbf55ab95a817635b41b07.jpg,Flushing,146.76,137.9,134.45,49.51,Type_II,R_Cheek+L_Cheek+Forehead
2196749951_1_jpg.rf.4311d190a3178dcd2342de3b346f610e.jpg,Flushing,153.62,145.9,142.71,34.85,Type_III,R_Cheek+Forehead
219_jpg.rf.c65a706b94a4b12193d19fb4ee5ad82b.jpg,Flushing,180.75,137.22,137.33,65.92,Type_I,R_Cheek+Forehead
2200730806_1_jpg.rf.4627037d0dae1c6d48dfc1265384e2bb.jpg,Flushing,152.64,137.95,132.34,66.23,Type_I,R_Cheek+L_Cheek+Forehead
220_jpg.rf.93a2ae681a469d5d7c2acd89dbd95818.jpg,Flushing,168.71,146.22,143.01,47.12,Type_II,R_Cheek+L_Cheek+Forehead
220_jpg.rf.cf48bb246f1a60fe3b0e9d3a37e4d577.jpg,Flushing,166.38,135.03,137.15,59.03,Type_I,R_Cheek+L_Cheek+Forehead
221_jpg.rf.57f77df4f4b7360037f49918f9f10c05.jpg,Flushing,149.2,135.11,136.47,45.14,Type_II,L_Cheek+Forehead
222_jpg.rf.6f74c9e2e564524d038577eb848c498e.jpg,Flushing,151.04,142.39,146.56,26.44,Type_IV,R_Cheek+L_Cheek+Forehead
222_jpg.rf.de63d4108c9e51b9e1f20acafa19ed89.jpg,Flushing,150.36,136.71,140.16,36.39,Type_III,R_Cheek+Forehead
223_jpg.rf.d5911724a9344a017ac73dcc20e3cc7c.jpg,Flushing,149.52,141.79,143.97,28.41,Type_III,R_Cheek+L_Cheek+Forehead
224_jpg.rf.dd0c2be5bcba0892dd5e2c6380a9c148.jpg,Flushing,157.93,141.08,141.87,40.71,Type_III,L_Cheek+Forehead
226_jpg.rf.98c300d89065823aad4679fb314068a1.jpg,Flushing,172.99,134.54,134.44,70.14,Type_I,R_Cheek+L_Cheek+Forehead
226_jpg.rf.9e1cc53ec1fea11e92e94b8568380d53.jpg,Flushing,188.12,140.23,142.08,59.36,Type_I,R_Cheek+Forehead
227_jpg.rf.a172cf8fa3f281b5df62127142281f09.jpg,Flushing,156.84,141.48,141.54,40.36,Type_III,R_Cheek+L_Cheek+Forehead
229_jpg.rf.010fa05a4819d475508f5633dc083978.jpg,Flushing,168.96,139.45,142.26,48.75,Type_II,R_Cheek+Forehead
231_jpg.rf.61eabca170f338888379ce528f6a457d.jpg,Flushing,146.98,144.7,145.54,23.53,Type_IV,L_Cheek+Forehead
232_jpg.rf.7c73aa3e6274af6c75270e0314f7ec89.jpg,Flushing,150.51,135.1,138.33,41.13,Type_II,R_Cheek+L_Cheek+Forehead
233_jpg.rf.69c9a8811fc7ed5b39c21bd10c34353f.jpg,Flushing,137.61,132.13,137.12,23.49,Type_IV,L_Cheek+Forehead
234_jpg.rf.7aea357d5059cacee6a3f336f20c4b42.jpg,Flushing,140.95,131.14,133.56,43.47,Type_II,R_Cheek+Forehead
2352254513_1_jpg.rf.f2ec2a1ac464feebd93f45a72647c5c3.jpg,Flushing,110.29,139.37,147.43,-19.15,Type_V,R_Cheek+L_Cheek+Forehead
235_jpg.rf.acd325111453865ad0fd1aeae086ed51.jpg,Flushing,140.39,150.22,141.61,20.37,Type_IV,R_Cheek+L_Cheek+Forehead
236817064_1_jpg.rf.ce9a929cb069fd4577d3efba58d76651.jpg,Flushing,111.18,153.32,145.05,-20.58,Type_V,R_Cheek+L_Cheek+Forehead
236_jpg.rf.390e0731f1b0b1615b57135ed00bff3b.jpg,Flushing,144.34,140.48,140.18,28.46,Type_III,R_Cheek+L_Cheek+Forehead
236_jpg.rf.6ca8a1e9c9d17edc92cca4845c2f6885.jpg,Flushing,136.26,145.55,140.01,15.96,Type_IV,L_Cheek+Forehead
238_jpg.rf.7b61cd98fe19713461b71a3b225a2cff.jpg,Flushing,134.37,142.87,142.18,10.75,Type_IV,R_Cheek+L_Cheek+Forehead
238_jpg.rf.b5d6d3cc7fd19c17fbf7612b656213ad.jpg,Flushing,164.07,142.3,147.47,36.37,Type_III,R_Cheek+L_Cheek+Forehead
2394089614_1_jpg.rf.3a1775c0304d3a4e515a0f064157e036.jpg,Flushing,92.12,147.92,155.92,-26.43,Type_V,R_Cheek+L_Cheek+Forehead
2397008230_1_jpg.rf.e6be6a8b6c2a6fd1fd32138043b8d219.jpg,Flushing,129.75,136.19,152.26,2.08,Type_V,R_Cheek+L_Cheek+Forehead
239_jpg.rf.f12d0c4e0338380f1f8fd8922a495e12.jpg,Flushing,123.86,140.41,140.47,-6.53,Type_V,L_Cheek+Forehead
2405801774_1_jpg.rf.89315bc62a9972f2e03e0a8e0705a85d.jpg,Flushing,133.99,149.21,146.87,7.68,Type_V,R_Cheek+Forehead
240_F_110479910_n9eh4gcWPH8kOGIWN8ZD1PvfQ9XhloHO_jpg.rf.15379d18f1a237ca13450cf564166027.jpg,Flushing,169.21,139.46,146.28,41.83,Type_II,R_Cheek+L_Cheek+Forehead
240_F_203088174_Y10HdNxqyBbEFTBctiIDfMBQNO8Ze3p2_jpg.rf.13ccb11859fa60f787206c4aa4dcae44.jpg,Flushing,121.43,141.4,144.39,-8.27,Type_V,R_Cheek+L_Cheek+Forehead
240_F_210297159_7tMSDq38NJGGGfjubjo57EoqK1L4Qw6O_jpg.rf.4b6b88aa5c14d3584419e2851b95a85a.jpg,Flushing,168.01,138.69,145.32,42.53,Type_II,R_Cheek+L_Cheek+Forehead
240_F_303787590_E77HGFUoZJhi2l5GEpegMU9jmUrfrHYv_jpg.rf.2d070f169e82ba012cced005f2de4bee.jpg,Flushing,160.75,142.86,143.8,39.53,Type_III,R_Cheek+L_Cheek+Forehead
240_jpg.rf.42bc4fee7cdca1c7b0af474cb6f9db74.jpg,Flushing,129.16,139.95,139.06,3.38,Type_V,R_Cheek+Forehead
241_jpg.rf.5af8caf9a4deaec5adb7f357511528d8.jpg,Flushing,169.55,151.3,148.51,38.8,Type_III,R_Cheek+Forehead
2423457666_1_jpg.rf.324ee5d637abddb342667e612976d72e.jpg,Flushing,176.95,144.32,142.88,52.5,Type_II,R_Cheek+L_Cheek+Forehead
2426631349_1_jpg.rf.e6bc30c345c20c98898b55adb83febda.jpg,Flushing,98.88,140.69,139.61,-44.03,Type_VI,R_Cheek+L_Cheek+Forehead
2437904540_1_jpg.rf.16014eb6d4f36d709700ea865406cf31.jpg,Flushing,147.78,147.86,152.96,17.68,Type_IV,R_Cheek+L_Cheek+Forehead
2450984791_1_jpg.rf.226f9ce803eb8ccb3c9087af21e69376.jpg,Flushing,156.24,138.63,140.98,40.97,Type_III,R_Cheek+L_Cheek+Forehead
2458204984_1_jpg.rf.509d4372b6dccb44ae7fb604d865ae00.jpg,Flushing,158.67,150.79,158.52,21.82,Type_IV,L_Cheek+Forehead
24604-eczema-on-face_jpg.rf.c9bea1c2d03bcb5a825c8d08601f9e4c.jpg,Flushing,165.44,140.57,136.5,60.26,Type_I,R_Cheek+L_Cheek+Forehead
246_jpg.rf.2020d2a27a304f47a5c5cd8b9a81c6fe.jpg,Flushing,138.0,144.67,151.93,9.76,Type_V,R_Cheek+L_Cheek+Forehead
249852286_2_jpg.rf.60b1df66c1f6ed8f04ca01127000715d.jpg,Flushing,105.36,138.95,135.81,-48.01,Type_VI,R_Cheek+L_Cheek+Forehead
2501339174_1_jpg.rf.824e13ef0bacb428004516162c3374cf.jpg,Flushing,114.47,152.11,167.46,-7.38,Type_V,R_Cheek+L_Cheek+Forehead
250_jpg.rf.3ca9d119140aaf55fdafff55de312024.jpg,Flushing,110.63,140.81,141.72,-25.74,Type_V,R_Cheek+L_Cheek+Forehead
251_jpeg.rf.3dc094949b51fef350bff1793c5d595c.jpg,Flushing,176.33,142.46,151.37,39.33,Type_III,R_Cheek+L_Cheek+Forehead
252_jpeg.rf.ff38e3574d721c1aff36732a793b5b2a.jpg,Flushing,164.96,153.85,144.77,41.21,Type_II,R_Cheek+L_Cheek+Forehead
2545119553_1_jpg.rf.dcf4cd55b8b8b38d675c9368f0616d0a.jpg,Flushing,109.19,148.11,146.52,-21.2,Type_V,R_Cheek+L_Cheek+Forehead
254_jpeg.rf.b5f8c0239284e0b35dd577c436d2f85f.jpg,Flushing,114.33,134.74,135.58,-34.25,Type_VI,R_Cheek+L_Cheek+Forehead
2569659822_1_jpg.rf.7928ee8d7a4e0c1196391d55ea411ad9.jpg,Flushing,134.29,138.3,148.38,7.45,Type_V,R_Cheek+Forehead
256_jpg.rf.641dd0fa41654315bc99508abae776bc.jpg,Flushing,153.75,143.29,145.79,30.05,Type_III,R_Cheek+L_Cheek+Forehead
257_jpg.rf.fc3699c5731fcb5754db9c33a115b8d9.jpg,Flushing,129.55,140.7,142.24,3.23,Type_V,R_Cheek+L_Cheek+Forehead
258_jpg.rf.8e733f6d5ed9350cc6d569f4fda2e672.jpg,Flushing,132.48,141.28,142.38,7.73,Type_V,L_Cheek+Forehead
259_jpg.rf.6a0000f66d9de7b52cedbff3107a4f19.jpg,Flushing,149.91,142.86,148.14,23.58,Type_IV,R_Cheek+L_Cheek+Forehead
25_jpeg.rf.80774aea7dc6be2dd58e27728a8a8864.jpg,Flushing,153.02,128.0,128.0,89.99,Type_I,R_Cheek+L_Cheek+Forehead
25_jpg.rf.9fe72667e1db262dbae959648b9d6839.jpg,Flushing,159.31,140.34,136.91,54.45,Type_II,R_Cheek+L_Cheek+Forehead
2609766139_1_jpg.rf.49376215a3682747fadd670279b1196e.jpg,Flushing,128.84,155.73,166.23,0.79,Type_V,R_Cheek+L_Cheek+Forehead
260_jpg.rf.6ae768ad215c660e5f3ac7603bc1d896.jpg,Flushing,135.78,139.58,144.04,11.44,Type_IV,L_Cheek+Forehead
261_jpg.rf.4813520ebc86e4aa755959182d6a2469.jpg,Flushing,116.38,141.71,143.16,-16.04,Type_V,R_Cheek+L_Cheek+Forehead
262545392_1_jpg.rf.29b8fec0787258cedf8cfdd89bbcccf4.jpg,Flushing,96.33,137.15,136.27,-55.91,Type_VI,R_Cheek+L_Cheek+Forehead
262_jpeg.rf.1f1d0b890f24846995e7dc90187af1d6.jpg,Flushing,177.74,138.93,140.53,57.54,Type_I,R_Cheek+Forehead
262_jpg.rf.540b2ea57bd08b2180769e8f7f7cca40.jpg,Flushing,149.81,139.73,126.24,-78.63,Type_VI,R_Cheek+L_Cheek+Forehead
263_jpeg.rf.015953c7e957aaaf6b5207e8dfbbce79.jpg,Flushing,121.43,128.0,128.02,-89.52,Type_VI,R_Cheek+L_Cheek+Forehead
263_jpg.rf.9ed36ba831264e9321f6473c3601e764.jpg,Flushing,166.22,139.24,122.52,-70.15,Type_VI,R_Cheek+L_Cheek+Forehead
265_jpeg.rf.1a1b5742817923bc2de62143b0ac5b71.jpg,Flushing,57.69,135.2,132.05,-81.58,Type_VI,R_Cheek+L_Cheek+Forehead
265_jpg.rf.85c8c9108900e9659c9ca99a58c83c0c.jpg,Flushing,144.04,147.76,153.05,14.51,Type_IV,R_Cheek+L_Cheek+Forehead
2665784919_1_jpg.rf.f96f053e28eb05c2511c3ebd8c844d9b.jpg,Flushing,130.11,145.38,147.16,3.06,Type_V,R_Cheek+L_Cheek+Forehead
2665879761_1_jpg.rf.cbfe72fdd8d31c57b14ad3362c06476b.jpg,Flushing,131.4,147.4,148.78,4.21,Type_V,L_Cheek+Forehead
2666396914_1_jpg.rf.a4f5fb0aa9ab7615f0294cbb06a178f9.jpg,Flushing,110.07,145.87,145.21,-21.66,Type_V,L_Cheek+Forehead
266_jpeg.rf.941a7215de8f57190aca0c0e07d3a82a.jpg,Flushing,88.11,139.54,141.75,-48.33,Type_VI,R_Cheek+L_Cheek+Forehead
266_jpg.rf.a9b61c87df3559ae3e65cf1cc37d8547.jpg,Flushing,156.47,145.43,153.72,23.83,Type_IV,L_Cheek+Forehead
2677149532_1_jpg.rf.59977e13a9483bea840059c7917568e8.jpg,Flushing,141.49,136.15,137.69,29.52,Type_III,R_Cheek+L_Cheek+Forehead
267_jpeg.rf.d79767091eb963362df139ecf5e9499e.jpg,Flushing,109.82,128.0,128.0,-89.99,Type_VI,L_Cheek+Forehead
2688545621_1_jpg.rf.b871d4b48e4b4c4f3a0e42a1076a0343.jpg,Flushing,171.22,144.19,141.6,51.57,Type_II,R_Cheek+Forehead
268_jpg.rf.a253aad44b530df03e17ad65209f47b4.jpg,Flushing,137.39,139.16,135.83,26.34,Type_IV,R_Cheek+L_Cheek+Forehead
2692234417_1_jpg.rf.d0a50798ffb5524ff33a3a2bec914cc6.jpg,Flushing,158.09,143.58,148.84,29.93,Type_III,R_Cheek+L_Cheek+Forehead
2692799934_1_jpg.rf.ed28c556d14a5b1a7fa263326291ce32.jpg,Flushing,168.78,139.51,140.81,51.65,Type_II,R_Cheek+L_Cheek+Forehead
2699422785_1_jpg.rf.6657a34ca84cac38993d7fe39ca2e35e.jpg,Flushing,86.23,138.49,136.97,-60.99,Type_VI,R_Cheek+L_Cheek+Forehead
269_jpg.rf.7ceddc4b4c71a7a1d30fdda15eeb8fd9.jpg,Flushing,108.96,142.52,150.68,-17.77,Type_V,R_Cheek+L_Cheek+Forehead
26_jpg.rf.f9dff0b25f7cb30c8271d99c2aa99f6d.jpg,Flushing,133.06,135.59,132.72,24.78,Type_IV,R_Cheek+L_Cheek+Forehead
2706940948_1_jpg.rf.6336c2e408f78152934c0c4cb7156cdf.jpg,Flushing,60.35,147.09,144.9,-57.32,Type_VI,R_Cheek+L_Cheek+Forehead
2707644515_1_jpg.rf.a5bcaa044b3446a52036955e8f73933b.jpg,Flushing,98.33,143.2,148.97,-28.61,Type_V,R_Cheek+L_Cheek+Forehead
2708460596_1_jpg.rf.39e8b0369f17d4faa7adee292c6354b6.jpg,Flushing,94.51,148.95,155.35,-25.31,Type_V,R_Cheek+L_Cheek+Forehead
270_jpg.rf.5f6bfabb1f0711dc67b6ecd7977a963c.jpg,Flushing,140.17,139.86,137.17,28.46,Type_III,L_Cheek+Forehead
2719463843_1_jpg.rf.35eae27cdc29dcdb6d47c2f5a08dc121.jpg,Flushing,133.29,155.1,165.96,3.43,Type_V,R_Cheek+L_Cheek+Forehead
2719469801_1_jpg.rf.25a2849c55156e128f725c5815ac1a43.jpg,Flushing,145.49,149.14,153.16,15.67,Type_IV,R_Cheek+L_Cheek+Forehead
2719473671_1_jpg.rf.ca3675df4273af3bbbe0feb030975823.jpg,Flushing,119.14,157.78,155.85,-6.71,Type_V,R_Cheek+L_Cheek+Forehead
271_jpg.rf.b670d7299908b46f4974a5b1bb2b51cb.jpg,Flushing,172.5,142.8,145.39,45.41,Type_II,R_Cheek+L_Cheek+Forehead
271_jpg.rf.e799fba8c08f42912ff9b5ef932e6d1c.jpg,Flushing,111.44,128.0,128.0,-89.99,Type_VI,R_Cheek+L_Cheek+Forehead
2720293102_1_jpg.rf.5e4b510617e3c796333ae0d1a971d61c.jpg,Flushing,121.59,155.85,154.62,-4.98,Type_V,R_Cheek+L_Cheek+Forehead
2720295826_1_jpg.rf.551be849641c69af1206509f9dae8eab.jpg,Flushing,160.21,156.07,160.15,21.75,Type_IV,R_Cheek+Forehead
2720297592_1_jpg.rf.84a56d6f17f22761ba08a448887fb138.jpg,Flushing,164.59,148.89,151.1,32.2,Type_III,R_Cheek+Forehead
272_jpg.rf.68e05909448db9f18724f55551a5ff60.jpg,Flushing,177.35,140.27,145.05,48.9,Type_II,R_Cheek+Forehead
272_jpg.rf.e4d4f3679807dc2b43dcb05870ce95ba.jpg,Flushing,105.68,140.85,144.25,-27.77,Type_V,R_Cheek+L_Cheek+Forehead
2738625961_1_jpg.rf.b001d6d209fc83e9a99084afee062693.jpg,Flushing,106.57,142.36,149.18,-21.18,Type_V,R_Cheek+L_Cheek+Forehead
273_jpg.rf.525ffba59c2b6dd07139a87ba80bfd0b.jpg,Flushing,165.9,142.19,142.88,45.34,Type_II,R_Cheek+L_Cheek+Forehead
273_jpg.rf.9bcedb16c2dbda16e9bb8ec06ffefb8e.jpg,Flushing,189.08,143.65,148.41,49.8,Type_II,L_Cheek
274_jpg.rf.a204abd0daa4c40a9c2d84566bd8f0ea.jpg,Flushing,142.33,149.36,133.59,46.12,Type_II,R_Cheek+L_Cheek+Forehead
275_jpg.rf.85c80f84e3c7ac7a21ce8d628c4d9966.jpg,Flushing,130.95,150.2,132.98,15.2,Type_IV,R_Cheek+Forehead
276_jpg.rf.8a81b4af6d616276ee5e6a348b423b60.jpg,Flushing,129.87,150.01,137.13,5.81,Type_V,L_Cheek+Forehead
278_jpg.rf.8af24d552f6af798f1aeb9d1ec668dff.jpg,Flushing,157.66,141.89,148.92,29.49,Type_III,L_Cheek+Forehead
27_jpeg.rf.cfc04d8c037c15673a7ca1c186d53909.jpg,Flushing,114.49,128.0,128.01,-89.86,Type_VI,R_Cheek+L_Cheek+Forehead
2806176632_1_jpg.rf.d9b152e6e223f1e2c4f0ad128c9f83e5.jpg,Flushing,134.06,149.67,152.85,5.91,Type_V,R_Cheek+L_Cheek+Forehead
280_jpg.rf.71d2e9ca65ec3c22b6ce8116d5d22a22.jpg,Flushing,156.17,142.42,139.87,43.44,Type_II,R_Cheek+L_Cheek+Forehead
281_jpg.rf.837ed9cfc9f9496d3cd2000283aec10c.jpg,Flushing,144.5,142.94,139.79,29.5,Type_III,L_Cheek+Forehead
2828057266_1_jpg.rf.e164e5371d7b5e54c47170d6a8165718.jpg,Flushing,154.22,152.28,151.79,23.77,Type_IV,R_Cheek+L_Cheek+Forehead
2837076619_1_jpg.rf.51d5e45f1b5eff1265afdad3bb47ccdf.jpg,Flushing,116.92,143.52,158.54,-7.74,Type_V,R_Cheek+L_Cheek+Forehead
283_jpg.rf.653b0f62b0484daf7e97b3ac56c98264.jpg,Flushing,132.74,137.83,137.53,12.17,Type_IV,R_Cheek+L_Cheek+Forehead
284_jpg.rf.c1fec2bac1eaa1f9e697092d8b59b929.jpg,Flushing,156.23,136.65,135.73,55.55,Type_I,L_Cheek+Forehead
2861547_16_articlelarge_iStock-1327412897_1__jpg.rf.7ae5d8d63b9f8dcef32feccf68275d7c.jpg,Flushing,193.42,145.85,142.52,60.68,Type_I,R_Cheek+L_Cheek+Forehead
286_jpg.rf.b61a8217b6e2ec0d18e486be8c06a0b4.jpg,Flushing,163.25,138.37,140.0,49.44,Type_II,R_Cheek+L_Cheek+Forehead
287_jpg.rf.a13eba621fb6833561d238095977dbbb.jpg,Flushing,151.75,138.18,140.63,36.98,Type_III,L_Cheek+Forehead
288_jpg.rf.e34f9bd8789d4c119a977eeaa92f97a1.jpg,Flushing,162.11,138.64,139.32,50.17,Type_II,R_Cheek+Forehead
289_jpg.rf.d0f53a69f5c866b6bd4dbde613e59086.jpg,Flushing,111.85,136.66,131.64,-59.34,Type_VI,R_Cheek+L_Cheek+Forehead
28_jpeg.rf.2e98851a3f7e6010362a7863112e56dd.jpg,Flushing,90.38,127.85,126.89,85.63,Type_I,R_Cheek+Forehead
290_jpg.rf.7257e48c91faf7704c47eab328198ad2.jpg,Flushing,150.78,133.3,129.75,79.12,Type_I,L_Cheek+Forehead
291_jpg.rf.68773e3a6128059d6d78c349ebbb33ec.jpg,Flushing,139.58,136.1,134.58,35.73,Type_III,R_Cheek+Forehead
292_jpg.rf.6f799a203f72c14390a342eee0b9e2b4.jpg,Flushing,175.36,142.18,145.28,47.37,Type_II,R_Cheek+L_Cheek+Forehead
2936372160_1_jpg.rf.87134264d6694d74cfd4d1288a49f577.jpg,Flushing,178.76,139.92,151.55,40.48,Type_III,R_Cheek+L_Cheek+Forehead
2937757570_1_jpg.rf.3cd9503475e01fe8192407f48c2c2a21.jpg,Flushing,135.95,140.53,143.01,12.45,Type_IV,L_Cheek+Forehead
293_jpg.rf.03fbd658275f645b69307f7f7a034f4b.jpg,Flushing,178.65,142.37,147.93,45.19,Type_II,R_Cheek+Forehead
2947222498_1_jpg.rf.7ac067816e4f20ac69953f99ca9dd785.jpg,Flushing,129.79,157.58,162.73,1.48,Type_V,R_Cheek+L_Cheek+Forehead
294_jpg.rf.4db722a046aa3de5b2bdc5b4ec643d68.jpg,Flushing,186.55,141.96,145.91,52.28,Type_II,L_Cheek+Forehead
295_jpg.rf.f9a6baf8a378238f3f1a9d5fcec70811.jpg,Flushing,145.18,140.3,141.91,26.49,Type_IV,R_Cheek+L_Cheek+Forehead
296_jpg.rf.6d8318ec2b7776f7c339727d0457f7bf.jpg,Flushing,144.67,139.77,143.94,22.9,Type_IV,L_Cheek+Forehead
2973A28100000578-0-image-m-194_1433782669849_jpg.rf.dc179822fa269af29556ad0a61d151ab.jpg,Flushing,129.73,166.47,139.63,4.31,Type_V,R_Cheek+L_Cheek+Forehead
297_jpg.rf.ade738685f56ba6aca0bf4997656e005.jpg,Flushing,148.52,139.79,141.52,31.37,Type_III,R_Cheek+Forehead
298_jpg.rf.c73101567a7803407b8c1e1db582dd11.jpg,Flushing,169.86,144.87,144.49,45.21,Type_II,R_Cheek+L_Cheek+Forehead
29_jpeg.rf.58441172e56db2257feb8378a07808c1.jpg,Flushing,108.97,128.0,128.0,-89.99,Type_VI,R_Cheek+L_Cheek+Forehead
2_jpg.rf.15dfeb912adaed6e5d5e89b31f677598.jpg,Flushing,136.47,149.48,152.17,8.28,Type_V,R_Cheek+L_Cheek+Forehead
2_jpg.rf.4e08033f842f89f8105e5fce739fee78.jpg,Flushing,165.82,137.53,136.43,60.7,Type_I,R_Cheek+Forehead
300_jpg.rf.45ee8e21262317ae3c9a15608d95ca29.jpg,Flushing,169.02,145.72,143.6,46.23,Type_II,L_Cheek+Forehead
301_jpg.rf.2176a2df269f438fcf744476cc8ed98c.jpg,Flushing,149.37,143.14,146.42,24.97,Type_IV,R_Cheek+L_Cheek+Forehead
301_jpg.rf.e6a60dc250bccd8643e4d6d87f90e890.jpg,Flushing,137.7,148.77,152.42,9.31,Type_V,R_Cheek+L_Cheek+Forehead
302_jpg.rf.8c3ee47da660561943a473209e7d73d3.jpg,Flushing,125.65,138.45,142.14,-2.94,Type_V,R_Cheek+L_Cheek+Forehead
302_jpg.rf.c09d9887ce302b57ca20ce949b758181.jpg,Flushing,172.16,140.47,147.33,42.18,Type_II,R_Cheek+Forehead
303_jpg.rf.8636a655d73a8ab646d3f6431e714730.jpg,Flushing,128.44,149.28,153.22,0.83,Type_V,R_Cheek+L_Cheek+Forehead
305_jpg.rf.fed8393a8aba20c036754d3cc28f98f5.jpg,Flushing,149.28,145.53,142.01,31.38,Type_III,R_Cheek+L_Cheek+Forehead
306_jpg.rf.81dccae0f989899fa4f1977dcccb26d3.jpg,Flushing,112.92,144.94,143.27,-20.52,Type_V,R_Cheek+L_Cheek+Forehead
307_jpg.rf.44b9c9bc793285cf2202295acf5cc80d.jpg,Flushing,143.44,138.86,146.5,18.67,Type_IV,R_Cheek+L_Cheek+Forehead
308_jpg.rf.dbc85ec4f61d54ba638a535ce77653fe.jpg,Flushing,136.1,139.24,145.26,11.06,Type_IV,R_Cheek+Forehead
309_jpg.rf.480b728207cd1add87858b1f45c681c4.jpg,Flushing,147.16,138.44,144.3,25.32,Type_IV,L_Cheek+Forehead
309_jpg.rf.f0980cd85864ff35130ce960fcf036df.jpg,Flushing,106.52,141.25,134.43,-51.97,Type_VI,R_Cheek+L_Cheek+Forehead
30_jpeg.rf.bd4c93bc44a4230ab2e9611a4caf5ac9.jpg,Flushing,111.65,145.7,141.14,-25.31,Type_V,R_Cheek+L_Cheek+Forehead
310_jpg.rf.775562f0c1aaf56c35ce89ede0869dde.jpg,Flushing,164.97,144.05,137.61,56.8,Type_I,R_Cheek+L_Cheek+Forehead
310_jpg.rf.91efdd1ff27e083883c1c48f38885fc5.jpg,Flushing,114.95,142.48,140.82,-21.0,Type_V,R_Cheek+L_Cheek+Forehead
311_jpg.rf.8056fe5a47524edf42f53fe739446028.jpg,Flushing,130.94,127.99,126.97,-52.76,Type_VI,R_Cheek+L_Cheek+Forehead
312_jpg.rf.4fce32b59b6ee00d1c1fde7bf9bdf585.jpg,Flushing,124.48,139.5,138.0,-6.76,Type_V,R_Cheek+L_Cheek+Forehead
312_jpg.rf.f66306f69b1b5d600e6d3f97714f32f5.jpg,Flushing,130.32,138.79,141.28,4.76,Type_V,R_Cheek+L_Cheek+Forehead
313_jpg.rf.395460083efee29c3761c98acf0bc3b2.jpg,Flushing,136.62,130.79,133.07,35.22,Type_III,R_Cheek+L_Cheek+Forehead
314_jpg.rf.44326c2fb82f72800d5d8d93d18210db.jpg,Flushing,152.23,134.02,133.44,60.7,Type_I,R_Cheek+L_Cheek+Forehead
314_jpg.rf.94ed7b293fc25f50c5cc78d1ec04a4fc.jpg,Flushing,141.55,129.25,130.93,61.97,Type_I,L_Cheek+Forehead
315_jpg.rf.13746ed3b45204db7741c558a2cbc507.jpg,Flushing,137.39,139.27,140.15,17.72,Type_IV,R_Cheek+L_Cheek+Forehead
315_jpg.rf.513f166e47387bc5cf61658c82df5575.jpg,Flushing,129.7,129.77,131.62,13.44,Type_IV,R_Cheek+Forehead
316_jpg.rf.024665bf5ac61ac0e61cb6b1da372b27.jpg,Flushing,116.45,135.62,135.34,-30.55,Type_VI,R_Cheek+L_Cheek+Forehead
316_jpg.rf.3320d35bb356e61dc63ea443fe76e931.jpg,Flushing,154.46,128.0,128.0,89.99,Type_I,R_Cheek+L_Cheek+Forehead
317_jpg.rf.29fbbfc44733c98c46efc6c31b6d73ea.jpg,Flushing,114.35,128.0,128.01,-89.86,Type_VI,R_Cheek+L_Cheek+Forehead
319_jpg.rf.15450b026f4535e9be5d0ffc09338f69.jpg,Flushing,159.7,139.09,140.0,46.47,Type_II,R_Cheek+L_Cheek+Forehead
31_jpeg.rf.9269ac97ad87abdf37a06aa852bee73c.jpg,Flushing,137.91,127.99,126.97,-75.78,Type_VI,R_Cheek+L_Cheek+Forehead
321_jpg.rf.fd35d11d6aa5a19886532aa957c19496.jpg,Flushing,136.78,127.99,126.97,-74.14,Type_VI,R_Cheek+L_Cheek+Forehead
322_jpg.rf.3c744433896b0b950bfef92612e432f0.jpg,Flushing,111.45,142.3,141.3,-25.33,Type_V,R_Cheek+L_Cheek+Forehead
322_jpg.rf.a6d4574249b894a4dac0da8b33b88a33.jpg,Flushing,79.33,143.51,142.76,-51.99,Type_VI,L_Cheek+Forehead
323_jpg.rf.62c3acc5215cadd78d7fe990e16662cc.jpg,Flushing,124.24,139.54,135.81,-9.3,Type_V,L_Cheek+Forehead
323_jpg.rf.793f51352549b14c4928ef50cd33bd96.jpg,Flushing,72.62,130.08,135.99,-69.63,Type_VI,R_Cheek+Forehead
324_jpg.rf.8342b62db88776db3e90cd3204b6f1af.jpg,Flushing,128.33,141.46,139.38,1.64,Type_V,R_Cheek+Forehead
325_jpg.rf.3a9a7c1acad34e64a9ef89436b528d77.jpg,Flushing,128.22,152.81,139.78,1.37,Type_V,R_Cheek+L_Cheek+Forehead
326_jpg.rf.07bbfcca492fddc526340b496cdcdd37.jpg,Flushing,126.19,152.85,139.08,-2.65,Type_V,R_Cheek+Forehead
327_jpg.rf.8f86d999291519ecc865c507787aed3e.jpg,Flushing,108.37,128.0,128.0,-89.99,Type_VI,R_Cheek+Forehead
327_jpg.rf.a4af2152c422c3b20f8f14a5a68e1049.jpg,Flushing,126.96,147.63,133.55,-2.17,Type_V,L_Cheek+Forehead
328_jpg.rf.0cec84aa4a7f6647321e9838d44a1c32.jpg,Flushing,131.36,142.97,144.84,5.14,Type_V,R_Cheek+L_Cheek+Forehead
329_jpg.rf.66a6e2591375e2236ed55fa0e876cd2c.jpg,Flushing,111.46,141.97,151.14,-15.2,Type_V,R_Cheek+L_Cheek+Forehead
329_jpg.rf.fc3f9ba867e52ba4263b57802e6ce326.jpg,Flushing,119.03,137.52,142.44,-12.95,Type_V,R_Cheek+Forehead
32_jpeg.rf.79fc9b54283b8ea0df72bb2d51ed2e6b.jpg,Flushing,80.69,144.29,143.05,-50.66,Type_VI,R_Cheek+Forehead
330_jpg.rf.a1364362ed15a36c9599c38e6e7126b1.jpg,Flushing,127.36,134.46,136.94,-0.35,Type_V,R_Cheek+L_Cheek+Forehead
331_jpg.rf.6025f563aad460521058cf4befdf4be7.jpg,Flushing,166.45,145.59,139.3,53.5,Type_II,R_Cheek+L_Cheek+Forehead
331_jpg.rf.8d64cd23228a43a99a2f7f0ebb71f176.jpg,Flushing,94.65,133.19,136.35,-57.05,Type_VI,R_Cheek+L_Cheek+Forehead
332_jpg.rf.f22b15c9258305f823b30c0f4f1a1c4d.jpg,Flushing,161.16,142.17,138.83,50.63,Type_II,L_Cheek+Forehead
333_jpg.rf.081ce9e405c42be56446ec6323b1c437.jpg,Flushing,180.07,142.25,136.76,66.97,Type_I,R_Cheek+L_Cheek+Forehead
334_jpg.rf.0bc610384804a9f9c0e9e262a9db5de2.jpg,Flushing,159.15,144.94,140.64,44.49,Type_II,R_Cheek+L_Cheek+Forehead
334_jpg.rf.b59b76ed37e9dcb65caa5f57b46d9c33.jpg,Flushing,119.08,145.03,147.0,-9.86,Type_V,R_Cheek+L_Cheek+Forehead
335_jpg.rf.8873a839dddc7130497f82f9ded4bc2c.jpg,Flushing,144.66,144.34,140.06,29.15,Type_III,L_Cheek+Forehead
336_jpg.rf.03087a9bd366068c9fd463aa055e87a8.jpg,Flushing,161.68,140.12,135.56,60.57,Type_I,R_Cheek+L_Cheek+Forehead
337_jpg.rf.0f7e593d438bf1c57c4a225321d67b79.jpg,Flushing,119.25,129.82,135.64,-22.96,Type_V,R_Cheek+L_Cheek+Forehead
338_jpg.rf.41eb0381021539456dcde573195ed29b.jpg,Flushing,117.09,128.81,133.03,-39.05,Type_VI,R_Cheek+L_Cheek+Forehead
339_jpg.rf.b3bb51a072d6e7d28aed0940bf6790d9.jpg,Flushing,120.11,128.0,128.0,-89.98,Type_VI,R_Cheek+L_Cheek+Forehead
33_jpg.rf.0d33fc54f8193d10e75b83f0fb8e4fdd.jpg,Flushing,155.22,131.3,142.9,36.11,Type_III,R_Cheek+Forehead
340_jpg.rf.5db94854cf39a0e7d6fcefaea1e1b135.jpg,Flushing,63.95,150.2,151.25,-46.99,Type_VI,R_Cheek+L_Cheek+Forehead
341_jpg.rf.fb4d5898984a444962f3340ca72a39df.jpg,Flushing,95.69,139.33,139.7,-46.83,Type_VI,R_Cheek+L_Cheek+Forehead
342_jpg.rf.1409b25d405ac1a4a60ee284a376facb.jpg,Flushing,136.31,140.34,143.77,12.35,Type_IV,R_Cheek+Forehead
342_jpg.rf.211008bc8a3f03ff4f17b354b8da498c.jpg,Flushing,141.1,128.0,128.0,89.99,Type_I,R_Cheek+L_Cheek+Forehead
343_jpg.rf.767572a4a1f2ceee4bb42c8f7f77972d.jpg,Flushing,137.77,128.0,128.0,89.99,Type_I,L_Cheek+Forehead
343_jpg.rf.81340c27ba658a85d8f7ae484dd97950.jpg,Flushing,169.2,135.61,135.04,66.71,Type_I,R_Cheek+L_Cheek+Forehead
344_jpg.rf.22fe7f7b576f771c200c330e3abd1937.jpg,Flushing,160.99,136.2,134.12,65.01,Type_I,L_Cheek+Forehead
345_jpg.rf.2ff6871a49c86be09813adf2ebdaf2eb.jpg,Flushing,122.33,128.0,128.0,-89.97,Type_VI,R_Cheek+L_Cheek+Forehead
345_jpg.rf.568c065af8ac4fb57724973414e9b2ea.jpg,Flushing,163.69,134.44,135.03,63.65,Type_I,R_Cheek+Forehead
346_jpg.rf.06c0ae464add775ed5dd43cb2ee91564.jpg,Flushing,115.07,128.0,128.0,-89.99,Type_VI,R_Cheek+L_Cheek+Forehead
346_jpg.rf.2d22fbb3ad73e0291a5b49367d65dee5.jpg,Flushing,124.31,146.28,148.26,-3.53,Type_V,R_Cheek+L_Cheek+Forehead
349_jpg.rf.85f89f1e1652c32370c6ceb65bbc964a.jpg,Flushing,142.71,136.51,129.66,74.49,Type_I,R_Cheek+L_Cheek+Forehead
34_jpeg.rf.8f3a32e4c5d882e0a7be13f6300c215c.jpg,Flushing,71.96,130.73,135.49,-71.03,Type_VI,L_Cheek+Forehead
34_jpg.rf.df139b3beac68c6e43a759cb3e9770fd.jpg,Flushing,150.19,138.57,147.29,24.76,Type_IV,R_Cheek+L_Cheek+Forehead
350_jpg.rf.6b85e9cc80ae22db26d4f641d4371e70.jpg,Flushing,144.49,133.8,132.65,55.11,Type_I,L_Cheek+Forehead
351_jpg.rf.78a597ec5a9808b2c8115cdbd6f32130.jpg,Flushing,110.22,135.16,131.78,-60.84,Type_VI,R_Cheek+Forehead
352_jpg.rf.1d74c2c4732d903c6fd0f1c55569d07e.jpg,Flushing,164.58,138.57,142.22,45.64,Type_II,R_Cheek+L_Cheek+Forehead
352_jpg.rf.ee790fd89227bd57b65de858ec8015df.jpg,Flushing,95.31,134.1,133.1,-68.01,Type_VI,R_Cheek+L_Cheek+Forehead
353_jpg.rf.0546bd7ae932e06ac101725c4c017329.jpg,Flushing,97.58,137.73,141.3,-41.43,Type_VI,R_Cheek+L_Cheek+Forehead
353_jpg.rf.d3cd799b7f9b743b9c85a7dfaea46808.jpg,Flushing,200.82,133.23,132.88,80.38,Type_I,L_Cheek+Forehead
354_jpg.rf.a9df307d67c10d5d22e53f476278f2c5.jpg,Flushing,139.43,133.15,134.79,34.57,Type_III,R_Cheek+Forehead
355_jpg.rf.7369310e53e2053b373e62c79de62509.jpg,Flushing,151.27,141.69,148.68,24.26,Type_IV,R_Cheek+L_Cheek+Forehead
355_jpg.rf.cb6af23ba2562edf64b80e638788b25c.jpg,Flushing,162.63,132.71,133.38,68.66,Type_I,R_Cheek+L_Cheek+Forehead
356_jpg.rf.972e20c67d4ef04c2fab8f53b485e8a8.jpg,Flushing,168.61,132.43,133.23,72.03,Type_I,L_Cheek+Forehead
357_jpg.rf.8114c6e3f44fcdc31da46671982b6acc.jpg,Flushing,142.61,134.25,135.9,36.88,Type_III,R_Cheek+Forehead
357_jpg.rf.be2be536d4840b19197a3fee8012e7b0.jpg,Flushing,89.84,135.3,135.75,-62.3,Type_VI,R_Cheek+Forehead
358_jpg.rf.4e632fec0e72fef9dee718cc862953f8.jpg,Flushing,152.36,143.54,140.87,37.15,Type_III,R_Cheek+L_Cheek+Forehead
359_jpg.rf.d9347878870d5950c70e3a737f079774.jpg,Flushing,154.98,142.18,141.29,39.03,Type_III,L_Cheek+Forehead
35_jpeg.rf.30bf8bd84ef67daf965a61e1b11ae496.jpg,Flushing,57.7,134.95,131.91,-81.86,Type_VI,R_Cheek+L_Cheek+Forehead
360_jpg.rf.6911db0cf74abe9305697bebe46699e4.jpg,Flushing,166.46,141.67,140.03,51.78,Type_II,R_Cheek+Forehead
361_jpg.rf.28cfa9a3ea36783e543322ad7ecd7c66.jpg,Flushing,139.96,138.14,141.24,20.27,Type_IV,R_Cheek+L_Cheek+Forehead
362_jpg.rf.05acf06cd6b25c6f0c9fabff48978f3e.jpg,Flushing,183.69,133.8,136.24,69.5,Type_I,R_Cheek+L_Cheek+Forehead
363_jpg.rf.2005161743f65b157fa720f74fd8e6a2.jpg,Flushing,169.56,138.33,141.46,50.79,Type_II,R_Cheek+L_Cheek+Forehead
363_jpg.rf.72b1aed4a2c50f88fee3ee983177f382.jpg,Flushing,157.99,134.81,138.69,48.22,Type_II,R_Cheek+L_Cheek+Forehead
364_jpg.rf.2084e169b072642f884068165799d6e2.jpg,Flushing,136.56,146.04,136.55,22.57,Type_IV,R_Cheek+L_Cheek+Forehead
364_jpg.rf.bf11ee7589dba0c6931f670a2da79c47.jpg,Flushing,169.0,134.49,131.97,76.3,Type_I,R_Cheek+L_Cheek+Forehead
365_jpg.rf.01e2d90da692126997cd970467e93a8e.jpg,Flushing,165.98,150.9,147.92,37.15,Type_III,L_Cheek+Forehead
365_jpg.rf.efa2e9008f9fb6587720af9db9cc4600.jpg,Flushing,160.25,141.45,133.25,67.75,Type_I,R_Cheek+Forehead
366_jpg.rf.2acd2466ed7f1cba2f89a05ca9684a29.jpg,Flushing,153.06,139.52,132.89,64.0,Type_I,L_Cheek+Forehead
367_jpg.rf.d49758777c53b6a1bfb010d8fd49a9b9.jpg,Flushing,172.15,145.44,150.03,38.48,Type_III,R_Cheek+L_Cheek+Forehead
368_jpg.rf.b5b9368a3451851a7a56089a5998b17d.jpg,Flushing,165.26,143.95,148.19,36.26,Type_III,R_Cheek+Forehead
369_jpg.rf.37d74585fbc4fd02074d55d6628a2ec5.jpg,Flushing,177.41,145.03,150.99,40.41,Type_III,L_Cheek+Forehead
36_jpeg.rf.0ab01482b4f6b86e6343eb0fd3e87794.jpg,Flushing,99.27,127.55,129.16,-84.02,Type_VI,R_Cheek+L_Cheek+Forehead
36_jpg.rf.4a2c28a369f35670b73f170904573bfb.jpg,Flushing,147.39,138.19,147.13,22.18,Type_IV,R_Cheek+Forehead
370_jpg.rf.86f0d8aea576ad4057fb4560cb93a793.jpg,Flushing,148.69,139.63,139.42,36.04,Type_III,R_Cheek+L_Cheek+Forehead
371_jpg.rf.d89c32b8473d467d3843ff115b7c6407.jpg,Flushing,141.75,138.14,138.04,29.08,Type_III,L_Cheek+Forehead
372_jpg.rf.9a28f3745dbab9ee386780b09bc7aad9.jpg,Flushing,138.16,139.27,138.72,21.3,Type_IV,R_Cheek+Forehead
373_jpg.rf.c9e0ed2993c5e57cd6f192bb8680ec76.jpg,Flushing,147.44,142.63,143.08,27.41,Type_IV,R_Cheek+L_Cheek+Forehead
375_jpg.rf.66f9534f8b205ad774525232b1db64f7.jpg,Flushing,134.01,139.69,141.3,10.86,Type_IV,R_Cheek+Forehead
376_jpg.rf.f1d6863d8618a7b7cb2533127f41d89f.jpg,Flushing,130.5,144.45,146.52,3.64,Type_V,R_Cheek+L_Cheek+Forehead
377_jpg.rf.38ef1f62c3c3b9cb50aabea0da6995e2.jpg,Flushing,96.44,142.01,147.33,-32.21,Type_VI,L_Cheek+Forehead
378_jpg.rf.a5e6e228fcd236d34ee0cf8a7d7504fc.jpg,Flushing,116.07,143.04,145.32,-14.5,Type_V,R_Cheek+Forehead
379_jpg.rf.6ae49c5a566eeed77111374ed7d9d4e4.jpg,Flushing,164.36,141.62,158.37,25.45,Type_IV,R_Cheek+L_Cheek+Forehead
37_jpeg.rf.74d63afb27b975a7b2a78cdf6f29ac06.jpg,Flushing,91.4,139.83,142.18,-44.96,Type_VI,R_Cheek+L_Cheek+Forehead
380_jpg.rf.b67230a4d8d595af439657bb68e46e85.jpg,Flushing,168.64,142.75,155.65,30.26,Type_III,L_Cheek+Forehead
381_jpg.rf.0581b03ba9b0f7a9a8db75725175e823.jpg,Flushing,163.12,141.75,158.03,24.95,Type_IV,R_Cheek+Forehead
386_jpg.rf.cb101b41abaf7dd82693124523abf917.jpg,Flushing,150.09,139.38,137.55,42.87,Type_II,R_Cheek+Forehead
387_jpg.rf.e0b02e66cff909c5a7dd3da530ce3d90.jpg,Flushing,145.8,139.97,139.22,32.6,Type_III,L_Cheek+Forehead
388_jpg.rf.22deb3e19ff6799c70966305a2b58cb6.jpg,Flushing,139.26,142.57,137.31,26.36,Type_IV,R_Cheek+L_Cheek+Forehead
390_jpg.rf.cba1fe822d135868ad855faf55227f59.jpg,Flushing,132.77,141.3,139.46,10.23,Type_IV,R_Cheek+Forehead
391_jpg.rf.70ca50080a206d6142fff1d215448454.jpg,Flushing,151.86,136.99,139.78,39.05,Type_III,R_Cheek+L_Cheek+Forehead
392_jpg.rf.391ae6934bbef111483732a11fb10472.jpg,Flushing,153.43,137.9,137.67,46.43,Type_II,L_Cheek+Forehead
393_jpg.rf.a1703e8cd7e013c624140a6ff4d10300.jpg,Flushing,156.65,137.73,137.46,50.4,Type_II,R_Cheek+Forehead
394_jpg.rf.826323151c648be4c8a68c417ba34fd9.jpg,Flushing,102.16,138.25,140.79,-37.84,Type_VI,R_Cheek+L_Cheek+Forehead
395_jpg.rf.cb53baccecac4ede18246906155c9c40.jpg,Flushing,114.32,138.61,141.44,-21.04,Type_V,L_Cheek+Forehead
396_jpg.rf.d15825b09cba5594799bdccef8e69d0e.jpg,Flushing,102.91,138.26,140.78,-37.03,Type_VI,R_Cheek+Forehead
397_jpg.rf.30f648f6cc2af00716a77f81a64ddcda.jpg,Flushing,168.9,142.91,140.63,52.12,Type_II,R_Cheek+L_Cheek+Forehead
398_jpg.rf.fe323e9b2057cf1fd4402b3490b24d42.jpg,Flushing,174.29,142.66,140.1,56.6,Type_I,L_Cheek+Forehead
399_jpg.rf.d6861b24d3a9f000301684d649f6b4a0.jpg,Flushing,159.54,141.03,137.34,53.38,Type_II,R_Cheek+Forehead
39_jpg.rf.4ee2e87e034583fe1608912ebb411f4c.jpg,Flushing,95.01,139.33,143.65,-39.15,Type_VI,R_Cheek+L_Cheek+Forehead
39_jpg.rf.d4e0efa655be186b158f9b7f5cc02b1b.jpg,Flushing,161.08,139.76,139.54,48.78,Type_II,R_Cheek+Forehead
3_jpg.rf.fffe9c8d38c7f7a29354e0cfb5184c56.jpg,Flushing,162.82,133.23,132.19,73.15,Type_I,R_Cheek+L_Cheek+Forehead
401_jpg.rf.59a105fc0e7485213a34e3b1662367e4.jpg,Flushing,101.81,143.31,138.75,-43.15,Type_VI,R_Cheek+Forehead
402_jpg.rf.305b66b3491821634ff9b7cf28f8605e.jpg,Flushing,180.11,138.14,135.9,69.04,Type_I,L_Cheek+Forehead
405_jpg.rf.037bd01cc40530cce431d721f91003ee.jpg,Flushing,118.3,135.27,133.9,-31.43,Type_VI,L_Cheek+Forehead
406_jpg.rf.6c9988262343aa651d2962e4772da102.jpg,Flushing,136.13,133.75,143.29,12.48,Type_IV,R_Cheek+L_Cheek+Forehead
407_jpg.rf.7d5ae106d1eb5f2b51bef9735d4af19b.jpg,Flushing,136.49,136.8,136.37,22.84,Type_IV,R_Cheek+Forehead
408_jpg.rf.e3a541fbc8d45d5591dc260df37c600b.jpg,Flushing,128.75,140.3,141.43,2.08,Type_V,L_Cheek+Forehead
409_jpg.rf.a4170a716ba469e59017534e2dc8e47c.jpg,Flushing,153.21,138.89,136.21,50.84,Type_II,R_Cheek+L_Cheek+Forehead
411_jpg.rf.4695fb85a9d936ebd6dba84f59dfe490.jpg,Flushing,155.56,131.62,131.85,70.74,Type_I,L_Cheek+Forehead
412_jpg.rf.039577c22eff3f10379c7872e9a86848.jpg,Flushing,126.68,139.52,150.53,-0.82,Type_V,R_Cheek+L_Cheek+Forehead
413_jpg.rf.fedf64a6047ed5ac7a79e5d9a418ad4f.jpg,Flushing,150.2,137.8,145.23,27.32,Type_IV,R_Cheek+Forehead
414_jpg.rf.edfee0cef8be0225402afe8684dbbda8.jpg,Flushing,131.58,138.68,148.05,4.56,Type_V,R_Cheek+L_Cheek+Forehead
415_jpg.rf.e5abf510dbc9a06cb196130a71c0aaaa.jpg,Flushing,141.71,139.12,140.23,24.49,Type_IV,R_Cheek+L_Cheek+Forehead
416_jpg.rf.359423fc837ff8b4c318191805f910bd.jpg,Flushing,132.17,138.92,140.61,8.26,Type_V,L_Cheek+Forehead
418_jpg.rf.c57a3d7b49cdb7f68b3a2cb595603e40.jpg,Flushing,170.34,132.91,137.71,59.98,Type_I,R_Cheek+L_Cheek+Forehead
41_jpg.rf.65d998cb2e57c0e3991df13ec4788910.jpg,Flushing,165.3,136.51,139.35,52.55,Type_II,L_Cheek+Forehead
423_jpg.rf.717da0b0cc483fe0f52dd5751f0903ae.jpg,Flushing,120.22,144.31,133.36,-28.02,Type_V,L_Cheek+Forehead
424_jpg.rf.a3dd5b510e0e8357dc922cbb3564ce72.jpg,Flushing,178.3,138.49,137.63,64.19,Type_I,R_Cheek+L_Cheek+Forehead
425_jpg.rf.7f62005982ab4945ec81054b1cae0c43.jpg,Flushing,176.73,137.69,138.35,61.81,Type_I,L_Cheek+Forehead
426_jpg.rf.836ec3e1e434fce2ca627296ee9a7a47.jpg,Flushing,186.53,137.08,137.58,67.51,Type_I,R_Cheek+Forehead
428_jpg.rf.de38691f64dfa6c00f5d5d61d828fdc1.jpg,Flushing,101.38,135.81,135.39,-54.18,Type_VI,L_Cheek+Forehead
429_jpg.rf.678e51458476e93acd6058c64ef7de4e.jpg,Flushing,90.84,135.47,134.94,-64.24,Type_VI,R_Cheek+Forehead
42_jpeg.rf.c20e70e3a10fc2a98288731f77f285d7.jpg,Flushing,145.5,137.75,138.3,34.41,Type_III,R_Cheek+L_Cheek+Forehead
432_jpg.rf.e89de9d95f9eaa0c9376f9e74399352e.jpg,Flushing,140.79,136.49,137.89,27.79,Type_IV,R_Cheek+Forehead
434_jpg.rf.b7b78c4aa86a5bfb4bbbaf7db3b7835e.jpg,Flushing,156.03,132.36,138.07,48.01,Type_II,L_Cheek+Forehead
435_jpg.rf.88d92ac010d37672f8cd6ac1c1c1e479.jpg,Flushing,159.28,131.21,139.7,46.82,Type_II,R_Cheek+Forehead
436_jpg.rf.f7b323391409bbd1575a3c0bc7c8da88.jpg,Flushing,137.71,150.34,133.72,34.97,Type_III,R_Cheek+L_Cheek+Forehead
437_jpg.rf.18cc4d505e8e6e411dbd5ef61a8daf40.jpg,Flushing,150.24,148.35,133.14,60.06,Type_I,L_Cheek+Forehead
438_jpg.rf.12a7b6a9e4661da013e3ffe4c7d7f365.jpg,Flushing,162.27,148.38,134.44,64.73,Type_I,R_Cheek+Forehead
439_jpg.rf.8afd9c55870774f6ab2d59d4786c0680.jpg,Flushing,165.75,140.97,142.15,46.67,Type_II,R_Cheek+L_Cheek+Forehead
43_jpeg.rf.ee582e73905f7f26c581b737496d813d.jpg,Flushing,102.92,128.0,128.0,-89.99,Type_VI,L_Cheek+Forehead
440_jpg.rf.58bd568c76e14ad6444ad6dd6fe6846e.jpg,Flushing,170.29,140.45,141.43,51.32,Type_II,L_Cheek+Forehead
441_jpg.rf.8719f3887faf8c012a157c905f9e5d46.jpg,Flushing,174.16,139.64,140.71,55.22,Type_I,R_Cheek+Forehead
442_jpg.rf.32992c0a0ffe4edd969d08a993819763.jpg,Flushing,138.16,139.03,128.52,82.88,Type_I,R_Cheek+L_Cheek+Forehead
445_jpg.rf.7e115e2f0062925c2e7d0adbf283f06e.jpg,Flushing,163.28,138.62,134.5,65.15,Type_I,R_Cheek+L_Cheek+Forehead
446_jpg.rf.8f6c16bf815f7365aff5eaa5a7c626ad.jpg,Flushing,150.26,136.95,135.14,51.33,Type_II,L_Cheek+Forehead
447_jpg.rf.2653904b6d4d45b6d379b8aa0570ad9a.jpg,Flushing,154.49,138.68,134.29,59.26,Type_I,R_Cheek+Forehead
448_jpg.rf.da5b8b7a8a4e14c9bc2a40c8dd5f14d1.jpg,Flushing,136.78,138.37,141.48,15.1,Type_IV,R_Cheek+L_Cheek+Forehead
449_jpg.rf.4d68d8ea9decc2c674d8696395d4cadf.jpg,Flushing,107.45,136.23,139.61,-34.11,Type_VI,R_Cheek+Forehead
44_jpg.rf.0af8d69d797ece9fedfe6023476c6422.jpg,Flushing,107.55,131.33,138.9,-35.67,Type_VI,R_Cheek+Forehead
451_jpg.rf.cd7a7fbdac11980af9e9bf72271ab7b0.jpg,Flushing,124.24,134.06,141.36,-5.47,Type_V,R_Cheek+L_Cheek+Forehead
452_jpg.rf.2724c33f2c095a45c2b900d41376bae4.jpg,Flushing,140.14,138.91,137.99,26.38,Type_IV,L_Cheek+Forehead
453_jpg.rf.8faedb08d02ff649c627df7bbb0bba44.jpg,Flushing,141.42,135.63,139.81,24.8,Type_IV,R_Cheek+Forehead
454_jpg.rf.ff51995ac39f01b761c45af3db6afbcf.jpg,Flushing,129.96,138.96,141.22,4.18,Type_V,R_Cheek+L_Cheek+Forehead
455_jpg.rf.49eda8051a5b22669e42c3c7c320f836.jpg,Flushing,135.39,139.11,142.62,11.95,Type_IV,L_Cheek+Forehead
456_jpg.rf.55ae8969dc6af1aadf326b01d4057e14.jpg,Flushing,128.45,139.77,144.49,1.29,Type_V,R_Cheek+Forehead
457_jpg.rf.e546664a0d5314981652f3330d439b95.jpg,Flushing,132.98,140.18,136.34,14.46,Type_IV,R_Cheek+L_Cheek+Forehead
458_jpg.rf.95afcbda9d84fe621ba41572d0703652.jpg,Flushing,107.03,140.77,139.15,-35.76,Type_VI,L_Cheek+Forehead
459_jpg.rf.ef1d8cd0b1aea31f2deec10ee26493da.jpg,Flushing,127.52,143.15,139.26,0.04,Type_V,R_Cheek+Forehead
45_jpg.rf.c6717a51f3c49498bd2922e1b283806d.jpg,Flushing,147.61,128.98,139.38,34.72,Type_III,L_Cheek+Forehead
460_jpg.rf.4c145cda8f3febbe292a4d14dc92437e.jpg,Flushing,156.82,144.0,140.49,42.62,Type_II,R_Cheek+L_Cheek+Forehead
461_jpg.rf.c1a08206ad9b78fe1039da8f87a1f73a.jpg,Flushing,113.33,144.45,140.26,-24.37,Type_V,L_Cheek+Forehead
463_jpg.rf.a33217f5ed8f91f7939d698945cba9f1.jpg,Flushing,138.76,145.16,146.29,13.57,Type_IV,R_Cheek+L_Cheek+Forehead
464_jpg.rf.f381df1e97d609e74a15ed7c550fa745.jpg,Flushing,134.79,142.02,144.0,10.13,Type_IV,L_Cheek+Forehead
466_jpg.rf.5ca9f8f3830cf5389d74dcbc1016d2fd.jpg,Flushing,151.81,134.2,135.16,53.09,Type_II,R_Cheek+L_Cheek+Forehead
467_jpg.rf.acc5a4df027e1e4ddddaa92ceda9789f.jpg,Flushing,183.82,129.88,133.32,76.47,Type_I,L_Cheek+Forehead
469_jpg.rf.feb64c354a619ed74c58010d8b3d29c8.jpg,Flushing,169.46,142.49,139.22,55.72,Type_I,R_Cheek+L_Cheek+Forehead
46_jpg.rf.ae4bf0382684a0316da3f643c08b1305.jpg,Flushing,167.48,132.92,129.17,85.74,Type_I,R_Cheek+L_Cheek+Forehead
470_jpg.rf.b0f2940310bc3ea1c4114e61d9f4ff22.jpg,Flushing,157.71,140.19,138.99,47.16,Type_II,L_Cheek+Forehead
471_jpg.rf.9c7fcc12367a838d210ca298ba444a07.jpg,Flushing,184.86,138.94,135.71,71.07,Type_I,R_Cheek+Forehead
472_jpg.rf.8dd802289b84f7e6da49ab8b55c2026e.jpg,Flushing,121.27,144.36,140.85,-10.76,Type_V,R_Cheek+L_Cheek+Forehead
473_jpg.rf.49f56e4cc8b70128e8d58e1ab7f18e56.jpg,Flushing,83.45,141.68,139.92,-55.39,Type_VI,L_Cheek+Forehead
474_jpg.rf.20e65d4b069c71b7548abbcb180cd670.jpg,Flushing,155.85,135.27,135.74,55.14,Type_I,R_Cheek+Forehead
475_jpg.rf.e3e2b2988a2d72cdbda4751beb664b99.jpg,Flushing,149.51,140.94,138.56,39.27,Type_III,R_Cheek+L_Cheek+Forehead
476_jpg.rf.7e5b029a29277d0e27ae63798fe7d8d6.jpg,Flushing,161.27,140.73,139.9,48.05,Type_II,L_Cheek
478_jpg.rf.7f6a6b7681e747fa74dc6173a3762d51.jpg,Flushing,86.48,137.96,135.32,-65.53,Type_VI,R_Cheek+L_Cheek+Forehead
480_jpg.rf.aeb86bc1e457dd08ca9c9d6d05a185ec.jpg,Flushing,119.63,139.17,137.14,-18.66,Type_V,R_Cheek+Forehead
481_jpg.rf.a15da339e667d636eb904449215d00cb.jpg,Flushing,148.9,137.18,136.19,45.68,Type_II,R_Cheek+L_Cheek+Forehead
482_jpg.rf.378abcf17f077a95560c5630a33d1a42.jpg,Flushing,143.84,138.37,139.71,28.69,Type_III,L_Cheek+Forehead
483_jpg.rf.0ce33e3b00388d00e8c39c5b54261d54.jpg,Flushing,135.73,133.55,132.7,34.5,Type_III,R_Cheek+Forehead
484_jpg.rf.826de5e7e5c0833c1284eaa376de4abc.jpg,Flushing,152.76,137.81,135.59,52.53,Type_II,R_Cheek+L_Cheek+Forehead
485_jpg.rf.87a53f7a065b5bce5bdd29a14b95f8cd.jpg,Flushing,147.42,134.15,134.59,49.86,Type_II,L_Cheek+Forehead
486_jpg.rf.65fad534215cfe3eb65b9526339f31b1.jpg,Flushing,153.53,132.49,134.19,58.76,Type_I,R_Cheek+Forehead
489_jpg.rf.5971f6b4464091537c6ef9ff098f2527.jpg,Flushing,120.82,142.97,137.13,-16.0,Type_V,R_Cheek+Forehead
48_jpg.rf.aec610729fe8ea38870eb33b796fef33.jpg,Flushing,152.8,132.24,126.1,-79.16,Type_VI,R_Cheek+Forehead
490_jpg.rf.5edd42ea35079ff2462a24779e226a03.jpg,Flushing,142.77,142.67,141.51,23.9,Type_IV,R_Cheek+L_Cheek+Forehead
491_jpg.rf.5c9984318aed2e761f0196d96d83bc7e.jpg,Flushing,140.42,141.31,138.46,25.85,Type_IV,L_Cheek+Forehead
492_jpg.rf.1593571996e7fcbdfee6754144242b5f.jpg,Flushing,102.88,140.83,138.62,-42.29,Type_VI,R_Cheek+Forehead
493_jpg.rf.ed98fd41671904712e21b542ad3984f4.jpg,Flushing,142.6,135.7,135.06,40.0,Type_III,R_Cheek+L_Cheek+Forehead
494_jpg.rf.438d59088b768d894faba490e116fbc5.jpg,Flushing,133.41,135.72,133.6,22.47,Type_IV,L_Cheek+Forehead
495_jpg.rf.8edefc519a1a6dda18b533992e3aed8d.jpg,Flushing,132.52,135.25,134.25,17.48,Type_IV,R_Cheek+Forehead
499_jpg.rf.adae1ddc74308b93c9c35cb345916d97.jpg,Flushing,158.73,136.62,142.48,40.21,Type_III,R_Cheek+L_Cheek+Forehead
49_jpg.rf.2b9ca57b69464a224d9249df434b22f6.jpg,Flushing,142.03,147.2,159.31,10.31,Type_IV,R_Cheek+L_Cheek+Forehead
4_jpeg.rf.c53dc6405f30a6111d70603cfaaf89b4.jpg,Flushing,128.71,149.93,152.9,1.09,Type_V,R_Cheek+L_Cheek+Forehead
4_jpg.rf.8b79abd5553e4812d4317be6a4cbf1bf.jpg,Flushing,139.51,143.18,151.65,11.26,Type_IV,R_Cheek+L_Cheek+Forehead
500_jpg.rf.51e01527f827ebbd81b44beee52f98f1.jpg,Flushing,162.3,136.01,143.86,40.7,Type_III,L_Cheek+Forehead
501_jpg.rf.c8c5447792a0b69735707d6847cdec41.jpg,Flushing,157.89,135.53,142.17,40.08,Type_III,R_Cheek+Forehead
502_jpg.rf.3872ac7541bf31e7668aafa6a9f73df0.jpg,Flushing,135.99,139.06,136.56,21.25,Type_IV,R_Cheek+L_Cheek+Forehead
503_jpg.rf.9caa5b0ffed18986309bc70141d69d7f.jpg,Flushing,134.07,138.72,136.52,16.81,Type_IV,L_Cheek+Forehead
504_jpg.rf.b5c379a0f5cdfec733265cbc36beb561.jpg,Flushing,119.02,139.39,129.37,-67.53,Type_VI,R_Cheek+Forehead
505_jpg.rf.6b75c91fd481936225f0c7a36afda288.jpg,Flushing,136.01,135.54,141.66,13.73,Type_IV,R_Cheek+L_Cheek+Forehead
506_jpg.rf.bb7f29e2892eee080572076f0f8d4140.jpg,Flushing,126.05,136.11,145.08,-1.9,Type_V,R_Cheek+Forehead
507_jpg.rf.7667e08ca2ac42f7e957b38c13a4abad.jpg,Flushing,126.51,136.89,143.11,-1.47,Type_V,L_Cheek+Forehead
508_jpg.rf.63c1d63758aed98e32bc490d20d0ac39.jpg,Flushing,139.69,136.25,133.76,39.66,Type_III,R_Cheek+L_Cheek+Forehead
509_jpg.rf.10ab350c4cf48df2ba9be2f13f1af53f.jpg,Flushing,94.91,137.69,137.59,-53.13,Type_VI,L_Cheek+Forehead
510_jpg.rf.54a77e2ceeb275a42785fb186331e8b4.jpg,Flushing,177.97,133.65,132.99,75.86,Type_I,R_Cheek+L_Cheek+Forehead
511_jpg.rf.fed24ecec30d919145d0cc6fb9fbbefa.jpg,Flushing,146.15,136.86,141.16,29.06,Type_III,R_Cheek+L_Cheek+Forehead
512_jpg.rf.d2658d15dee2635b5d0f03a6dfe71a63.jpg,Flushing,140.02,137.24,141.9,19.44,Type_IV,L_Cheek+Forehead
513_jpg.rf.5209d6a93397b9a6d3bd1dce30b38c82.jpg,Flushing,132.59,137.53,141.95,8.15,Type_V,R_Cheek+Forehead
514_jpg.rf.1d9e8bd1714ca6b23ed0abf97838c479.jpg,Flushing,145.52,138.99,134.0,49.66,Type_II,R_Cheek+L_Cheek+Forehead
515_jpg.rf.3884a7c2a9dcb266a0d37dbb80b63c73.jpg,Flushing,145.07,138.62,133.22,52.87,Type_II,L_Cheek+Forehead
517_jpg.rf.45810a8f75b01e0cc7c82325921a83aa.jpg,Flushing,133.25,143.7,142.27,8.98,Type_V,R_Cheek+L_Cheek+Forehead
518_jpg.rf.790aab42888c5e7b13cfc0d83f3ad165.jpg,Flushing,134.7,140.95,142.56,10.98,Type_IV,L_Cheek+Forehead
519_jpg.rf.c0fda11c61fd3f4462089438892774f9.jpg,Flushing,135.19,141.12,142.01,12.14,Type_IV,R_Cheek+Forehead
51_jpg.rf.788ccafa94efcacbee6b050b18cb45c1.jpg,Flushing,111.52,142.59,150.89,-15.31,Type_V,R_Cheek+L_Cheek+Forehead
520_jpg.rf.c339daf5167fea7801cf39fd32af3599.jpg,Flushing,160.1,149.95,141.73,42.97,Type_II,R_Cheek+L_Cheek+Forehead
521_jpg.rf.c5b44a4ebdd061171591772a6036912a.jpg,Flushing,142.11,142.48,138.65,28.28,Type_III,R_Cheek+L_Cheek+Forehead
527_jpg.rf.71c81203c26b05332679a78f3b684529.jpg,Flushing,155.29,141.85,146.7,30.23,Type_III,L_Cheek+Forehead
528_jpg.rf.5dce64b20c6c55b33e55371f44566e49.jpg,Flushing,156.71,147.88,149.07,28.53,Type_III,R_Cheek
52_jpg.rf.2754f22c6458c41b3895aeaf131549cb.jpg,Flushing,91.94,148.57,158.47,-24.59,Type_V,R_Cheek+Forehead
52_jpg.rf.54aba908ae10ec1f1cf3dd4feb1013cc.jpg,Flushing,99.84,143.14,144.21,-33.79,Type_VI,R_Cheek+L_Cheek+Forehead
530_jpg.rf.796a052090befa8aa3987eff4fb43479.jpg,Flushing,135.98,143.95,141.92,13.43,Type_IV,R_Cheek+Forehead
531_jpg.rf.1d37efcc1c2935aa827dbaa573fd7fc6.jpg,Flushing,138.37,143.79,141.32,17.75,Type_IV,L_Cheek+Forehead
535_jpg.rf.2bc7064e4675dca13b6ff0d70147e6a9.jpg,Flushing,141.34,136.5,140.34,23.73,Type_IV,R_Cheek+L_Cheek+Forehead
536_jpg.rf.684e42b891d8c68e754b90ea3dac876c.jpg,Flushing,156.37,132.72,144.09,35.12,Type_III,R_Cheek+L_Cheek+Forehead
537_jpg.rf.1d3285fb958bf2ed713b478ec3e085ed.jpg,Flushing,179.31,130.15,138.27,63.18,Type_I,R_Cheek+L_Cheek+Forehead
538_jpg.rf.8eb560b0d60eb92bda0766ff8c3c8cab.jpg,Flushing,160.01,134.18,137.75,52.59,Type_II,R_Cheek+L_Cheek+Forehead
53_jpg.rf.77bf8d456684bc77aed616235e278778.jpg,Flushing,134.43,137.59,141.53,11.35,Type_IV,R_Cheek+L_Cheek+Forehead
53_jpg.rf.bd590b2ccbbc9043cc83ccf2653ade0a.jpg,Flushing,95.91,133.6,135.92,-57.42,Type_VI,R_Cheek+L_Cheek+Forehead
540_jpg.rf.723221352933d288102bc764a58ab595.jpg,Flushing,168.14,132.1,133.41,71.25,Type_I,L_Cheek+Forehead
541_jpg.rf.5c471b0442823c308e6491762045d072.jpg,Flushing,140.78,137.72,138.08,27.34,Type_IV,R_Cheek+L_Cheek+Forehead
543_jpg.rf.6b261a5bb9c636780e7de14c3c43fd8f.jpg,Flushing,145.01,137.81,133.6,50.8,Type_II,R_Cheek+Forehead
544_jpg.rf.7baaf4d55803d2672c8435d974b7851f.jpg,Flushing,156.72,145.43,149.27,28.31,Type_III,R_Cheek+L_Cheek+Forehead
546_jpg.rf.0a531e3f12cee570104f7b7ef9fdca99.jpg,Flushing,154.31,145.9,145.41,31.14,Type_III,R_Cheek+Forehead
547_jpg.rf.9e6d2ab36d82a58bd383d44b5d7a6c02.jpg,Flushing,132.34,142.52,142.0,7.72,Type_V,R_Cheek+L_Cheek+Forehead
54_jpg.rf.c1d685aa5b3d44bda67f4db6e07d7e7d.jpg,Flushing,123.81,139.06,139.38,-7.24,Type_V,R_Cheek+L_Cheek+Forehead
550_jpg.rf.10ad576612e3be22555e1d6efe7fe484.jpg,Flushing,159.65,135.66,136.83,54.99,Type_II,R_Cheek+L_Cheek+Forehead
552_jpg.rf.2fc7c60b0b9e56c0a5af148f60475d85.jpg,Flushing,147.47,133.5,136.77,41.75,Type_II,L_Cheek+Forehead
553_jpg.rf.be3c14190dd62e2503bd9ba6d626e6ba.jpg,Flushing,113.7,148.5,144.76,-17.9,Type_V,R_Cheek+L_Cheek+Forehead
554_jpg.rf.4e767255cc4f6a1471ff698bedd74b5f.jpg,Flushing,114.92,145.54,141.96,-19.47,Type_V,L_Cheek+Forehead
555_jpg.rf.2b2e760c35857f0bdeb3b7a11c50457f.jpg,Flushing,152.26,141.29,141.25,36.24,Type_III,R_Cheek+Forehead
556_jpg.rf.a0ea869f84314d15cf1010e2763276da.jpg,Flushing,151.25,140.06,138.67,41.12,Type_II,R_Cheek+L_Cheek+Forehead
561_jpg.rf.66e0b818804b6bb104ea9ffa1fddb5fe.jpg,Flushing,118.14,138.72,142.72,-14.0,Type_V,R_Cheek+Forehead
562_jpg.rf.f419d9d7aa9f0e67d477e97254d0e647.jpg,Flushing,107.19,145.23,139.33,-35.11,Type_VI,R_Cheek+L_Cheek+Forehead
563_jpg.rf.d48c38ceecea5d04543a249889817dcd.jpg,Flushing,106.53,145.09,143.07,-28.63,Type_V,R_Cheek+Forehead
564_jpg.rf.eeacf7e3e0dd6e0e803aeca5dc2fcf46.jpg,Flushing,136.21,148.17,143.91,12.11,Type_IV,L_Cheek+Forehead
565_jpg.rf.7e7ddf03e168bf010bf07c5128515a1e.jpg,Flushing,137.8,136.54,130.85,54.81,Type_II,R_Cheek+L_Cheek+Forehead
566_jpg.rf.3e5a79d3cf0cf758b5eae448dd1be3b4.jpg,Flushing,151.74,134.85,132.9,62.71,Type_I,L_Cheek+Forehead
568_jpg.rf.9702aa2aaed666dfea70dd14608f5507.jpg,Flushing,158.2,137.25,136.34,55.29,Type_I,R_Cheek+L_Cheek+Forehead
569_jpg.rf.c9986553b697cf83b39055cd4d7589f8.jpg,Flushing,159.95,141.07,142.66,40.96,Type_III,L_Cheek+Forehead
56_jpg.rf.7ea524053d2c943d3e5d1936f5840916.jpg,Flushing,138.4,139.42,134.98,31.47,Type_III,L_Cheek+Forehead
570_jpg.rf.21ba3cefc73add89fe1e07694fe01caf.jpg,Flushing,168.05,138.89,135.61,64.43,Type_I,R_Cheek+Forehead
571_jpg.rf.3a72d95bfb735a77c579b9cd414a95df.jpg,Flushing,160.26,133.57,131.64,74.2,Type_I,R_Cheek+L_Cheek+Forehead
572_jpg.rf.e53d2dd179139f7ea392aeb1055e84cf.jpg,Flushing,127.75,132.48,130.04,2.75,Type_V,L_Cheek+Forehead
573_jpg.rf.af5430f12f13816934f250f69e3a22d2.jpg,Flushing,114.72,132.15,129.48,-73.54,Type_VI,R_Cheek+Forehead
574_jpg.rf.5ee38be68fb9fcc1520d4891fb273b11.jpg,Flushing,142.37,141.48,143.5,20.61,Type_IV,R_Cheek+L_Cheek+Forehead
575_jpg.rf.9944847641f7ba9f1beb0473b60bd67d.jpg,Flushing,122.01,142.63,145.38,-7.06,Type_V,L_Cheek+Forehead
576_jpg.rf.14314eb5429caee41cac750334671869.jpg,Flushing,170.9,137.21,140.03,54.75,Type_II,R_Cheek+Forehead
578_jpg.rf.fec415968a54c035d1da56839a9e30d7.jpg,Flushing,176.36,141.1,131.52,79.59,Type_I,R_Cheek+L_Cheek+Forehead
579_jpg.rf.28fa52d4e78e310b5d32f9216274f4bf.jpg,Flushing,164.08,142.85,135.9,61.16,Type_I,R_Cheek+Forehead
57_jpg.rf.f7725f4b003fc71aef765f0c5ad6a1ad.jpg,Flushing,150.84,138.67,131.2,70.74,Type_I,R_Cheek+Forehead
580_jpg.rf.4338bcbeffd090acc852eb82a48afa3b.jpg,Flushing,116.6,136.19,136.5,-26.71,Type_V,R_Cheek+L_Cheek+Forehead
582_jpg.rf.ac556cb3f6e0ee1a98875d3f9d87e7e4.jpg,Flushing,121.7,139.87,140.59,-10.24,Type_V,R_Cheek+Forehead
583_jpg.rf.c0b02b71acc60b4f17a9a4d713dda6c3.jpg,Flushing,144.01,144.63,140.06,28.23,Type_III,R_Cheek+L_Cheek+Forehead
584_jpg.rf.01f84de5d6f97882416baeab112a076f.jpg,Flushing,133.03,142.15,137.64,12.69,Type_IV,L_Cheek+Forehead
585_jpg.rf.aafd0e0d0e3a255496c49f82180b6d0f.jpg,Flushing,148.27,142.73,137.26,41.33,Type_II,R_Cheek+Forehead
586_jpg.rf.15a434de5bf6106b009db4d4b1cc7c1f.jpg,Flushing,174.51,139.89,142.95,50.96,Type_II,R_Cheek+L_Cheek+Forehead
587_jpg.rf.b1fddb0575fa7268710eabee72dcac44.jpg,Flushing,167.89,141.37,143.8,45.07,Type_II,L_Cheek+Forehead
588_jpg.rf.963745211cd2b4e79736643ca536b677.jpg,Flushing,167.66,140.36,140.59,51.35,Type_II,R_Cheek+Forehead
589_jpg.rf.aac2dd6b236a987b39df1cbd82837e44.jpg,Flushing,162.13,141.08,147.23,35.23,Type_III,R_Cheek+L_Cheek+Forehead
590_jpg.rf.1ef562a131682d69a250a2116eafa744.jpg,Flushing,174.8,140.6,141.4,54.15,Type_II,R_Cheek+Forehead
593_jpg.rf.0ff2b49d74d86556b3fd36756ae2ac35.jpg,Flushing,153.59,138.98,142.18,35.81,Type_III,L_Cheek+Forehead
594_jpg.rf.fc3b29e5995fd77c98df8efd41706c3f.jpg,Flushing,155.11,136.41,140.58,40.72,Type_III,R_Cheek+Forehead
595_jpg.rf.7c2713c19095f215235b3c174662f561.jpg,Flushing,157.3,138.51,132.44,69.17,Type_I,R_Cheek+L_Cheek+Forehead
596_jpg.rf.3ac74a2d44a2d6ae34b0c32847259d8f.jpg,Flushing,153.08,136.52,133.49,61.3,Type_I,L_Cheek+Forehead
597_jpg.rf.1c4f9965e8d8f207b5a6c7c96e338fc1.jpg,Flushing,145.39,136.81,133.07,54.15,Type_II,R_Cheek+Forehead
598_jpg.rf.71d63d1db0ce3b3cc75d17c9b906e665.jpg,Flushing,152.28,140.05,137.04,47.08,Type_II,R_Cheek+L_Cheek+Forehead
599_jpg.rf.adbb2fde6d16c09419db64ef854a66da.jpg,Flushing,140.94,135.65,134.03,41.16,Type_II,R_Cheek+Forehead
600_jpg.rf.710b90734f7ec4b379e51fd98143b7b3.jpg,Flushing,152.21,135.42,134.19,57.43,Type_I,R_Cheek+L_Cheek+Forehead
601_jpg.rf.7aec8ef12404eeff5500487649173d35.jpg,Flushing,137.7,147.55,140.96,17.15,Type_IV,R_Cheek+L_Cheek+Forehead
608_jpg.rf.fa34a78b5ba6d663e37886cc23c9fd46.jpg,Flushing,125.37,142.53,140.55,-3.81,Type_V,R_Cheek+Forehead
609_jpg.rf.dba02dcc996341b104bc638fe0f639cb.jpg,Flushing,155.17,142.38,138.6,45.67,Type_II,L_Cheek+Forehead
60_jpg.rf.df85e0af1bc43b2733bf6061b5b010ca.jpg,Flushing,149.95,136.26,137.24,43.62,Type_II,L_Cheek+Forehead
610_jpg.rf.9a3fb1db300625bc54f64f541e7970a8.jpg,Flushing,116.8,142.85,142.92,-15.71,Type_V,R_Cheek+L_Cheek+Forehead
611_jpg.rf.c7964936c052affa1c1a7bde480a8772.jpg,Flushing,101.92,143.2,142.85,-34.03,Type_VI,L_Cheek+Forehead
612_jpg.rf.bc45488d8bb1741797468a434278e77f.jpg,Flushing,101.87,144.63,143.02,-33.78,Type_VI,R_Cheek+Forehead
613_jpg.rf.324ac508102f89aa61f2e9157d7bb121.jpg,Flushing,110.35,139.0,143.92,-22.9,Type_V,R_Cheek+L_Cheek+Forehead
614_jpg.rf.56aac8f6819a903688e7aa09c7100fc8.jpg,Flushing,104.59,139.21,144.12,-29.14,Type_V,L_Cheek+Forehead
615_jpg.rf.e72f42f36fdfb46dfe705af229e9dd02.jpg,Flushing,93.1,137.51,142.38,-43.18,Type_VI,R_Cheek+Forehead
616_jpg.rf.71ed9bcdaa839a125972ff1b16ff7a17.jpg,Flushing,138.93,144.58,140.7,19.44,Type_IV,R_Cheek+L_Cheek+Forehead
617_jpg.rf.ecb8ad1551a09104eb84d54e77f8ec4c.jpg,Flushing,181.45,139.31,136.07,69.13,Type_I,L_Cheek+Forehead
619_jpg.rf.5f11f38f48ea2a755805433ccf032d8f.jpg,Flushing,148.72,138.93,136.76,43.55,Type_II,R_Cheek+L_Cheek+Forehead
61_jpg.rf.f0cc6ab197d861ac20023e3a4c5d3ecc.jpg,Flushing,170.24,141.68,141.68,50.77,Type_II,R_Cheek+L_Cheek+Forehead
620_jpg.rf.7a97f945437d7d8c58fb57b4f5da8188.jpg,Flushing,79.13,145.93,138.95,-60.01,Type_VI,R_Cheek+Forehead
622_jpg.rf.843adcb427fce52f25570402dd74575e.jpg,Flushing,151.32,138.85,139.05,40.22,Type_III,R_Cheek+L_Cheek+Forehead
623_jpg.rf.9ffb09ff3ba1d91b5aafab196573530d.jpg,Flushing,157.48,138.23,138.84,47.32,Type_II,R_Cheek+L_Cheek+Forehead
624_jpg.rf.00ea8514ddbbeb9768bbfcc4718bf438.jpg,Flushing,136.24,139.87,139.16,17.07,Type_IV,R_Cheek+Forehead
627_jpg.rf.42dd796e264452aeeec513cbde7f9fc6.jpg,Flushing,159.93,132.86,128.1,89.55,Type_I,R_Cheek+L_Cheek+Forehead
628_jpg.rf.861a2d9a070b5df0f38c7714c9bd7508.jpg,Flushing,125.01,138.91,146.5,-3.02,Type_V,R_Cheek+L_Cheek+Forehead
629_jpg.rf.f36475cba090c653cbebcc6fdd5d9564.jpg,Flushing,130.64,136.89,137.83,7.15,Type_V,L_Cheek+Forehead
62_jpg.rf.44da9c24e708164cebf705f210b5425f.jpg,Flushing,142.77,153.42,161.43,10.16,Type_IV,R_Cheek+L_Cheek+Forehead
62_jpg.rf.62640a63d9c35882cf21393b532e1f00.jpg,Flushing,157.94,139.25,140.3,44.14,Type_II,R_Cheek+Forehead
630_jpg.rf.471b0686476e02ce72dfe5bc05f71268.jpg,Flushing,138.7,140.01,142.31,17.06,Type_IV,R_Cheek+Forehead
632_jpg.rf.f67d1fa7a0b77b94ee79e7ff074c3c06.jpg,Flushing,139.65,139.29,137.07,27.71,Type_IV,L_Cheek+Forehead
633_jpg.rf.1d0c8edd695a3e11d31ac735b44404f5.jpg,Flushing,151.42,145.22,137.98,43.22,Type_II,R_Cheek+Forehead
634_jpg.rf.b30f95a25f46f3825ce2a3ca09803c76.jpg,Flushing,137.94,134.62,133.73,35.54,Type_III,R_Cheek+L_Cheek+Forehead
635_jpg.rf.92295e413c9f5941263b0130a359be9d.jpg,Flushing,107.49,134.92,137.01,-41.05,Type_VI,L_Cheek+Forehead
638_jpg.rf.9f2c4dc07bae58c92e3412af47b1954b.jpg,Flushing,152.52,144.34,138.36,43.43,Type_II,L_Cheek+Forehead
639_jpg.rf.7b7adc00d87a19e2d855e6698ae3ad39.jpg,Flushing,132.3,144.19,138.03,10.62,Type_IV,R_Cheek+Forehead
63_jpg.rf.2dfe9200f5991895070d63027cf6124a.jpg,Flushing,162.98,128.06,127.46,-87.78,Type_VI,R_Cheek+L_Cheek+Forehead
63_jpg.rf.a5c4639ee883c471d7c469519a854674.jpg,Flushing,161.21,140.29,137.69,53.77,Type_II,L_Cheek+Forehead
640_jpg.rf.5dbb425afedd4325c2e9ad1c80905a1d.jpg,Flushing,109.7,138.51,140.37,-29.44,Type_V,R_Cheek+L_Cheek+Forehead
641_jpg.rf.e8f44b450a524fb3457005746096214b.jpg,Flushing,169.26,134.19,136.24,63.29,Type_I,L_Cheek+Forehead
642_jpg.rf.7f1ebb267f90faee62dd6a75e95983b4.jpg,Flushing,145.3,141.9,143.63,24.06,Type_IV,R_Cheek+Forehead
64_jpg.rf.959fc6cc14c7721ca60ce128a2f52906.jpg,Flushing,121.99,145.99,146.64,-6.61,Type_V,R_Cheek+L_Cheek+Forehead
652_jpg.rf.5f65624cb986463652fbe31f30c53209.jpg,Flushing,146.4,138.21,146.92,21.39,Type_IV,R_Cheek+L_Cheek+Forehead
653_jpg.rf.0801f1f335e0069756531f4458466e90.jpg,Flushing,156.61,139.68,144.4,34.83,Type_III,L_Cheek+Forehead
654_jpg.rf.813dc82ee1afab4a5f59f64386e233a5.jpg,Flushing,115.09,143.06,144.68,-16.27,Type_V,R_Cheek+Forehead
655_jpg.rf.e7fbf42399a6efb50cd42f102123a5a5.jpg,Flushing,155.46,142.07,142.18,37.71,Type_III,R_Cheek+L_Cheek+Forehead
656_jpg.rf.ec68af54bca52c941895407ac813344d.jpg,Flushing,152.03,141.4,141.58,35.32,Type_III,R_Cheek+Forehead
657_jpg.rf.5faf14a40a24cdce05161b32f7e239b4.jpg,Flushing,159.86,135.45,137.36,53.58,Type_II,L_Cheek+Forehead
658_jpg.rf.c15219d4bb5b94d325cba1822916bf09.jpg,Flushing,156.57,136.16,135.74,55.81,Type_I,R_Cheek+L_Cheek+Forehead
659_jpg.rf.7eaac96f10a529a717ab343d36a56dae.jpg,Flushing,137.01,137.98,138.86,18.97,Type_IV,R_Cheek+Forehead
65_jpg.rf.ce2af0f4224bd487217849c5f0fe52aa.jpg,Flushing,102.43,128.0,128.0,-89.99,Type_VI,R_Cheek+L_Cheek+Forehead
660_jpg.rf.5170635e92618b500c118b036a676fc3.jpg,Flushing,163.7,139.87,139.43,51.16,Type_II,L_Cheek+Forehead
661_jpg.rf.dfbcfa2e27deedb38d089d11adc77687.jpg,Flushing,148.56,154.01,151.75,19.17,Type_IV,R_Cheek+L_Cheek+Forehead
662_jpg.rf.cac2298b3ac87947dd2f3bfb32329fee.jpg,Flushing,127.13,152.33,145.41,-0.48,Type_V,L_Cheek+Forehead
663_jpg.rf.c497e2e4437b0fb86c77abafe86fe317.jpg,Flushing,120.43,151.14,149.08,-7.5,Type_V,R_Cheek+Forehead
665_jpg.rf.ad55574f3dfc38569f450a23f36dd319.jpg,Flushing,139.68,135.73,135.07,34.03,Type_III,L_Cheek+Forehead
666_jpg.rf.d03536d003f376d2610cc1820db39056.jpg,Flushing,148.14,137.85,136.67,43.04,Type_II,R_Cheek+Forehead
667_jpg.rf.a2185a44ebf7d5a46582e520b64afe13.jpg,Flushing,114.05,142.67,137.72,-28.48,Type_V,R_Cheek+L_Cheek+Forehead
668_jpg.rf.92df579d01908732aa6c4880150584e1.jpg,Flushing,126.59,143.48,135.68,-2.67,Type_V,L_Cheek+Forehead
669_jpg.rf.12858120a44df312b967afaf6bb8a3d6.jpg,Flushing,130.59,142.35,134.68,10.3,Type_IV,R_Cheek+Forehead
670_jpg.rf.449d9e9be727414ad1d89c56825f6bf3.jpg,Flushing,141.57,148.74,145.62,17.39,Type_IV,R_Cheek+L_Cheek+Forehead
671_jpg.rf.e0b72bd05517bdca562f3e4b29dccff3.jpg,Flushing,135.69,146.34,142.73,12.31,Type_IV,L_Cheek+Forehead
672_jpg.rf.d9c4d58d01f8d56270c080c0a4284640.jpg,Flushing,129.07,146.06,143.36,2.29,Type_V,R_Cheek+Forehead
682_jpg.rf.9f889c0659ebd06ebb9be69cc7025288.jpg,Flushing,170.01,136.81,130.07,82.93,Type_I,R_Cheek+L_Cheek+Forehead
683_jpg.rf.72cb13c2fc1efd002d2d7905346e7870.jpg,Flushing,105.9,134.73,129.73,-78.48,Type_VI,R_Cheek+Forehead
684_jpg.rf.6ce5ef0cbbb9ccce56930f18faf335e6.jpg,Flushing,150.62,132.91,127.4,-86.19,Type_VI,R_Cheek+L_Cheek+Forehead
685_jpg.rf.f2d28b869c053ecb5cc04e2679255a3e.jpg,Flushing,147.74,133.79,134.63,50.13,Type_II,R_Cheek+L_Cheek+Forehead
687_jpg.rf.0a79c0364135ee1c4b000f790dab916d.jpg,Flushing,129.27,132.31,133.21,7.61,Type_V,R_Cheek+Forehead
69_jpg.rf.b2c3f06a6a4907dd2598659409d67a8b.jpg,Flushing,186.37,128.0,128.0,90.0,Type_I,R_Cheek+L_Cheek+Forehead
6_jpeg.rf.36b6e8857c473c24b5f921982358f2be.jpg,Flushing,148.5,146.06,141.64,31.13,Type_III,R_Cheek+L_Cheek+Forehead
6_jpg.rf.9d908c7c1178524fe3d8c3332784e83a.jpg,Flushing,143.17,143.06,146.99,17.92,Type_IV,L_Cheek+Forehead
71_jpg.rf.1a1605105a243f75ee0bf7d1183794c3.jpg,Flushing,171.96,142.01,147.1,42.38,Type_II,R_Cheek+Forehead
72_jpg.rf.b0db281bdcf6e3a83c86826d7cd66f8c.jpg,Flushing,147.2,140.87,145.61,23.69,Type_IV,L_Cheek+Forehead
74_jpg.rf.9d8dacafb7a2427e3ebbbf91615592a2.jpg,Flushing,122.59,128.0,128.0,-89.97,Type_VI,R_Cheek+L_Cheek+Forehead
75_jpg.rf.452733ee1aa7ba860f394d983e9f9709.jpg,Flushing,65.2,151.02,151.61,-45.97,Type_VI,R_Cheek+L_Cheek+Forehead
75_jpg.rf.9609fd95bd19b9c05f1691cf08a46c78.jpg,Flushing,159.68,132.91,139.09,48.69,Type_II,R_Cheek+Forehead
77_jpg.rf.db5f96a519248922b33e8f1894bb5d1c.jpg,Flushing,130.72,128.0,128.0,89.95,Type_I,R_Cheek+L_Cheek+Forehead
7_jpeg.rf.19a66f00157fd72959a4cf584907151c.jpg,Flushing,116.68,144.82,142.42,-16.4,Type_V,R_Cheek+L_Cheek+Forehead
82_jpg.rf.f3fc3ab1061cf66a268a3608d5c8a8fd.jpg,Flushing,129.77,141.4,142.04,3.64,Type_V,R_Cheek+L_Cheek+Forehead
83_jpg.rf.32489e2c975fb38f634ee24d36e0ce44.jpg,Flushing,127.96,139.56,140.52,0.83,Type_V,L_Cheek+Forehead
84_jpg.rf.5533fdc774c54d89b4612fe383aeeed6.jpg,Flushing,146.5,139.98,141.27,29.32,Type_III,R_Cheek+Forehead
86_jpg.rf.b1eb85400c6489e45fda7bfd78b8479a.jpg,Flushing,142.67,128.0,128.0,89.99,Type_I,R_Cheek+Forehead
87_jpg.rf.33d82ed407139561c078ebb4c1488191.jpg,Flushing,172.02,135.25,137.75,60.82,Type_I,R_Cheek+Forehead
88_jpg.rf.2830a6426102f232e94d7dbb368820ad.jpg,Flushing,152.66,141.61,143.77,32.03,Type_III,R_Cheek+L_Cheek+Forehead
89_jpg.rf.492679605078fe6d984a4de2d6d1d1fc.jpg,Flushing,113.56,128.0,128.0,-89.99,Type_VI,R_Cheek+L_Cheek+Forehead
89_jpg.rf.bc7e6f35b070c1172a6b221ac8a150e1.jpg,Flushing,165.22,140.37,142.99,44.63,Type_II,R_Cheek+Forehead
90_jpg.rf.da719d7d4caaec3ebe5cf345fdb4c511.jpg,Flushing,114.4,128.0,128.0,-89.99,Type_VI,R_Cheek+L_Cheek+Forehead
90_jpg.rf.fc83938b1756c4090001ee814631e7d0.jpg,Flushing,139.15,140.88,142.58,17.39,Type_IV,L_Cheek+Forehead
92_jpg.rf.ec1e19ea9e13d74bda97ab42c93170f7.jpg,Flushing,138.48,140.53,147.86,12.24,Type_IV,R_Cheek+Forehead
93_jpg.rf.5e02edb1912b99b0b71be88e6b68faad.jpg,Flushing,190.12,127.08,130.96,83.13,Type_I,R_Cheek+L_Cheek+Forehead
93_jpg.rf.84924744faf0f11404a4c349367de1fc.jpg,Flushing,149.22,141.39,150.27,20.93,Type_IV,L_Cheek+Forehead
94_jpg.rf.fc7b30de8e3e9f6ad8d9aa3332b8bff3.jpg,Flushing,176.15,146.28,156.87,33.46,Type_III,R_Cheek+L_Cheek+Forehead
95_jpg.rf.6457f06567a0806547b8791a1648976e.jpg,Flushing,174.12,136.55,132.94,74.88,Type_I,L_Cheek+Forehead
95_jpg.rf.ad67301a031e1ef07cb4fb65047f2a0f.jpg,Flushing,164.78,141.85,141.86,46.52,Type_II,R_Cheek+L_Cheek+Forehead
96_jpg.rf.2a3155f6f48a4694eb07b7c8ada62062.jpg,Flushing,167.6,134.7,138.88,55.31,Type_I,R_Cheek+Forehead
97723bf3c1966b6736962b435dd43bda_jpg.rf.def425e1ce709e358bfc922cc76c9495.jpg,Flushing,199.56,139.38,141.72,64.1,Type_I,R_Cheek+L_Cheek+Forehead
97_jpg.rf.939bf74bb80952e45801e17c112ab6fc.jpg,Flushing,127.31,127.99,126.99,4.13,Type_V,R_Cheek+L_Cheek+Forehead
98_jpg.rf.2e872045f1e38113b6671c8c750e3393.jpg,Flushing,146.19,140.52,139.97,31.49,Type_III,R_Cheek+Forehead
9adc08c5984e083261d3a71542295d26_jpg.rf.ced517fbb7f0a969c25de857268b7029.jpg,Flushing,149.97,142.47,147.89,23.9,Type_IV,R_Cheek+L_Cheek+Forehead
9de7356fc7fe5df062b9719352b38f9c_jpg.rf.bf9be9487b043bd0283a3a14fcfa7981.jpg,Flushing,191.22,140.35,140.51,63.41,Type_I,R_Cheek+Forehead
9_jpeg.rf.45c868afbddabf7c70a2be219f52c54c.jpg,Flushing,151.39,139.34,146.58,26.76,Type_IV,R_Cheek+Forehead
acne-1-_jpg.rf.82a8441a30e1623ef5d576763afa44ab.jpg,Flushing,193.81,135.89,146.96,53.9,Type_II,L_Cheek+Forehead
acne-11-_PNG.rf.639114c7c0a0d5e55c90d0ee696e3611.jpg,Flushing,176.86,141.33,143.48,51.35,Type_II,R_Cheek+Forehead
acne-147-_jpg.rf.37609a10739d58929e7fafa3f33172ed.jpg,Flushing,177.46,138.87,137.67,63.72,Type_I,R_Cheek+L_Cheek+Forehead
acne-154-_jpg.rf.4b00045a24052fb9c2fa63bd942e783d.jpg,Flushing,168.2,140.35,143.78,45.33,Type_II,L_Cheek+Forehead
acne-20-_jpeg.rf.695943127df1a4981feec6a27440eff6.jpg,Flushing,146.08,151.79,151.32,17.35,Type_IV,R_Cheek+L_Cheek+Forehead
acne-21-_jpeg.rf.8b5445d2b3b316564d79fc4822df6791.jpg,Flushing,147.08,127.63,136.81,41.09,Type_II,R_Cheek+Forehead
acne-24-_png.rf.37aeee358f2233c0e364123062ac26fb.jpg,Flushing,157.56,145.75,150.77,27.37,Type_IV,L_Cheek+Forehead
acne-26-_jpeg.rf.3ba48c9061a39a553bc183365305b9d5.jpg,Flushing,175.35,136.35,147.34,44.14,Type_II,R_Cheek+L_Cheek+Forehead
acne-28-_png.rf.9cd2cb99486a21b81a8db60af23a90a9.jpg,Flushing,160.71,132.91,134.14,64.76,Type_I,L_Cheek+Forehead
acne-29-_jpeg.rf.c867c3783b29cae4eac9bc9441a81a29.jpg,Flushing,195.26,143.27,141.75,62.63,Type_I,R_Cheek+L_Cheek+Forehead
acne-33-_jpg.rf.6f66983f0e276ae205d5a3b61f1b1ce9.jpg,Flushing,198.8,139.83,138.93,68.66,Type_I,L_Cheek+Forehead
acne-33-_png.rf.e5d0eb78a813aec4e667a407f9347872.jpg,Flushing,163.31,141.06,143.41,42.33,Type_II,R_Cheek+L_Cheek+Forehead
acne-39-_jpg.rf.37fb8c36f1550582195d8ded8613fbbe.jpg,Flushing,154.51,137.14,138.41,45.49,Type_II,L_Cheek+Forehead
acne-4-_png.rf.435a2cd5cf7bd4a6cdd26e632d54e862.jpg,Flushing,154.71,148.55,140.92,39.55,Type_III,R_Cheek+L_Cheek+Forehead
acne-42-_jpg.rf.f9dad76b0c15078e72616d27d02d1dc8.jpg,Flushing,144.99,136.39,129.71,75.99,Type_I,L_Cheek+Forehead
acne-47-_png.rf.d9551750ba9c085491ccf6d6a52525e8.jpg,Flushing,170.95,141.46,139.72,55.48,Type_I,R_Cheek+L_Cheek+Forehead
acne-50-_png.rf.f93b99f73b8a804c04cf5ec87b045895.jpg,Flushing,153.72,147.39,145.45,30.5,Type_III,R_Cheek+L_Cheek+Forehead
acne-5561750_1280_jpg.rf.3259cd4b32289ae53c148dc23b3533c9.jpg,Flushing,172.3,149.65,154.23,33.81,Type_III,L_Cheek+Forehead
acne-56-_jpeg.rf.a415154a15ccf76bcf3a4b6ccad3581d.jpg,Flushing,161.06,139.25,136.86,56.06,Type_I,R_Cheek+L_Cheek+Forehead
acne-6-_jpeg.rf.ae4fe484f90b9e0cc9b21d9b02fc723f.jpg,Flushing,182.7,146.46,142.13,56.87,Type_I,R_Cheek+L_Cheek+Forehead
acne-6-_png.rf.19e5acb80e4c8f551154a9c8fbaf50cc.jpg,Flushing,180.65,142.19,136.78,67.15,Type_I,R_Cheek+L_Cheek+Forehead
acne-63-_jpg.rf.dddf4ed87c45f2f4d3e044635d38880b.jpg,Flushing,192.95,143.17,141.36,62.5,Type_I,R_Cheek+L_Cheek+Forehead
acne-7-_jpg.rf.1e24797303bddbcea4ea707da4c0a8c6.jpg,Flushing,193.82,140.63,139.91,65.38,Type_I,L_Cheek+Forehead
acne-7-_png.rf.be4325a2546ed7e0127f40a517732d24.jpg,Flushing,148.38,151.12,137.12,41.93,Type_II,R_Cheek+Forehead
acne-722-_jpg.rf.cd65a10cdd1bb0e9bda3279afe85b23a.jpg,Flushing,124.19,139.63,145.55,-4.24,Type_V,R_Cheek+L_Cheek+Forehead
acne-74-_jpg.rf.4a005e9a3be17be65e8889457e8a5167.jpg,Flushing,161.85,139.21,136.67,57.23,Type_I,R_Cheek+L_Cheek+Forehead
acne-749-_jpg.rf.2c8a1cfc71cf3d8b1d28232ee5c98ec3.jpg,Flushing,203.2,138.81,140.21,67.65,Type_I,R_Cheek+L_Cheek+Forehead
acne-792-_jpg.rf.40e4ec42c28f874945686c505bcfb716.jpg,Flushing,139.93,141.96,139.35,23.24,Type_IV,R_Cheek+L_Cheek+Forehead
acne-793-_jpg.rf.3c8d51d3a5ffcb55fcf004b646fa4fe7.jpg,Flushing,106.76,141.62,137.58,-40.34,Type_VI,R_Cheek+L_Cheek+Forehead
acne-81-_jpg.rf.4e8f9566a40c108ca572af8b7748a991.jpg,Flushing,155.33,145.58,141.66,38.62,Type_III,R_Cheek+L_Cheek+Forehead
acne-84-_jpg.rf.71bf77680dc70ec0e158b7b6610a3321.jpg,Flushing,192.84,135.93,146.82,53.7,Type_II,L_Cheek+Forehead
acne-845-_jpg.rf.3cd1fa7e362a5145a19b0c15cca7431d.jpg,Flushing,116.26,140.98,134.71,-33.29,Type_VI,R_Cheek+Forehead
acne-88-_jpeg.rf.2ef65e51a70140d7085519d78b282d1a.jpg,Flushing,122.97,156.79,148.03,-5.06,Type_V,L_Cheek+Forehead
acne-closed-comedo-10.jpg,Flushing,113.36,139.23,144.61,-18.46,Type_V,R_Cheek+L_Cheek+Forehead
acne-cystic-11.jpg,Flushing,118.29,145.89,144.92,-12.05,Type_V,R_Cheek+L_Cheek+Forehead
acne-cystic-112.jpg,Flushing,127.95,155.19,147.03,0.54,Type_V,R_Cheek+L_Cheek+Forehead
acne-cystic-117.jpg,Flushing,81.89,154.55,132.05,-77.24,Type_VI,R_Cheek+L_Cheek+Forehead
acne-cystic-121.jpg,Flushing,126.26,150.96,136.08,-3.44,Type_V,R_Cheek+L_Cheek+Forehead
acne-cystic-142.jpg,Flushing,124.43,139.42,144.32,-4.22,Type_V,R_Cheek+L_Cheek+Forehead
acne-cystic-143.jpg,Flushing,105.43,138.63,143.34,-29.43,Type_V,R_Cheek+L_Cheek+Forehead
acne-cystic-43.jpg,Flushing,145.24,143.16,137.09,37.42,Type_III,R_Cheek+Forehead
acne-cystic-84.jpg,Flushing,113.23,154.3,147.37,-16.11,Type_V,R_Cheek+L_Cheek+Forehead
acne-excoriated-12.jpg,Flushing,114.14,137.13,119.01,30.23,Type_III,R_Cheek+L_Cheek+Forehead
acne-excoriated-16.jpg,Flushing,95.88,140.81,121.35,61.8,Type_I,R_Cheek+L_Cheek+Forehead
acne-excoriated-18.jpg,Flushing,65.0,139.47,130.72,-83.67,Type_VI,L_Cheek+Forehead
acne-excoriated-19.jpg,Flushing,84.4,140.87,129.96,-83.39,Type_VI,R_Cheek+L_Cheek+Forehead
acne-excoriated-21.jpg,Flushing,178.64,136.66,148.03,45.04,Type_II,R_Cheek+L_Cheek+Forehead
acne-excoriated-22.jpg,Flushing,155.71,137.87,148.71,28.11,Type_III,R_Cheek+L_Cheek+Forehead
acne-excoriated-26.jpg,Flushing,110.98,136.14,123.95,58.01,Type_I,R_Cheek+Forehead
acne-excoriated-30.jpg,Flushing,82.42,135.57,120.03,65.74,Type_I,L_Cheek+Forehead
acne-infantile-15.jpg,Flushing,123.69,144.03,146.56,-4.61,Type_V,R_Cheek+L_Cheek
acne-infantile-6.jpg,Flushing,135.4,141.95,151.16,7.62,Type_V,R_Cheek+L_Cheek+Forehead
acne-infantile-7.jpg,Flushing,113.55,141.88,140.19,-24.17,Type_V,L_Cheek+Forehead
acne-open-comedo-6.jpg,Flushing,139.45,149.9,135.52,31.94,Type_III,R_Cheek+L_Cheek+Forehead
acne-prone-skin_10_jpeg.rf.007859612d9d07b9438938ca6e95815e.jpg,Flushing,168.49,141.33,143.2,46.61,Type_II,R_Cheek+L_Cheek+Forehead
acne-prone-skin_11_jpeg.rf.fc9cd79ab85e08ade998da7f2434444a.jpg,Flushing,193.32,141.32,138.11,68.6,Type_I,R_Cheek+Forehead
acne-prone-skin_123_png.rf.18cb64271c93562ac4510e32e925914a.jpg,Flushing,168.03,142.02,147.21,39.6,Type_III,R_Cheek+L_Cheek+Forehead
acne-prone-skin_134_jpeg.rf.bd1ec5c68dc070bd55a06a75de3ecc31.jpg,Flushing,139.63,139.18,136.54,29.13,Type_III,R_Cheek+Forehead
acne-prone-skin_135_jpeg.rf.9d4185111db5f3933b03be48e505b9de.jpg,Flushing,137.56,139.69,144.0,13.84,Type_IV,R_Cheek+L_Cheek+Forehead
acne-prone-skin_137_jpeg.rf.7de564b4f65369bc51af193c659a5dda.jpg,Flushing,161.3,149.23,145.99,36.37,Type_III,R_Cheek+L_Cheek+Forehead
acne-prone-skin_148_jpeg.rf.d6b046b0de970eb0d888722b76b12794.jpg,Flushing,179.68,141.73,147.97,45.7,Type_II,R_Cheek+L_Cheek+Forehead
acne-prone-skin_165_jpeg.rf.bd656f67f2ba086e7902e1338cba3bff.jpg,Flushing,167.98,139.55,146.02,41.38,Type_II,R_Cheek+Forehead
acne-prone-skin_170_jpeg.rf.51e9082ef4e5268483bd151a06b97aba.jpg,Flushing,197.37,142.39,148.33,53.42,Type_II,R_Cheek+Forehead
acne-prone-skin_180_jpeg.rf.cfebca2fccb0190bd67eb97d14a54b89.jpg,Flushing,193.59,146.68,146.63,54.3,Type_II,L_Cheek+Forehead
acne-prone-skin_184_jpeg.rf.905acf5912a29082c82e02a25aa5e795.jpg,Flushing,163.95,145.01,150.89,31.98,Type_III,R_Cheek+Forehead
acne-pustular-18.jpg,Flushing,118.29,145.89,144.92,-12.05,Type_V,R_Cheek+L_Cheek+Forehead
acne-pustular-25.jpg,Flushing,117.81,150.0,144.29,-13.13,Type_V,R_Cheek+L_Cheek
acne-pustular-32.jpg,Flushing,160.45,151.23,131.15,76.3,Type_I,R_Cheek+L_Cheek+Forehead
acne-pustular-56.jpg,Flushing,125.26,140.94,147.65,-2.56,Type_V,R_Cheek+L_Cheek+Forehead
acne-pustular-62.jpg,Flushing,96.92,135.14,144.2,-36.51,Type_VI,R_Cheek+L_Cheek+Forehead
acne-pustular-8.jpg,Flushing,129.84,145.99,134.02,8.66,Type_V,R_Cheek+L_Cheek
aug_1010_07PerioralDermNose.jpg,Flushing,77.01,137.21,133.45,-74.62,Type_VI,R_Cheek+L_Cheek+Forehead
aug_1011_07RosaceaK02164.jpg,Flushing,121.56,147.86,136.43,-15.46,Type_V,R_Cheek+L_Cheek+Forehead
aug_1024_rosacea-41.jpg,Flushing,128.75,135.6,128.11,77.06,Type_I,R_Cheek+L_Cheek+Forehead
aug_102_acne-cystic-11.jpg,Flushing,108.39,144.15,143.21,-26.22,Type_V,R_Cheek+L_Cheek+Forehead
aug_1040_acne-pustular-8.jpg,Flushing,146.3,147.42,134.45,48.84,Type_II,R_Cheek+L_Cheek+Forehead
aug_1043_acne-cystic-84.jpg,Flushing,103.54,149.72,143.78,-30.78,Type_VI,R_Cheek+L_Cheek+Forehead
aug_105_perioral-dermatitis-106.jpg,Flushing,98.03,144.01,132.11,-70.43,Type_VI,R_Cheek+L_Cheek+Forehead
aug_1078_rosacea-99.jpg,Flushing,131.29,134.37,127.72,-79.47,Type_VI,R_Cheek+L_Cheek+Forehead
aug_1083_rosacea-41.jpg,Flushing,113.51,135.81,128.23,-87.64,Type_VI,R_Cheek+L_Cheek+Forehead
aug_1085_perioral-dermatitis-19.jpg,Flushing,134.45,142.15,144.9,9.16,Type_V,R_Cheek+L_Cheek
aug_1097_acne-excoriated-18.jpg,Flushing,68.84,139.99,131.42,-81.54,Type_VI,R_Cheek+Forehead
aug_1099_rosacea-95.jpg,Flushing,142.83,135.78,130.53,67.14,Type_I,R_Cheek+L_Cheek+Forehead
aug_1104_rosacea-75.jpg,Flushing,157.76,138.95,133.03,67.03,Type_I,R_Cheek+L_Cheek+Forehead
aug_1124_acne-pustular-25.jpg,Flushing,101.34,145.85,141.07,-38.12,Type_VI,R_Cheek+L_Cheek
aug_1128_acne-excoriated-12.jpg,Flushing,106.31,135.92,120.15,46.62,Type_II,R_Cheek+L_Cheek+Forehead
aug_1129_perioral-dermatitis-88.jpg,Flushing,136.32,143.29,138.43,18.35,Type_IV,R_Cheek+L_Cheek
aug_1134_acne-excoriated-12.jpg,Flushing,135.52,139.47,116.79,-15.67,Type_V,R_Cheek+L_Cheek+Forehead
aug_1152_rosacea-109.jpg,Flushing,91.94,136.92,144.27,-40.6,Type_VI,R_Cheek+L_Cheek+Forehead
aug_1154_rosacea-116.jpg,Flushing,145.26,135.11,133.51,51.64,Type_II,R_Cheek+L_Cheek+Forehead
aug_1156_rosacea-95.jpg,Flushing,152.77,136.17,130.58,75.38,Type_I,R_Cheek+L_Cheek+Forehead
aug_1162_acne-excoriated-26.jpg,Flushing,90.2,133.86,125.09,78.76,Type_I,L_Cheek+Forehead
aug_1168_rosacea-15.jpg,Flushing,106.85,140.77,138.65,-37.24,Type_VI,R_Cheek+L_Cheek+Forehead
aug_1184_perioral-dermatitis-132.jpg,Flushing,151.77,143.79,138.45,42.32,Type_II,R_Cheek+L_Cheek
aug_1188_perioral-dermatitis-51.jpg,Flushing,126.98,146.95,137.91,-1.17,Type_V,R_Cheek+L_Cheek
aug_1206_rosacea-33.jpg,Flushing,126.84,141.24,141.29,-1.11,Type_V,R_Cheek+L_Cheek+Forehead
aug_120_perioral-dermatitis-52.jpg,Flushing,101.09,139.47,138.72,-44.01,Type_VI,R_Cheek+L_Cheek
aug_1211_rosacea-38.jpg,Flushing,122.63,145.25,138.59,-10.22,Type_V,R_Cheek+L_Cheek+Forehead
aug_122_acne-pustular-8.jpg,Flushing,131.18,145.55,133.9,13.77,Type_IV,R_Cheek+L_Cheek+Forehead
aug_1243_perioral-dermatitis-36.jpg,Flushing,152.66,145.66,141.04,37.11,Type_III,R_Cheek+L_Cheek+Forehead
aug_1252_acne-infantile-12.jpg,Flushing,124.27,148.67,153.47,-2.85,Type_V,L_Cheek+Forehead
aug_1253_rosacea-nose-22.jpg,Flushing,143.03,142.86,146.07,18.63,Type_IV,R_Cheek+L_Cheek+Forehead
aug_1258_perioral-dermatitis-137.jpg,Flushing,131.33,131.71,132.1,20.11,Type_IV,R_Cheek+L_Cheek+Forehead
aug_1261_rosacea-60.jpg,Flushing,191.97,136.3,131.35,82.46,Type_I,R_Cheek+L_Cheek+Forehead
aug_1264_rosacea-98.jpg,Flushing,71.39,138.54,137.07,-67.59,Type_VI,R_Cheek+L_Cheek+Forehead
aug_1266_acne-cystic-112.jpg,Flushing,116.44,149.78,142.87,-16.26,Type_V,R_Cheek+L_Cheek+Forehead
aug_1268_rosacea-60.jpg,Flushing,149.21,135.13,130.72,72.28,Type_I,R_Cheek+L_Cheek+Forehead
aug_127_rosacea-50.jpg,Flushing,178.64,132.07,138.42,62.54,Type_I,R_Cheek+L_Cheek+Forehead
aug_1280_07RosaceaK02163.jpg,Flushing,128.29,146.19,136.54,2.07,Type_V,R_Cheek+L_Cheek+Forehead
aug_1282_rosacea-95.jpg,Flushing,119.52,134.48,130.02,-57.19,Type_VI,R_Cheek+L_Cheek+Forehead
aug_1283_acne-excoriated-23.jpg,Flushing,150.62,146.64,138.59,40.57,Type_III,R_Cheek+L_Cheek
aug_1296_perioral-dermatitis-31.jpg,Flushing,108.23,142.25,136.28,-42.4,Type_VI,R_Cheek+L_Cheek
aug_1297_acne-pustular-62.jpg,Flushing,100.86,133.81,141.75,-37.23,Type_VI,R_Cheek+L_Cheek+Forehead
aug_1298_rosacea-54.jpg,Flushing,133.98,133.91,130.92,41.07,Type_II,R_Cheek+L_Cheek+Forehead
aug_129_07RosaceaOK0828063.jpg,Flushing,99.83,140.92,142.03,-37.73,Type_VI,R_Cheek+L_Cheek+Forehead
aug_1310_acne-open-comedo-6.jpg,Flushing,140.32,148.34,135.17,35.05,Type_III,R_Cheek+L_Cheek+Forehead
aug_1313_acne-excoriated-22.jpg,Flushing,159.1,138.05,149.02,30.53,Type_III,R_Cheek+L_Cheek+Forehead
aug_1315_rosacea-113.jpg,Flushing,161.12,140.11,151.19,29.62,Type_III,R_Cheek+L_Cheek+Forehead
aug_1320_rosacea-96.jpg,Flushing,107.92,130.91,130.71,-70.53,Type_VI,R_Cheek+L_Cheek+Forehead
aug_132_rosacea-38.jpg,Flushing,117.18,147.93,140.36,-18.14,Type_V,R_Cheek+L_Cheek+Forehead
aug_1331_acne-cystic-142.jpg,Flushing,131.82,139.12,144.19,5.97,Type_V,R_Cheek+L_Cheek+Forehead
aug_1334_acne-excoriated-28.jpg,Flushing,92.18,134.25,124.38,75.37,Type_I,R_Cheek+L_Cheek+Forehead
aug_1335_07RosaceaFulFAce.jpg,Flushing,158.25,148.35,142.0,40.74,Type_III,R_Cheek+L_Cheek+Forehead
aug_1347_rosacea-14.jpg,Flushing,141.67,141.7,138.53,27.81,Type_IV,R_Cheek+L_Cheek+Forehead
aug_1349_rosacea-98.jpg,Flushing,79.47,139.78,138.29,-61.34,Type_VI,R_Cheek+L_Cheek+Forehead
aug_1353_perioral-dermatitis-106.jpg,Flushing,107.87,146.74,132.68,-58.68,Type_VI,R_Cheek+L_Cheek+Forehead
aug_135_acne-cystic-42.jpg,Flushing,132.18,151.86,140.61,8.28,Type_V,R_Cheek+L_Cheek
aug_1367_07PerioralDermNose.jpg,Flushing,87.82,138.55,134.56,-67.15,Type_VI,L_Cheek+Forehead
aug_136_acne-pustular-8.jpg,Flushing,139.6,148.07,134.96,34.27,Type_III,R_Cheek+L_Cheek+Forehead
aug_1372_perioral-dermatitis-95.jpg,Flushing,124.9,141.78,135.8,-7.44,Type_V,R_Cheek+L_Cheek+Forehead
aug_1388_perioral-dermatitis-31.jpg,Flushing,104.33,139.68,134.9,-52.78,Type_VI,R_Cheek+L_Cheek
aug_1396_perioral-dermatitis-19.jpg,Flushing,142.4,145.88,149.15,15.44,Type_IV,R_Cheek+L_Cheek
aug_139_acne-infantile-15.jpg,Flushing,144.89,147.98,151.69,16.06,Type_IV,R_Cheek+L_Cheek
aug_13_perioral-dermatitis-122.jpg,Flushing,148.83,132.01,132.66,60.88,Type_I,R_Cheek+L_Cheek+Forehead
aug_1409_rosacea-74.jpg,Flushing,108.3,134.72,131.25,-66.66,Type_VI,R_Cheek+L_Cheek+Forehead
aug_140_perioral-dermatitis-123.jpg,Flushing,104.52,137.77,142.3,-32.22,Type_VI,R_Cheek+L_Cheek+Forehead
aug_141_perioral-dermatitis-101.jpg,Flushing,93.84,149.77,133.34,-67.99,Type_VI,R_Cheek+L_Cheek+Forehead
aug_141_rosacea-78.jpg,Flushing,137.18,135.73,128.69,79.68,Type_I,R_Cheek+L_Cheek+Forehead
aug_1420_perioral-dermatitis-39.jpg,Flushing,128.74,146.72,134.71,4.16,Type_V,R_Cheek+L_Cheek
aug_1421_rosacea-114.jpg,Flushing,148.56,151.72,151.37,19.46,Type_IV,R_Cheek+L_Cheek+Forehead
aug_1423_rosacea-41.jpg,Flushing,119.99,135.16,128.03,-89.33,Type_VI,R_Cheek+L_Cheek+Forehead
aug_1425_acne-infantile-15.jpg,Flushing,117.08,142.92,144.32,-14.05,Type_V,R_Cheek+L_Cheek
aug_1429_rosacea-75.jpg,Flushing,156.43,139.2,133.12,65.73,Type_I,R_Cheek+L_Cheek+Forehead
aug_1434_rosacea-32.jpg,Flushing,138.86,141.63,140.46,19.66,Type_IV,R_Cheek+Forehead
aug_1438_rosacea-97.jpg,Flushing,120.6,138.76,134.56,-22.39,Type_V,R_Cheek+L_Cheek+Forehead
aug_1452_perioral-dermatitis-125.jpg,Flushing,126.91,145.02,147.94,-0.67,Type_V,R_Cheek+L_Cheek
aug_1454_rosacea-114.jpg,Flushing,115.98,148.57,146.84,-13.48,Type_V,R_Cheek+L_Cheek+Forehead
aug_1456_acne-excoriated-22.jpg,Flushing,181.2,136.56,151.29,42.12,Type_II,R_Cheek+L_Cheek+Forehead
aug_1463_rosacea-101.jpg,Flushing,80.0,138.77,131.49,-79.38,Type_VI,R_Cheek+L_Cheek+Forehead
aug_146_perioral-dermatitis-59.jpg,Flushing,116.61,134.84,128.97,-77.16,Type_VI,L_Cheek+Forehead
aug_1470_rosacea-56.jpg,Flushing,100.32,141.1,135.0,-56.72,Type_VI,R_Cheek+L_Cheek+Forehead
aug_1471_rosacea-78.jpg,Flushing,112.43,133.95,128.57,-84.47,Type_VI,R_Cheek+L_Cheek+Forehead
aug_1476_rosacea-26.jpg,Flushing,118.38,141.94,134.08,-30.47,Type_VI,R_Cheek+L_Cheek+Forehead
aug_1477_acne-cystic-11.jpg,Flushing,121.9,146.78,145.72,-7.06,Type_V,R_Cheek+L_Cheek+Forehead
aug_1478_rosacea-39.jpg,Flushing,113.67,144.25,138.12,-28.18,Type_V,L_Cheek+Forehead
aug_1483_rosacea-80.jpg,Flushing,106.76,145.17,139.23,-35.91,Type_VI,R_Cheek+L_Cheek+Forehead
aug_1492_perioral-dermatitis-39.jpg,Flushing,124.79,149.71,135.79,-7.78,Type_V,R_Cheek+L_Cheek
aug_1499_rosacea-46.jpg,Flushing,101.28,144.22,145.84,-29.96,Type_V,R_Cheek+Forehead
aug_1503_acne-excoriated-28.jpg,Flushing,97.29,135.11,123.93,71.02,Type_I,R_Cheek+L_Cheek+Forehead
aug_1504_rosacea-47.jpg,Flushing,101.33,134.29,139.0,-43.02,Type_VI,R_Cheek+L_Cheek+Forehead
aug_1507_perioral-dermatitis-16.jpg,Flushing,143.27,147.29,147.35,17.72,Type_IV,R_Cheek+L_Cheek+Forehead
aug_1513_rosacea-101.jpg,Flushing,104.36,141.0,132.25,-64.91,Type_VI,R_Cheek+L_Cheek+Forehead
aug_1517_acne-infantile-7.jpg,Flushing,99.45,141.67,140.08,-42.33,Type_VI,R_Cheek+Forehead
aug_152_07RosaceaK02162.jpg,Flushing,122.37,147.5,136.51,-13.3,Type_V,R_Cheek+L_Cheek+Forehead
aug_1535_perioral-dermatitis-137.jpg,Flushing,143.28,132.17,132.52,53.84,Type_II,R_Cheek+L_Cheek+Forehead
aug_1541_rosacea-65.jpg,Flushing,132.75,136.3,127.85,-85.79,Type_VI,R_Cheek+L_Cheek+Forehead
aug_1552_07RosaceaK02164.jpg,Flushing,126.32,147.67,136.46,-3.13,Type_V,R_Cheek+L_Cheek+Forehead
aug_1557_perioral-dermatitis-26.jpg,Flushing,71.87,137.77,138.94,-63.37,Type_VI,R_Cheek+L_Cheek
aug_1558_perioral-dermatitis-88.jpg,Flushing,115.43,139.32,135.89,-30.94,Type_VI,R_Cheek+L_Cheek
aug_1565_rosacea-41.jpg,Flushing,117.03,135.07,128.08,-88.85,Type_VI,R_Cheek+L_Cheek+Forehead
aug_1567_perioral-dermatitis-45.jpg,Flushing,91.06,139.11,133.38,-69.37,Type_VI,R_Cheek+L_Cheek
aug_1569_perioral-dermatitis-45.jpg,Flushing,102.75,142.39,135.2,-53.41,Type_VI,R_Cheek+L_Cheek
aug_156_perioral-dermatitis-40.jpg,Flushing,150.66,142.92,141.32,34.29,Type_III,R_Cheek+L_Cheek
aug_156_rosacea-58.jpg,Flushing,143.17,141.68,115.24,-25.72,Type_V,R_Cheek+L_Cheek+Forehead
aug_1571_rosacea-114.jpg,Flushing,135.59,146.91,145.46,10.31,Type_IV,R_Cheek+L_Cheek+Forehead
aug_1572_07RosaceaK02164.jpg,Flushing,98.06,145.02,135.28,-57.76,Type_VI,R_Cheek+L_Cheek+Forehead
aug_1578_rosacea-54.jpg,Flushing,144.56,135.34,131.59,61.77,Type_I,R_Cheek+L_Cheek+Forehead
aug_1580_rosacea-94.jpg,Flushing,164.46,138.17,131.59,76.08,Type_I,R_Cheek+L_Cheek+Forehead
aug_1586_acne-infantile-15.jpg,Flushing,102.39,140.98,143.57,-32.32,Type_VI,R_Cheek+L_Cheek
aug_158_hidradenitis-suppurativa-72.jpg,Flushing,130.68,137.91,119.19,-8.06,Type_V,R_Cheek+L_Cheek+Forehead
aug_158_perioral-dermatitis-106.jpg,Flushing,123.37,152.93,134.81,-13.37,Type_V,R_Cheek+L_Cheek+Forehead
aug_1596_rosacea-15.jpg,Flushing,101.8,140.61,138.46,-43.93,Type_VI,R_Cheek+L_Cheek+Forehead
aug_159_rosacea-43.jpg,Flushing,139.79,137.56,127.37,-82.59,Type_VI,R_Cheek+L_Cheek+Forehead
aug_1611_rosacea-98.jpg,Flushing,81.0,139.32,137.83,-61.68,Type_VI,R_Cheek+L_Cheek+Forehead
aug_161_perioral-dermatitis-17.jpg,Flushing,125.61,142.16,142.43,-2.94,Type_V,R_Cheek+L_Cheek+Forehead
aug_1621_rosacea-33.jpg,Flushing,161.56,142.23,143.41,40.93,Type_III,R_Cheek+L_Cheek+Forehead
aug_1622_rosacea-38.jpg,Flushing,135.88,147.44,140.03,15.28,Type_IV,R_Cheek+L_Cheek+Forehead
aug_1628_perioral-dermatitis-48.jpg,Flushing,101.47,143.08,133.48,-61.75,Type_VI,R_Cheek+L_Cheek
aug_1633_rosacea-72.jpg,Flushing,86.86,143.07,139.88,-53.29,Type_VI,R_Cheek+L_Cheek+Forehead
aug_1642_acne-infantile-15.jpg,Flushing,131.82,145.11,146.8,5.15,Type_V,R_Cheek+L_Cheek
aug_1653_acne-pustular-56.jpg,Flushing,145.58,142.24,152.77,15.98,Type_IV,R_Cheek+L_Cheek+Forehead
aug_1655_acne-pustular-18.jpg,Flushing,103.57,142.05,141.91,-34.0,Type_VI,R_Cheek+L_Cheek
aug_1658_rosacea-116.jpg,Flushing,138.47,137.12,134.86,32.09,Type_III,R_Cheek+L_Cheek+Forehead
aug_1662_rosacea-79.jpg,Flushing,113.54,133.03,129.51,-74.56,Type_VI,R_Cheek+L_Cheek+Forehead
aug_1666_rosacea-55.jpg,Flushing,113.52,139.29,135.52,-36.09,Type_VI,R_Cheek+L_Cheek+Forehead
aug_1686_07RosaceaK02162.jpg,Flushing,102.11,146.06,135.82,-51.86,Type_VI,R_Cheek+L_Cheek+Forehead
aug_168_07PerioralDermNose.jpg,Flushing,102.35,138.05,134.24,-57.66,Type_VI,L_Cheek+Forehead
aug_1691_perioral-dermatitis-95.jpg,Flushing,139.61,148.73,140.41,20.95,Type_IV,R_Cheek+L_Cheek+Forehead
aug_1693_rosacea-38.jpg,Flushing,129.79,150.0,141.68,3.76,Type_V,R_Cheek+L_Cheek+Forehead
aug_169_07RosaceaOK082806.jpg,Flushing,85.64,139.87,141.54,-50.48,Type_VI,R_Cheek+L_Cheek+Forehead
aug_1701_rosacea-38.jpg,Flushing,139.58,149.3,141.37,19.52,Type_IV,R_Cheek+L_Cheek+Forehead
aug_1702_rosacea-15.jpg,Flushing,96.88,138.09,136.39,-55.06,Type_VI,R_Cheek+L_Cheek+Forehead
aug_1710_perioral-dermatitis-51.jpg,Flushing,117.76,146.44,137.27,-22.4,Type_V,R_Cheek+L_Cheek+Forehead
aug_171_perioral-dermatitis-20.jpg,Flushing,124.41,141.02,143.72,-4.4,Type_V,R_Cheek+L_Cheek+Forehead
aug_171_rosacea-99.jpg,Flushing,89.71,131.67,127.74,88.99,Type_I,R_Cheek+L_Cheek+Forehead
aug_1723_perioral-dermatitis-125.jpg,Flushing,126.93,145.93,147.65,-0.65,Type_V,R_Cheek+L_Cheek+Forehead
aug_1731_rosacea-73.jpg,Flushing,104.12,135.71,132.09,-65.94,Type_VI,R_Cheek+Forehead
aug_1756_07RosaceaOK0828063.jpg,Flushing,105.24,144.32,145.54,-26.46,Type_V,R_Cheek+L_Cheek+Forehead
aug_175_perioral-dermatitis-141.jpg,Flushing,110.3,141.22,137.07,-36.64,Type_VI,R_Cheek+L_Cheek+Forehead
aug_176_acne-cystic-117.jpg,Flushing,79.5,155.87,132.48,-76.61,Type_VI,R_Cheek+L_Cheek+Forehead
aug_1776_perioral-dermatitis-101.jpg,Flushing,114.21,156.01,135.03,-36.54,Type_VI,R_Cheek+L_Cheek+Forehead
aug_1788_acne-cystic-117.jpg,Flushing,85.27,155.26,132.06,-76.24,Type_VI,R_Cheek+L_Cheek+Forehead
aug_1789_perioral-dermatitis-105.jpg,Flushing,147.38,151.83,131.84,63.76,Type_I,R_Cheek+L_Cheek+Forehead
aug_1790_acne-infantile-7.jpg,Flushing,95.49,139.02,137.53,-52.78,Type_VI,R_Cheek+Forehead
aug_1795_perioral-dermatitis-16.jpg,Flushing,105.8,141.15,141.01,-33.2,Type_VI,R_Cheek+L_Cheek+Forehead
aug_1808_perioral-dermatitis-123.jpg,Flushing,145.94,141.38,147.74,20.11,Type_IV,R_Cheek+L_Cheek+Forehead
aug_1810_acne-cystic-112.jpg,Flushing,150.62,157.13,149.75,22.64,Type_IV,R_Cheek+L_Cheek+Forehead
aug_1813_07PerioralSteroid1.jpg,Flushing,161.73,154.31,138.78,51.24,Type_II,R_Cheek+L_Cheek+Forehead
aug_1819_perioral-dermatitis-122.jpg,Flushing,126.31,131.3,131.91,-6.81,Type_V,R_Cheek+L_Cheek+Forehead
aug_1829_perioral-dermatitis-137.jpg,Flushing,162.89,131.96,132.53,71.92,Type_I,R_Cheek+L_Cheek+Forehead
aug_1832_perioral-dermatitis-125.jpg,Flushing,120.28,143.64,146.41,-8.75,Type_V,R_Cheek+L_Cheek
aug_1847_rosacea-41.jpg,Flushing,97.33,134.77,128.18,-89.13,Type_VI,R_Cheek+L_Cheek+Forehead
aug_1854_perioral-dermatitis-122.jpg,Flushing,117.43,131.06,131.47,-48.67,Type_VI,R_Cheek+L_Cheek+Forehead
aug_1860_rosacea-40.jpg,Flushing,167.5,140.48,129.13,85.87,Type_I,R_Cheek+Forehead
aug_1861_rosacea-68.jpg,Flushing,169.12,137.87,149.94,36.65,Type_III,R_Cheek+L_Cheek+Forehead
aug_186_acne-excoriated-22.jpg,Flushing,163.05,138.56,150.63,31.64,Type_III,R_Cheek+L_Cheek+Forehead
aug_1876_perioral-dermatitis-101.jpg,Flushing,116.48,152.94,134.04,-35.6,Type_VI,R_Cheek+L_Cheek+Forehead
aug_1882_rosacea-47.jpg,Flushing,94.96,134.62,139.58,-47.77,Type_VI,R_Cheek+L_Cheek+Forehead
aug_1883_07rosacea010206OK.jpg,Flushing,121.44,140.16,138.83,-12.37,Type_V,R_Cheek+L_Cheek+Forehead
aug_1899_acne-excoriated-21.jpg,Flushing,136.28,134.45,143.11,12.84,Type_IV,R_Cheek+L_Cheek+Forehead
aug_189_perioral-dermatitis-122.jpg,Flushing,167.81,132.52,133.27,71.56,Type_I,R_Cheek+L_Cheek+Forehead
aug_1905_acne-infantile-7.jpg,Flushing,94.81,139.54,138.03,-51.97,Type_VI,R_Cheek+Forehead
aug_1906_acne-excoriated-28.jpg,Flushing,92.6,135.11,123.76,72.78,Type_I,R_Cheek+L_Cheek+Forehead
aug_190_rosacea-50.jpg,Flushing,136.48,132.54,136.91,21.56,Type_IV,R_Cheek+L_Cheek+Forehead
aug_1919_perioral-dermatitis-19.jpg,Flushing,114.04,140.4,142.95,-19.45,Type_V,R_Cheek+L_Cheek
aug_1928_perioral-dermatitis-52.jpg,Flushing,143.42,143.95,143.07,22.5,Type_IV,R_Cheek+L_Cheek
aug_192_perioral-dermatitis-141.jpg,Flushing,155.65,146.6,141.04,40.24,Type_III,R_Cheek+L_Cheek+Forehead
aug_1930_perioral-dermatitis-39.jpg,Flushing,139.27,149.26,135.52,31.52,Type_III,R_Cheek+L_Cheek
aug_1931_acne-cystic-121.jpg,Flushing,129.28,153.05,136.93,4.47,Type_V,R_Cheek+L_Cheek+Forehead
aug_1932_rosacea-51.jpg,Flushing,143.43,135.74,145.08,20.09,Type_IV,R_Cheek+L_Cheek+Forehead
aug_193_acne-cystic-112.jpg,Flushing,104.68,151.73,144.45,-28.55,Type_V,R_Cheek+L_Cheek+Forehead
aug_1946_rosacea-13.jpg,Flushing,112.28,137.93,136.76,-34.28,Type_VI,R_Cheek+L_Cheek+Forehead
aug_194_acne-pustular-56.jpg,Flushing,132.36,141.91,149.11,5.16,Type_V,R_Cheek+L_Cheek+Forehead
aug_1952_rosacea-59.jpg,Flushing,138.15,138.31,138.4,21.89,Type_IV,R_Cheek+L_Cheek+Forehead
aug_1960_perioral-dermatitis-132.jpg,Flushing,115.83,139.28,135.39,-31.76,Type_VI,R_Cheek+L_Cheek
aug_1967_acne-pustular-56.jpg,Flushing,125.49,138.57,144.04,-2.81,Type_V,R_Cheek+L_Cheek+Forehead
aug_197_perioral-dermatitis-99.jpg,Flushing,116.04,138.98,135.03,-32.6,Type_VI,R_Cheek+L_Cheek
aug_1983_acne-excoriated-28.jpg,Flushing,130.43,135.66,122.76,-12.39,Type_V,L_Cheek+Forehead
aug_1986_rosacea-15.jpg,Flushing,104.53,141.2,138.7,-40.1,Type_VI,R_Cheek+L_Cheek+Forehead
aug_1996_rosacea-41.jpg,Flushing,116.64,135.24,128.18,-87.62,Type_VI,R_Cheek+L_Cheek+Forehead
aug_19_rosacea-97.jpg,Flushing,120.09,137.69,133.77,-26.73,Type_V,R_Cheek+L_Cheek+Forehead
aug_2000_perioral-dermatitis-141.jpg,Flushing,124.16,139.74,136.48,-8.78,Type_V,R_Cheek+L_Cheek+Forehead
aug_200_rosacea-15.jpg,Flushing,82.08,138.5,136.93,-63.37,Type_VI,R_Cheek+L_Cheek+Forehead
aug_2016_acne-pustular-56.jpg,Flushing,114.24,141.45,148.07,-14.53,Type_V,R_Cheek+L_Cheek+Forehead
aug_201_rosacea-50.jpg,Flushing,178.17,132.41,137.4,64.69,Type_I,R_Cheek+L_Cheek+Forehead
aug_2025_rosacea-98.jpg,Flushing,77.16,141.96,140.27,-58.13,Type_VI,R_Cheek+L_Cheek+Forehead
aug_2037_acne-excoriated-22.jpg,Flushing,185.55,136.4,151.95,43.55,Type_II,R_Cheek+L_Cheek+Forehead
aug_2039_07RosaceaOK0828063.jpg,Flushing,110.52,144.16,145.36,-20.98,Type_V,R_Cheek+L_Cheek+Forehead
aug_203_perioral-dermatitis-20.jpg,Flushing,97.37,139.55,142.05,-40.07,Type_VI,R_Cheek+L_Cheek+Forehead
aug_2043_07RosaceaFulFAce.jpg,Flushing,150.6,146.61,140.7,35.49,Type_III,R_Cheek+L_Cheek+Forehead
aug_2046_perioral-dermatitis-137.jpg,Flushing,161.93,131.61,132.03,73.38,Type_I,R_Cheek+L_Cheek+Forehead
aug_2047_rosacea-116.jpg,Flushing,141.47,137.06,134.71,39.22,Type_III,R_Cheek+L_Cheek+Forehead
aug_204_rosacea-115.jpg,Flushing,113.61,140.23,137.77,-29.14,Type_V,R_Cheek+L_Cheek+Forehead
aug_2057_perioral-dermatitis-94.jpg,Flushing,111.77,142.2,136.09,-37.34,Type_VI,R_Cheek+L_Cheek+Forehead
aug_2064_rosacea-12.jpg,Flushing,164.47,139.18,135.77,61.81,Type_I,R_Cheek+L_Cheek+Forehead
aug_2067_rosacea-41.jpg,Flushing,98.55,133.9,128.17,-89.15,Type_VI,R_Cheek+L_Cheek+Forehead
aug_2073_perioral-dermatitis-52.jpg,Flushing,147.35,143.62,142.79,27.75,Type_IV,R_Cheek+L_Cheek
aug_2086_rosacea-98.jpg,Flushing,82.51,140.12,138.49,-59.26,Type_VI,R_Cheek+L_Cheek+Forehead
aug_2089_acne-closed-comedo-10.jpg,Flushing,117.84,138.73,143.91,-13.39,Type_V,R_Cheek+L_Cheek+Forehead
aug_20_rosacea-15.jpg,Flushing,95.78,140.12,137.97,-51.29,Type_VI,R_Cheek+L_Cheek+Forehead
aug_20_rosacea-98.jpg,Flushing,90.29,140.4,138.9,-53.23,Type_VI,R_Cheek+L_Cheek+Forehead
aug_2101_perioral-dermatitis-16.jpg,Flushing,130.11,142.54,142.63,4.0,Type_V,R_Cheek+L_Cheek+Forehead
aug_2107_rosacea-58.jpg,Flushing,134.08,143.29,113.96,-10.41,Type_V,R_Cheek+L_Cheek+Forehead
aug_2108_rosacea-63.jpg,Flushing,185.77,138.11,136.73,69.1,Type_I,R_Cheek+L_Cheek+Forehead
aug_2118_rosacea-47.jpg,Flushing,127.76,138.27,145.22,0.34,Type_V,R_Cheek+L_Cheek+Forehead
aug_2121_07RosaceaOK082806.jpg,Flushing,99.35,143.78,146.1,-31.37,Type_VI,R_Cheek+L_Cheek+Forehead
aug_2135_acne-cystic-84.jpg,Flushing,121.59,153.82,146.81,-7.03,Type_V,R_Cheek+L_Cheek+Forehead
aug_2136_rosacea-55.jpg,Flushing,138.25,139.89,135.92,28.02,Type_III,R_Cheek+L_Cheek+Forehead
aug_2137_rosacea-61.jpg,Flushing,109.98,133.69,128.96,-82.03,Type_VI,R_Cheek+L_Cheek+Forehead
aug_214_acne-cystic-112.jpg,Flushing,115.63,155.7,147.75,-13.26,Type_V,R_Cheek+L_Cheek+Forehead
aug_2150_acne-infantile-6.jpg,Flushing,138.52,140.3,148.94,11.66,Type_IV,R_Cheek+L_Cheek+Forehead
aug_2152_acne-infantile-15.jpg,Flushing,138.14,147.08,150.27,10.61,Type_IV,R_Cheek+L_Cheek
aug_2159_acne-excoriated-22.jpg,Flushing,145.09,137.95,148.53,18.57,Type_IV,R_Cheek+L_Cheek+Forehead
aug_2178_07rosaceaTreated091806OK.jpg,Flushing,139.09,140.37,141.84,18.18,Type_IV,R_Cheek+L_Cheek+Forehead
aug_2179_acne-cystic-84.jpg,Flushing,96.77,148.45,142.89,-38.99,Type_VI,R_Cheek+L_Cheek+Forehead
aug_2180_rosacea-61.jpg,Flushing,136.83,135.12,129.1,73.2,Type_I,R_Cheek+L_Cheek+Forehead
aug_2185_acne-excoriated-16.jpg,Flushing,84.2,139.77,121.88,70.18,Type_I,R_Cheek+L_Cheek+Forehead
aug_2189_perioral-dermatitis-125.jpg,Flushing,131.13,145.17,147.2,4.24,Type_V,R_Cheek+L_Cheek+Forehead
aug_2196_acne-excoriated-21.jpg,Flushing,201.53,132.34,148.94,54.19,Type_II,R_Cheek+L_Cheek+Forehead
aug_219_07RosaceaOK082806.jpg,Flushing,113.79,144.99,147.34,-15.53,Type_V,R_Cheek+L_Cheek+Forehead
aug_2202_acne-infantile-6.jpg,Flushing,109.09,139.71,147.4,-20.41,Type_V,R_Cheek+L_Cheek+Forehead
aug_2206_acne-excoriated-16.jpg,Flushing,106.81,142.22,120.65,47.82,Type_II,R_Cheek+L_Cheek+Forehead
aug_2212_perioral-dermatitis-92.jpg,Flushing,148.27,146.25,141.81,30.52,Type_III,L_Cheek+Forehead
aug_2214_acne-excoriated-25.jpg,Flushing,170.54,138.63,141.22,51.92,Type_II,R_Cheek+L_Cheek+Forehead
aug_2228_acne-infantile-7.jpg,Flushing,126.47,145.08,142.82,-1.55,Type_V,R_Cheek+Forehead
aug_222_acne-excoriated-22.jpg,Flushing,130.21,135.67,144.51,3.68,Type_V,R_Cheek+L_Cheek+Forehead
aug_2237_07RosaceaOK0828063.jpg,Flushing,95.12,142.65,143.82,-38.75,Type_VI,R_Cheek+L_Cheek+Forehead
aug_2243_acne-excoriated-22.jpg,Flushing,185.15,135.15,151.53,43.85,Type_II,R_Cheek+L_Cheek+Forehead
aug_2245_rosacea-47.jpg,Flushing,127.28,137.74,144.37,-0.3,Type_V,R_Cheek+L_Cheek+Forehead
aug_2251_rosacea-60.jpg,Flushing,177.05,134.99,130.67,82.17,Type_I,R_Cheek+L_Cheek+Forehead
aug_2258_rosacea-78.jpg,Flushing,125.13,135.46,128.54,-60.05,Type_VI,R_Cheek+L_Cheek+Forehead
aug_225_perioral-dermatitis-132.jpg,Flushing,137.4,142.27,137.85,21.5,Type_IV,R_Cheek+L_Cheek
aug_2268_rosacea-80.jpg,Flushing,107.03,144.34,138.02,-38.7,Type_VI,R_Cheek+L_Cheek+Forehead
aug_2286_perioral-dermatitis-59.jpg,Flushing,93.45,133.54,128.59,-87.49,Type_VI,L_Cheek+Forehead
aug_228_acne-cystic-142.jpg,Flushing,122.02,139.23,144.21,-7.55,Type_V,R_Cheek+L_Cheek+Forehead
aug_2290_rosacea-114.jpg,Flushing,117.22,146.34,144.71,-13.56,Type_V,R_Cheek+L_Cheek+Forehead
aug_2295_rosacea-38.jpg,Flushing,132.03,148.66,140.79,7.91,Type_V,R_Cheek+L_Cheek+Forehead
aug_2297_acne-cystic-112.jpg,Flushing,129.38,153.99,146.27,2.32,Type_V,R_Cheek+L_Cheek+Forehead
aug_2299_07RosaceaK02164.jpg,Flushing,109.61,147.41,136.49,-39.57,Type_VI,R_Cheek+L_Cheek+Forehead
aug_2300_rosacea-116.jpg,Flushing,111.13,135.11,133.45,-49.66,Type_VI,R_Cheek+L_Cheek+Forehead
aug_2307_rosacea-47.jpg,Flushing,128.23,137.89,144.73,0.98,Type_V,R_Cheek+L_Cheek+Forehead
aug_2308_acne-pustular-25.jpg,Flushing,98.2,144.65,140.01,-43.74,Type_VI,R_Cheek+L_Cheek
aug_2314_perioral-dermatitis-129.jpg,Flushing,199.15,138.47,159.42,41.8,Type_II,R_Cheek+L_Cheek+Forehead
aug_2318_rosacea-101.jpg,Flushing,111.36,143.53,133.07,-51.32,Type_VI,R_Cheek+L_Cheek+Forehead
aug_2319_gram-negative-folliculitis-1.jpg,Flushing,128.03,155.17,137.71,1.23,Type_V,R_Cheek+L_Cheek+Forehead
aug_2356_rosacea-41.jpg,Flushing,119.74,135.14,128.06,-88.79,Type_VI,R_Cheek+L_Cheek+Forehead
aug_2362_rosacea-46.jpg,Flushing,135.22,146.57,148.48,8.41,Type_V,R_Cheek+Forehead
aug_2365_rosacea-115.jpg,Flushing,124.32,144.69,141.56,-5.26,Type_V,R_Cheek+L_Cheek+Forehead
aug_2375_rosacea-58.jpg,Flushing,140.36,143.07,113.99,-19.8,Type_V,R_Cheek+L_Cheek+Forehead
aug_2382_perioral-dermatitis-123.jpg,Flushing,129.83,140.9,146.7,2.8,Type_V,R_Cheek+L_Cheek+Forehead
aug_2388_perioral-dermatitis-45.jpg,Flushing,121.32,146.87,135.89,-17.08,Type_V,R_Cheek+L_Cheek+Forehead
aug_2401_07RosaceaK02164.jpg,Flushing,110.8,147.52,136.51,-37.56,Type_VI,R_Cheek+L_Cheek+Forehead
aug_2416_perioral-dermatitis-122.jpg,Flushing,160.92,132.75,133.49,67.27,Type_I,R_Cheek+L_Cheek+Forehead
aug_2418_07RosaceaOK0828063.jpg,Flushing,88.15,140.86,142.09,-47.6,Type_VI,R_Cheek+L_Cheek+Forehead
aug_2420_acne-pustular-56.jpg,Flushing,108.1,140.5,146.57,-22.28,Type_V,R_Cheek+L_Cheek+Forehead
aug_2428_07RosaceaK02162.jpg,Flushing,129.69,151.45,138.52,4.67,Type_V,R_Cheek+L_Cheek+Forehead
aug_242_hidradenitis-suppurativa-66.jpg,Flushing,192.28,142.87,114.94,-62.8,Type_VI,R_Cheek+Forehead
aug_2438_perioral-dermatitis-132.jpg,Flushing,117.57,139.32,135.43,-27.65,Type_V,R_Cheek+L_Cheek
aug_2445_acne-open-comedo-6.jpg,Flushing,122.12,150.24,136.02,-14.74,Type_V,R_Cheek+L_Cheek+Forehead
aug_2449_rosacea-14.jpg,Flushing,143.78,142.95,139.57,28.89,Type_III,R_Cheek+L_Cheek+Forehead
aug_244_perioral-dermatitis-123.jpg,Flushing,148.55,141.94,148.44,22.0,Type_IV,R_Cheek+L_Cheek+Forehead
aug_2468_perioral-dermatitis-137.jpg,Flushing,161.57,131.8,132.21,72.51,Type_I,R_Cheek+L_Cheek+Forehead
aug_246_perioral-dermatitis-41.jpg,Flushing,95.45,138.04,134.75,-61.77,Type_VI,R_Cheek+L_Cheek+Forehead
aug_246_rosacea-74.jpg,Flushing,98.97,133.75,130.78,-76.05,Type_VI,R_Cheek+L_Cheek+Forehead
aug_2477_perioral-dermatitis-99.jpg,Flushing,131.4,141.94,137.17,9.48,Type_V,R_Cheek+L_Cheek
aug_2483_07PerioralDermNose.jpg,Flushing,83.67,136.21,132.96,-73.9,Type_VI,R_Cheek+L_Cheek+Forehead
aug_2488_rosacea-58.jpg,Flushing,128.31,140.36,116.4,-1.57,Type_V,R_Cheek+L_Cheek+Forehead
aug_2490_rosacea-79.jpg,Flushing,157.86,136.86,130.41,78.54,Type_I,R_Cheek+L_Cheek+Forehead
aug_2494_perioral-dermatitis-101.jpg,Flushing,110.37,150.04,133.07,-52.98,Type_VI,R_Cheek+L_Cheek+Forehead
aug_2495_rosacea-50.jpg,Flushing,166.35,132.3,136.82,59.94,Type_I,R_Cheek+L_Cheek+Forehead
aug_2498_perioral-dermatitis-51.jpg,Flushing,127.02,144.33,136.56,-1.27,Type_V,R_Cheek+L_Cheek
aug_2500_rosacea-53.jpg,Flushing,129.51,140.31,135.05,6.38,Type_V,R_Cheek+L_Cheek+Forehead
aug_2509_rosacea-81.jpg,Flushing,139.19,134.61,130.45,61.84,Type_I,R_Cheek+Forehead
aug_2516_acne-cystic-84.jpg,Flushing,98.21,152.44,146.0,-32.54,Type_VI,R_Cheek+L_Cheek+Forehead
aug_252_perioral-dermatitis-84.jpg,Flushing,137.05,143.45,155.24,7.83,Type_V,R_Cheek+L_Cheek+Forehead
aug_2530_perioral-dermatitis-137.jpg,Flushing,148.64,132.22,132.67,60.62,Type_I,R_Cheek+L_Cheek+Forehead
aug_2545_acne-pustular-25.jpg,Flushing,120.8,149.26,143.64,-9.53,Type_V,R_Cheek+L_Cheek
aug_2547_rosacea-116.jpg,Flushing,124.65,134.17,132.68,-13.43,Type_V,R_Cheek+L_Cheek+Forehead
aug_2548_rosacea-41.jpg,Flushing,132.05,137.09,128.35,79.03,Type_I,R_Cheek+L_Cheek+Forehead
aug_254_rosacea-80.jpg,Flushing,108.62,142.75,136.66,-40.52,Type_VI,R_Cheek+L_Cheek+Forehead
aug_255_rosacea-41.jpg,Flushing,93.74,134.58,128.3,-88.7,Type_VI,R_Cheek+L_Cheek+Forehead
aug_2567_perioral-dermatitis-132.jpg,Flushing,167.42,145.73,139.88,52.79,Type_II,R_Cheek+L_Cheek
aug_2581_perioral-dermatitis-141.jpg,Flushing,109.38,141.08,137.27,-37.48,Type_VI,R_Cheek+L_Cheek+Forehead
aug_2583_rosacea-115.jpg,Flushing,114.29,144.35,141.17,-21.47,Type_V,R_Cheek+L_Cheek+Forehead
aug_2586_rosacea-68.jpg,Flushing,152.96,136.93,145.55,29.64,Type_III,R_Cheek+L_Cheek+Forehead
aug_2595_07RosaceaFulFAce.jpg,Flushing,143.02,149.03,142.75,22.42,Type_IV,R_Cheek+L_Cheek+Forehead
aug_2606_perioral-dermatitis-17.jpg,Flushing,146.15,146.39,146.8,21.27,Type_IV,R_Cheek+L_Cheek+Forehead
aug_2624_acne-cystic-112.jpg,Flushing,119.31,151.3,144.07,-11.3,Type_V,R_Cheek+L_Cheek+Forehead
aug_2630_rosacea-75.jpg,Flushing,167.13,139.12,133.11,71.81,Type_I,R_Cheek+L_Cheek+Forehead
aug_2634_07RosaceaOK0828063.jpg,Flushing,85.66,139.6,140.27,-53.21,Type_VI,R_Cheek+L_Cheek+Forehead
aug_2637_perioral-dermatitis-140.jpg,Flushing,164.96,142.42,150.5,33.13,Type_III,L_Cheek+Forehead
aug_2672_acne-infantile-6.jpg,Flushing,132.05,141.29,149.96,4.65,Type_V,R_Cheek+L_Cheek+Forehead
aug_2675_rosacea-68.jpg,Flushing,158.77,137.62,147.3,32.43,Type_III,R_Cheek+L_Cheek+Forehead
aug_2682_perioral-dermatitis-17.jpg,Flushing,131.01,140.74,141.27,5.92,Type_V,R_Cheek+L_Cheek+Forehead
aug_2697_rosacea-79.jpg,Flushing,142.78,135.35,130.16,70.14,Type_I,R_Cheek+L_Cheek+Forehead
aug_2701_rosacea-99.jpg,Flushing,110.3,132.92,127.7,87.44,Type_I,R_Cheek+L_Cheek+Forehead
aug_2706_perioral-dermatitis-36.jpg,Flushing,149.78,145.33,142.31,31.42,Type_III,R_Cheek+L_Cheek
aug_2709_rosacea-116.jpg,Flushing,119.25,134.17,132.67,-34.73,Type_VI,R_Cheek+L_Cheek+Forehead
aug_2714_perioral-dermatitis-141.jpg,Flushing,129.87,143.72,138.94,4.86,Type_V,R_Cheek+L_Cheek+Forehead
aug_2722_rosacea-114.jpg,Flushing,130.74,149.61,147.85,3.66,Type_V,R_Cheek+L_Cheek+Forehead
aug_2739_acne-cystic-143.jpg,Flushing,131.07,142.35,148.66,3.88,Type_V,R_Cheek+L_Cheek+Forehead
aug_2747_rosacea-50.jpg,Flushing,139.82,131.74,135.63,32.36,Type_III,R_Cheek+L_Cheek+Forehead
aug_2750_rosacea-37.jpg,Flushing,118.05,151.38,140.03,-17.13,Type_V,R_Cheek+Forehead
aug_2755_rosacea-79.jpg,Flushing,155.61,135.03,129.88,80.31,Type_I,R_Cheek+L_Cheek+Forehead
aug_2756_rosacea-68.jpg,Flushing,121.05,135.42,142.7,-9.76,Type_V,R_Cheek+L_Cheek+Forehead
aug_2757_rosacea-108.jpg,Flushing,103.29,133.15,128.19,-88.84,Type_VI,R_Cheek+L_Cheek+Forehead
aug_2766_rosacea-113.jpg,Flushing,117.73,139.46,145.92,-12.07,Type_V,R_Cheek+L_Cheek+Forehead
aug_2788_rosacea-81.jpg,Flushing,156.57,135.48,130.63,77.03,Type_I,R_Cheek+Forehead
aug_2798_07RosaceaOK0828063.jpg,Flushing,106.24,146.59,147.91,-22.72,Type_V,R_Cheek+L_Cheek+Forehead
aug_279_rosacea-79.jpg,Flushing,148.44,135.95,130.3,74.36,Type_I,R_Cheek+L_Cheek+Forehead
aug_2809_hidradenitis-suppurativa-7.jpg,Flushing,111.69,136.87,145.46,-19.55,Type_V,R_Cheek+L_Cheek+Forehead
aug_281_perioral-dermatitis-39.jpg,Flushing,125.58,150.27,136.04,-5.35,Type_V,R_Cheek+L_Cheek
aug_2834_perioral-dermatitis-125.jpg,Flushing,129.57,144.45,146.83,2.47,Type_V,R_Cheek+L_Cheek+Forehead
aug_2839_rosacea-80.jpg,Flushing,100.83,141.46,136.02,-52.51,Type_VI,R_Cheek+L_Cheek+Forehead
aug_2841_acne-cystic-142.jpg,Flushing,108.52,138.53,143.27,-25.99,Type_V,R_Cheek+L_Cheek+Forehead
aug_2848_perioral-dermatitis-52.jpg,Flushing,118.85,143.64,142.81,-12.9,Type_V,R_Cheek+L_Cheek
aug_284_perioral-dermatitis-17.jpg,Flushing,108.78,138.22,138.27,-35.57,Type_VI,R_Cheek+L_Cheek+Forehead
aug_285_perioral-dermatitis-99.jpg,Flushing,163.03,146.45,139.89,49.54,Type_II,R_Cheek+L_Cheek
aug_286_perioral-dermatitis-36.jpg,Flushing,166.38,147.11,142.42,46.59,Type_II,R_Cheek+L_Cheek+Forehead
aug_2875_rosacea-95.jpg,Flushing,113.77,134.26,129.92,-70.42,Type_VI,R_Cheek+L_Cheek+Forehead
aug_2879_rosacea-41.jpg,Flushing,126.79,135.51,128.15,-61.04,Type_VI,R_Cheek+L_Cheek+Forehead
aug_2882_rosacea-51.jpg,Flushing,121.49,134.55,142.19,-9.43,Type_V,R_Cheek+L_Cheek+Forehead
aug_2892_perioral-dermatitis-19.jpg,Flushing,134.27,141.36,143.93,9.47,Type_V,R_Cheek+L_Cheek
aug_2893_perioral-dermatitis-138.jpg,Flushing,124.42,136.7,145.03,-4.05,Type_V,R_Cheek+L_Cheek+Forehead
aug_289_rosacea-38.jpg,Flushing,103.6,143.64,137.5,-44.62,Type_VI,R_Cheek+L_Cheek+Forehead
aug_2908_rosacea-14.jpg,Flushing,134.62,141.86,138.75,14.55,Type_IV,R_Cheek+L_Cheek+Forehead
aug_2911_acne-pustular-8.jpg,Flushing,123.95,145.69,133.88,-13.33,Type_V,R_Cheek+L_Cheek
aug_291_acne-excoriated-30.jpg,Flushing,89.66,137.25,118.97,58.68,Type_I,R_Cheek+Forehead
aug_2930_07RosaceaK02164.jpg,Flushing,111.04,144.71,135.01,-42.64,Type_VI,R_Cheek+L_Cheek+Forehead
aug_2937_rosacea-115.jpg,Flushing,116.71,140.64,138.12,-22.71,Type_V,R_Cheek+L_Cheek+Forehead
aug_293_perioral-dermatitis-39.jpg,Flushing,133.77,145.78,134.22,21.56,Type_IV,R_Cheek+L_Cheek
aug_2947_rosacea-81.jpg,Flushing,170.59,138.19,131.18,79.36,Type_I,R_Cheek+Forehead
aug_2957_rosacea-75.jpg,Flushing,114.19,135.93,131.67,-54.87,Type_VI,R_Cheek+L_Cheek+Forehead
aug_2960_acne-cystic-42.jpg,Flushing,126.14,148.45,139.73,-2.61,Type_V,R_Cheek+L_Cheek+Forehead
aug_2977_rosacea-50.jpg,Flushing,158.68,133.52,138.76,48.65,Type_II,R_Cheek+L_Cheek+Forehead
aug_2987_rosacea-101.jpg,Flushing,100.96,142.47,132.73,-65.55,Type_VI,R_Cheek+L_Cheek+Forehead
aug_2990_rosacea-46.jpg,Flushing,125.96,145.67,147.28,-1.79,Type_V,R_Cheek+Forehead
aug_3001_rosacea-64.jpg,Flushing,144.48,137.55,129.19,79.84,Type_I,R_Cheek+L_Cheek+Forehead
aug_3004_rosacea-56.jpg,Flushing,83.6,140.39,134.56,-69.14,Type_VI,R_Cheek+L_Cheek+Forehead
aug_3008_perioral-dermatitis-84.jpg,Flushing,129.58,137.07,145.9,2.61,Type_V,R_Cheek+L_Cheek+Forehead
aug_3016_rosacea-14.jpg,Flushing,139.32,142.58,139.28,22.34,Type_IV,R_Cheek+L_Cheek+Forehead
aug_3021_rosacea-81.jpg,Flushing,149.68,135.01,130.45,74.29,Type_I,R_Cheek+Forehead
aug_3023_rosacea-47.jpg,Flushing,103.49,135.85,141.7,-34.49,Type_VI,R_Cheek+L_Cheek+Forehead
aug_3035_perioral-dermatitis-38.jpg,Flushing,111.65,140.12,132.93,-51.57,Type_VI,R_Cheek+L_Cheek
aug_303_rosacea-15.jpg,Flushing,95.29,137.85,136.5,-56.05,Type_VI,R_Cheek+L_Cheek+Forehead
aug_3049_perioral-dermatitis-31.jpg,Flushing,122.09,141.13,135.77,-15.26,Type_V,R_Cheek+L_Cheek
aug_3050_rhinophyma-4.jpg,Flushing,83.14,135.56,127.18,87.32,Type_I,R_Cheek+L_Cheek+Forehead
aug_3051_rosacea-14.jpg,Flushing,131.68,139.85,136.84,10.5,Type_IV,R_Cheek+L_Cheek+Forehead
aug_3061_07rosaceaTreated091806OK.jpg,Flushing,127.53,141.7,143.02,0.05,Type_V,R_Cheek+L_Cheek+Forehead
aug_3087_rosacea-96.jpg,Flushing,116.32,131.03,130.82,-57.25,Type_VI,R_Cheek+L_Cheek+Forehead
aug_3091_perioral-dermatitis-36.jpg,Flushing,150.91,147.88,142.58,32.19,Type_III,R_Cheek+L_Cheek+Forehead
aug_309_rosacea-51.jpg,Flushing,158.52,135.9,146.37,33.52,Type_III,R_Cheek+L_Cheek+Forehead
aug_30_07rosaceaTreated091806OK.jpg,Flushing,123.43,139.71,141.08,-6.95,Type_V,R_Cheek+L_Cheek+Forehead
aug_3105_perioral-dermatitis-38.jpg,Flushing,137.87,146.38,135.72,27.76,Type_IV,R_Cheek+L_Cheek
aug_3113_acne-cystic-121.jpg,Flushing,102.98,148.47,135.27,-52.89,Type_VI,R_Cheek+L_Cheek+Forehead
aug_311_acne-closed-comedo-10.jpg,Flushing,92.99,136.22,140.49,-47.31,Type_VI,R_Cheek+L_Cheek+Forehead
aug_3126_07RosaceaOK0828063.jpg,Flushing,104.34,141.58,142.68,-31.73,Type_VI,R_Cheek+L_Cheek+Forehead
aug_312_rosacea-25.jpg,Flushing,116.11,145.27,136.55,-27.6,Type_V,R_Cheek+L_Cheek+Forehead
aug_312_rosacea-50.jpg,Flushing,179.8,132.24,137.44,65.27,Type_I,R_Cheek+L_Cheek+Forehead
aug_3130_rosacea-54.jpg,Flushing,141.76,135.72,131.73,56.27,Type_I,R_Cheek+L_Cheek+Forehead
aug_313_acne-excoriated-22.jpg,Flushing,119.35,135.33,143.52,-11.65,Type_V,R_Cheek+L_Cheek+Forehead
aug_3145_perioral-dermatitis-137.jpg,Flushing,162.81,132.6,133.25,69.24,Type_I,R_Cheek+L_Cheek+Forehead
aug_315_rosacea-94.jpg,Flushing,197.91,138.39,131.79,82.18,Type_I,R_Cheek+L_Cheek+Forehead
aug_3163_rosacea-38.jpg,Flushing,104.93,143.41,137.24,-43.76,Type_VI,R_Cheek+L_Cheek+Forehead
aug_3165_acne-infantile-6.jpg,Flushing,151.77,142.83,153.44,20.51,Type_IV,R_Cheek+L_Cheek+Forehead
aug_3168_acne-cystic-142.jpg,Flushing,111.29,139.15,144.16,-21.48,Type_V,R_Cheek+L_Cheek+Forehead
aug_3169_07RosaceaK02164.jpg,Flushing,122.89,150.69,138.17,-10.07,Type_V,R_Cheek+L_Cheek+Forehead
aug_3176_rosacea-95.jpg,Flushing,149.16,137.31,131.08,70.06,Type_I,R_Cheek+L_Cheek+Forehead
aug_3182_perioral-dermatitis-45.jpg,Flushing,113.06,145.7,136.38,-34.03,Type_VI,R_Cheek+L_Cheek
aug_3190_07RosaceaFulFAce.jpg,Flushing,153.07,147.58,141.61,36.38,Type_III,R_Cheek+L_Cheek+Forehead
aug_3193_perioral-dermatitis-39.jpg,Flushing,127.89,146.19,134.44,1.35,Type_V,R_Cheek+L_Cheek
aug_3195_rosacea-51.jpg,Flushing,133.28,135.91,144.88,7.65,Type_V,R_Cheek+L_Cheek+Forehead
aug_3198_rosacea-54.jpg,Flushing,184.43,136.71,132.17,79.43,Type_I,R_Cheek+L_Cheek+Forehead
aug_319_acne-infantile-7.jpg,Flushing,120.39,144.07,141.85,-11.39,Type_V,L_Cheek+Forehead
aug_3201_acne-excoriated-12.jpg,Flushing,139.08,139.81,116.51,-21.56,Type_V,R_Cheek+L_Cheek+Forehead
aug_3202_acne-excoriated-26.jpg,Flushing,103.8,135.05,124.72,70.58,Type_I,L_Cheek+Forehead
aug_3203_rosacea-14.jpg,Flushing,132.57,142.46,139.23,10.04,Type_IV,R_Cheek+L_Cheek+Forehead
aug_3211_rosacea-38.jpg,Flushing,128.0,145.55,138.7,1.05,Type_V,R_Cheek+L_Cheek+Forehead
aug_3232_perioral-dermatitis-20.jpg,Flushing,118.08,141.19,143.68,-13.25,Type_V,R_Cheek+L_Cheek
aug_3233_07PerioralDermNose.jpg,Flushing,86.56,138.91,134.85,-66.9,Type_VI,L_Cheek+Forehead
aug_323_rosacea-41.jpg,Flushing,126.83,136.74,128.33,-38.81,Type_VI,R_Cheek+L_Cheek+Forehead
aug_3240_perioral-dermatitis-99.jpg,Flushing,136.01,140.54,136.1,22.41,Type_IV,R_Cheek+L_Cheek
aug_3248_acne-excoriated-22.jpg,Flushing,154.67,138.38,149.59,26.26,Type_IV,R_Cheek+L_Cheek+Forehead
aug_3249_rosacea-54.jpg,Flushing,193.18,136.48,132.09,80.97,Type_I,R_Cheek+L_Cheek+Forehead
aug_3256_07PerioralDermNose.jpg,Flushing,89.61,137.44,134.13,-67.58,Type_VI,R_Cheek+Forehead
aug_3258_rosacea-41.jpg,Flushing,122.07,134.92,128.02,-89.4,Type_VI,R_Cheek+L_Cheek+Forehead
aug_3267_rosacea-33.jpg,Flushing,118.37,139.76,139.7,-17.02,Type_V,R_Cheek+L_Cheek+Forehead
aug_3272_perioral-dermatitis-137.jpg,Flushing,125.43,130.88,131.23,-14.1,Type_V,R_Cheek+L_Cheek+Forehead
aug_3274_07RosaceaK02162.jpg,Flushing,104.11,143.28,134.57,-54.37,Type_VI,R_Cheek+L_Cheek+Forehead
aug_3288_perioral-dermatitis-99.jpg,Flushing,117.85,142.04,136.98,-22.86,Type_V,R_Cheek+L_Cheek
aug_328_rosacea-53.jpg,Flushing,121.38,138.98,134.22,-21.1,Type_V,R_Cheek+L_Cheek+Forehead
aug_3293_rosacea-14.jpg,Flushing,154.87,143.62,140.46,40.75,Type_III,R_Cheek+L_Cheek+Forehead
aug_3296_07RosaceaK02164.jpg,Flushing,99.44,146.29,135.89,-54.36,Type_VI,R_Cheek+L_Cheek+Forehead
aug_329_rosacea-38.jpg,Flushing,132.36,149.89,141.79,7.86,Type_V,R_Cheek+L_Cheek+Forehead
aug_3305_rosacea-58.jpg,Flushing,143.89,141.52,115.46,-27.15,Type_V,R_Cheek+L_Cheek+Forehead
aug_3322_rosacea-74.jpg,Flushing,103.43,136.1,131.95,-67.3,Type_VI,R_Cheek+L_Cheek+Forehead
aug_3337_rosacea-25.jpg,Flushing,115.16,143.67,135.63,-32.41,Type_VI,R_Cheek+L_Cheek+Forehead
aug_3340_rosacea-101.jpg,Flushing,82.04,139.9,131.87,-77.75,Type_VI,R_Cheek+L_Cheek+Forehead
aug_3345_rosacea-26.jpg,Flushing,105.62,140.4,133.42,-57.7,Type_VI,R_Cheek+L_Cheek+Forehead
aug_334_acne-infantile-15.jpg,Flushing,117.04,143.19,145.4,-13.26,Type_V,R_Cheek+L_Cheek
aug_3353_perioral-dermatitis-106.jpg,Flushing,91.95,145.77,132.67,-71.47,Type_VI,R_Cheek+L_Cheek+Forehead
aug_3356_rosacea-37.jpg,Flushing,111.16,146.1,136.76,-36.18,Type_VI,R_Cheek+Forehead
aug_3358_perioral-dermatitis-122.jpg,Flushing,120.56,131.42,132.06,-33.85,Type_VI,R_Cheek+L_Cheek+Forehead
aug_3370_perioral-dermatitis-132.jpg,Flushing,155.23,147.18,141.09,39.71,Type_III,R_Cheek+L_Cheek
aug_338_rosacea-17.jpg,Flushing,137.46,143.38,139.42,18.88,Type_IV,R_Cheek+L_Cheek+Forehead
aug_339_perioral-dermatitis-138.jpg,Flushing,128.18,136.95,145.5,0.88,Type_V,R_Cheek+L_Cheek+Forehead
aug_3404_perioral-dermatitis-19.jpg,Flushing,106.58,139.16,141.02,-32.21,Type_VI,R_Cheek+L_Cheek
aug_3414_acne-cystic-143.jpg,Flushing,111.59,138.86,143.79,-21.55,Type_V,R_Cheek+L_Cheek+Forehead
aug_3424_rosacea-53.jpg,Flushing,151.47,142.11,136.22,48.84,Type_II,R_Cheek+L_Cheek+Forehead
aug_3433_perioral-dermatitis-137.jpg,Flushing,117.82,131.26,131.6,-46.52,Type_VI,R_Cheek+L_Cheek+Forehead
aug_3435_rosacea-44.jpg,Flushing,96.54,134.74,128.55,-87.38,Type_VI,R_Cheek+L_Cheek+Forehead
aug_343_rosacea-26.jpg,Flushing,132.63,146.83,136.14,13.87,Type_IV,R_Cheek+L_Cheek+Forehead
aug_3451_rosacea-68.jpg,Flushing,148.66,137.86,146.84,23.78,Type_IV,R_Cheek+L_Cheek+Forehead
aug_3466_rosacea-95.jpg,Flushing,134.91,136.42,130.65,47.7,Type_II,R_Cheek+L_Cheek+Forehead
aug_3474_rosacea-116.jpg,Flushing,144.61,136.38,134.4,46.36,Type_II,R_Cheek+L_Cheek+Forehead
aug_3476_perioral-dermatitis-122.jpg,Flushing,134.44,131.0,131.54,37.56,Type_III,R_Cheek+L_Cheek+Forehead
aug_3496_acne-excoriated-30.jpg,Flushing,85.71,136.02,119.85,63.57,Type_I,L_Cheek+Forehead
aug_3498_perioral-dermatitis-20.jpg,Flushing,147.28,142.86,145.54,23.85,Type_IV,R_Cheek+L_Cheek
aug_3499_acne-excoriated-18.jpg,Flushing,65.84,139.99,131.16,-82.55,Type_VI,L_Cheek+Forehead
aug_349_acne-excoriated-12.jpg,Flushing,119.0,136.56,119.4,21.19,Type_IV,R_Cheek+L_Cheek+Forehead
aug_3500_perioral-dermatitis-38.jpg,Flushing,127.18,144.93,135.23,-1.01,Type_V,R_Cheek+L_Cheek
aug_3505_07RosaceaOK0828063.jpg,Flushing,80.99,142.13,143.35,-49.93,Type_VI,R_Cheek+L_Cheek+Forehead
aug_3514_acne-infantile-15.jpg,Flushing,124.04,144.17,145.19,-4.51,Type_V,R_Cheek+L_Cheek
aug_3517_perioral-dermatitis-52.jpg,Flushing,139.98,142.89,142.23,18.98,Type_IV,R_Cheek+L_Cheek
aug_3518_rosacea-53.jpg,Flushing,156.2,141.32,135.63,55.88,Type_I,R_Cheek+L_Cheek+Forehead
aug_3524_acne-excoriated-12.jpg,Flushing,128.98,138.24,117.92,-3.29,Type_V,R_Cheek+L_Cheek+Forehead
aug_3526_rosacea-116.jpg,Flushing,137.0,136.49,134.43,30.09,Type_III,R_Cheek+L_Cheek+Forehead
aug_3528_rosacea-33.jpg,Flushing,113.93,138.48,138.55,-26.77,Type_V,R_Cheek+L_Cheek+Forehead
aug_3529_rosacea-63.jpg,Flushing,149.99,138.11,136.0,47.8,Type_II,R_Cheek+L_Cheek+Forehead
aug_3543_perioral-dermatitis-59.jpg,Flushing,143.74,136.01,129.24,79.02,Type_I,R_Cheek+Forehead
aug_3544_perioral-dermatitis-125.jpg,Flushing,109.56,140.57,143.11,-24.97,Type_V,R_Cheek+L_Cheek
aug_3550_07RosaceaOK0828063.jpg,Flushing,93.39,142.95,144.11,-39.71,Type_VI,R_Cheek+L_Cheek+Forehead
aug_3551_rosacea-14.jpg,Flushing,147.9,142.77,139.48,34.88,Type_III,R_Cheek+L_Cheek+Forehead
aug_357_acne-cystic-142.jpg,Flushing,139.51,141.82,147.66,13.48,Type_IV,R_Cheek+L_Cheek+Forehead
aug_3590_rosacea-50.jpg,Flushing,153.32,133.48,138.69,43.46,Type_II,R_Cheek+L_Cheek+Forehead
aug_3592_rosacea-94.jpg,Flushing,142.96,134.99,130.41,68.36,Type_I,R_Cheek+L_Cheek+Forehead
aug_3601_rosacea-70.jpg,Flushing,78.06,131.89,131.61,-79.46,Type_VI,R_Cheek+L_Cheek+Forehead
aug_3616_acne-pustular-8.jpg,Flushing,107.87,141.48,132.35,-60.5,Type_VI,R_Cheek+L_Cheek
aug_3617_acne-cystic-121.jpg,Flushing,143.72,157.21,138.69,30.75,Type_III,R_Cheek+L_Cheek+Forehead
aug_3624_perioral-dermatitis-38.jpg,Flushing,112.59,142.79,134.32,-42.78,Type_VI,R_Cheek+L_Cheek
aug_3631_rosacea-74.jpg,Flushing,120.29,135.58,131.61,-38.11,Type_VI,R_Cheek+L_Cheek+Forehead
aug_3633_rosacea-25.jpg,Flushing,140.94,147.6,137.83,28.19,Type_III,R_Cheek+L_Cheek+Forehead
aug_3635_acne-cystic-118.jpg,Flushing,127.93,146.38,118.58,-1.03,Type_V,R_Cheek+L_Cheek+Forehead
aug_3638_perioral-dermatitis-59.jpg,Flushing,144.85,135.93,129.66,76.32,Type_I,R_Cheek+Forehead
aug_363_rosacea-14.jpg,Flushing,145.67,143.7,140.19,30.3,Type_III,R_Cheek+L_Cheek+Forehead
aug_3668_rosacea-68.jpg,Flushing,167.21,138.03,149.57,35.83,Type_III,R_Cheek+L_Cheek+Forehead
aug_3681_rosacea-116.jpg,Flushing,147.82,135.66,133.75,54.19,Type_II,R_Cheek+L_Cheek+Forehead
aug_3682_acne-excoriated-21.jpg,Flushing,195.2,135.29,148.02,52.98,Type_II,R_Cheek+L_Cheek+Forehead
aug_3690_acne-cystic-143.jpg,Flushing,95.02,136.29,140.08,-46.52,Type_VI,R_Cheek+L_Cheek+Forehead
aug_3696_perioral-dermatitis-17.jpg,Flushing,120.54,143.21,143.51,-9.98,Type_V,R_Cheek+L_Cheek+Forehead
aug_3698_perioral-dermatitis-137.jpg,Flushing,156.99,132.5,133.08,66.29,Type_I,R_Cheek+L_Cheek+Forehead
aug_3704_perioral-dermatitis-51.jpg,Flushing,118.99,148.77,138.93,-16.97,Type_V,R_Cheek+L_Cheek+Forehead
aug_370_rosacea-68.jpg,Flushing,138.81,138.78,148.63,12.13,Type_IV,R_Cheek+L_Cheek+Forehead
aug_3717_perioral-dermatitis-39.jpg,Flushing,132.88,150.39,135.99,14.79,Type_IV,R_Cheek+L_Cheek
aug_3723_perioral-dermatitis-19.jpg,Flushing,128.06,141.16,143.65,0.8,Type_V,R_Cheek+L_Cheek
aug_3726_rosacea-60.jpg,Flushing,158.23,135.95,131.13,75.43,Type_I,R_Cheek+L_Cheek+Forehead
aug_3727_rosacea-68.jpg,Flushing,169.44,137.82,149.09,37.94,Type_III,R_Cheek+L_Cheek+Forehead
aug_3734_rosacea-68.jpg,Flushing,129.62,136.92,145.31,2.75,Type_V,R_Cheek+L_Cheek+Forehead
aug_373_rosacea-12.jpg,Flushing,124.71,136.59,133.8,-10.7,Type_V,R_Cheek+L_Cheek+Forehead
aug_3743_rosacea-65.jpg,Flushing,108.84,134.71,127.84,88.74,Type_I,R_Cheek+L_Cheek+Forehead
aug_374_rosacea-14.jpg,Flushing,124.82,139.68,136.83,-6.77,Type_V,R_Cheek+L_Cheek+Forehead
aug_3765_rosacea-37.jpg,Flushing,131.11,147.48,137.52,8.46,Type_V,L_Cheek+Forehead
aug_376_rosacea-41.jpg,Flushing,103.62,135.68,128.43,-87.4,Type_VI,R_Cheek+L_Cheek+Forehead
aug_3770_rosacea-75.jpg,Flushing,152.11,138.6,132.81,63.51,Type_I,R_Cheek+L_Cheek+Forehead
aug_3781_rosacea-78.jpg,Flushing,144.9,136.21,128.75,83.76,Type_I,R_Cheek+L_Cheek+Forehead
aug_3792_acne-pustular-62.jpg,Flushing,96.54,134.17,142.54,-39.86,Type_VI,R_Cheek+L_Cheek+Forehead
aug_3806_acne-pustular-62.jpg,Flushing,97.34,135.94,145.76,-33.66,Type_VI,R_Cheek+L_Cheek+Forehead
aug_3810_rosacea-13.jpg,Flushing,117.43,137.74,136.56,-24.77,Type_V,R_Cheek+L_Cheek+Forehead
aug_381_acne-excoriated-12.jpg,Flushing,95.98,135.67,120.4,58.43,Type_I,R_Cheek+L_Cheek+Forehead
aug_382_perioral-dermatitis-125.jpg,Flushing,86.25,137.99,139.73,-54.05,Type_VI,R_Cheek+L_Cheek+Forehead
aug_3834_rosacea-115.jpg,Flushing,108.93,140.5,138.03,-35.97,Type_VI,R_Cheek+L_Cheek+Forehead
aug_3839_perioral-dermatitis-19.jpg,Flushing,127.97,141.59,144.29,0.65,Type_V,R_Cheek+L_Cheek
aug_3841_acne-cystic-142.jpg,Flushing,121.69,138.77,143.52,-8.35,Type_V,R_Cheek+L_Cheek+Forehead
aug_3842_rosacea-37.jpg,Flushing,129.71,150.22,139.2,4.43,Type_V,R_Cheek+Forehead
aug_3843_rosacea-78.jpg,Flushing,123.42,134.18,128.62,-68.93,Type_VI,R_Cheek+L_Cheek+Forehead
aug_3847_07PerioralSteroid1.jpg,Flushing,159.01,153.11,137.51,52.42,Type_II,R_Cheek+L_Cheek+Forehead
aug_3856_rosacea-97.jpg,Flushing,134.8,141.66,136.42,18.78,Type_IV,R_Cheek+L_Cheek+Forehead
aug_3857_perioral-dermatitis-132.jpg,Flushing,127.97,141.11,136.84,1.19,Type_V,R_Cheek+L_Cheek
aug_3863_rosacea-75.jpg,Flushing,121.63,137.7,132.43,-27.47,Type_V,R_Cheek+L_Cheek+Forehead
aug_3867_perioral-dermatitis-17.jpg,Flushing,143.05,143.55,143.66,21.28,Type_IV,R_Cheek+L_Cheek+Forehead
aug_3876_07RosaceaOK0828063.jpg,Flushing,103.3,141.5,142.63,-32.98,Type_VI,R_Cheek+L_Cheek+Forehead
aug_3878_07RosaceaFulFAce.jpg,Flushing,129.7,142.54,137.95,4.95,Type_V,R_Cheek+L_Cheek+Forehead
aug_387_acne-excoriated-21.jpg,Flushing,177.56,135.68,146.13,47.29,Type_II,R_Cheek+L_Cheek+Forehead
aug_3887_rosacea-46.jpg,Flushing,137.23,148.47,150.6,9.59,Type_V,L_Cheek+Forehead
aug_3896_rosacea-53.jpg,Flushing,123.73,137.11,133.13,-16.08,Type_V,R_Cheek+L_Cheek+Forehead
aug_38_rosacea-12.jpg,Flushing,174.47,138.67,135.26,68.48,Type_I,R_Cheek+L_Cheek+Forehead
aug_3901_perioral-dermatitis-59.jpg,Flushing,128.72,135.78,129.02,25.14,Type_IV,L_Cheek+Forehead
aug_3908_perioral-dermatitis-20.jpg,Flushing,128.46,144.37,147.38,1.11,Type_V,R_Cheek+L_Cheek+Forehead
aug_3910_perioral-dermatitis-51.jpg,Flushing,143.4,152.01,140.82,25.94,Type_IV,R_Cheek+L_Cheek
aug_3929_acne-cystic-112.jpg,Flushing,139.12,159.13,150.44,11.48,Type_IV,R_Cheek+L_Cheek+Forehead
aug_3935_perioral-dermatitis-101.jpg,Flushing,106.61,148.09,132.58,-60.78,Type_VI,R_Cheek+L_Cheek+Forehead
aug_3936_rosacea-15.jpg,Flushing,76.85,136.85,135.31,-69.79,Type_VI,R_Cheek+L_Cheek+Forehead
aug_3937_rosacea-79.jpg,Flushing,129.48,133.82,129.74,24.0,Type_IV,R_Cheek+L_Cheek+Forehead
aug_3939_07RosaceaFulFAce.jpg,Flushing,183.98,150.07,144.72,52.95,Type_II,R_Cheek+L_Cheek+Forehead
aug_393_hidradenitis-suppurativa-105.jpg,Flushing,99.24,136.07,120.78,56.92,Type_I,R_Cheek+L_Cheek+Forehead
aug_3943_rosacea-94.jpg,Flushing,155.97,136.61,130.97,75.09,Type_I,R_Cheek+L_Cheek+Forehead
aug_3948_rosacea-101.jpg,Flushing,80.54,140.28,132.08,-77.52,Type_VI,R_Cheek+L_Cheek+Forehead
aug_3949_rosacea-68.jpg,Flushing,163.38,137.29,146.99,36.54,Type_III,R_Cheek+L_Cheek+Forehead
aug_3962_rosacea-52.jpg,Flushing,137.68,135.76,139.25,19.54,Type_IV,R_Cheek+L_Cheek+Forehead
aug_3963_acne-cystic-142.jpg,Flushing,115.69,139.96,144.73,-15.47,Type_V,R_Cheek+L_Cheek+Forehead
aug_3973_rosacea-50.jpg,Flushing,148.3,133.18,138.08,38.98,Type_III,R_Cheek+L_Cheek+Forehead
aug_3979_perioral-dermatitis-122.jpg,Flushing,153.83,132.22,132.88,64.7,Type_I,R_Cheek+L_Cheek+Forehead
aug_3983_rosacea-50.jpg,Flushing,177.66,132.08,138.7,61.46,Type_I,R_Cheek+L_Cheek+Forehead
aug_3984_perioral-dermatitis-59.jpg,Flushing,132.73,135.67,128.93,65.7,Type_I,L_Cheek+Forehead
aug_398_rosacea-96.jpg,Flushing,138.11,131.05,130.79,56.18,Type_I,R_Cheek+L_Cheek+Forehead
aug_3997_rosacea-68.jpg,Flushing,124.48,136.97,145.52,-3.86,Type_V,R_Cheek+L_Cheek+Forehead
aug_4001_rosacea-47.jpg,Flushing,111.08,136.82,143.09,-23.11,Type_V,R_Cheek+L_Cheek+Forehead
aug_4005_acne-excoriated-30.jpg,Flushing,73.07,135.2,120.48,70.6,Type_I,R_Cheek+Forehead
aug_4020_perioral-dermatitis-26.jpg,Flushing,94.69,141.4,143.53,-39.65,Type_VI,R_Cheek+L_Cheek
aug_4021_perioral-dermatitis-122.jpg,Flushing,144.17,131.05,131.64,60.91,Type_I,R_Cheek+L_Cheek+Forehead
aug_4022_perioral-dermatitis-16.jpg,Flushing,135.49,146.2,146.09,9.83,Type_V,R_Cheek+L_Cheek+Forehead
aug_4030_rosacea-108.jpg,Flushing,112.7,134.54,128.26,-87.48,Type_VI,R_Cheek+L_Cheek+Forehead
aug_4032_perioral-dermatitis-106.jpg,Flushing,126.24,154.29,135.53,-3.75,Type_V,R_Cheek+L_Cheek+Forehead
aug_4052_rosacea-50.jpg,Flushing,135.02,131.76,135.63,21.13,Type_IV,R_Cheek+L_Cheek+Forehead
aug_4059_07RosaceaOK0828063.jpg,Flushing,86.27,143.46,144.66,-44.15,Type_VI,R_Cheek+L_Cheek+Forehead
aug_4062_07RosaceaK02162.jpg,Flushing,129.77,152.69,139.15,4.57,Type_V,R_Cheek+L_Cheek+Forehead
aug_4070_rosacea-95.jpg,Flushing,114.19,133.89,129.79,-71.09,Type_VI,R_Cheek+L_Cheek+Forehead
aug_4071_acne-closed-comedo-10.jpg,Flushing,119.18,139.43,144.91,-10.92,Type_V,R_Cheek+L_Cheek+Forehead
aug_4074_07PerioralDermNose.jpg,Flushing,94.46,138.08,134.33,-63.95,Type_VI,L_Cheek+Forehead
aug_4083_07PerioralDermNose.jpg,Flushing,77.51,137.21,133.53,-74.24,Type_VI,R_Cheek+L_Cheek+Forehead
aug_4086_rosacea-96.jpg,Flushing,119.63,130.93,130.77,-48.07,Type_VI,R_Cheek+L_Cheek+Forehead
aug_4087_acne-excoriated-22.jpg,Flushing,142.65,137.31,148.25,16.36,Type_IV,R_Cheek+L_Cheek+Forehead
aug_4093_perioral-dermatitis-123.jpg,Flushing,139.09,141.74,147.42,13.18,Type_IV,R_Cheek+L_Cheek+Forehead
aug_4096_perioral-dermatitis-45.jpg,Flushing,114.46,144.06,135.74,-33.45,Type_VI,R_Cheek+L_Cheek
aug_4109_perioral-dermatitis-45.jpg,Flushing,127.65,145.4,135.24,0.48,Type_V,R_Cheek+L_Cheek+Forehead
aug_410_rosacea-53.jpg,Flushing,108.01,136.36,132.77,-58.02,Type_VI,R_Cheek+L_Cheek+Forehead
aug_4119_acne-closed-comedo-10.jpg,Flushing,104.13,137.83,142.52,-32.25,Type_VI,R_Cheek+L_Cheek+Forehead
aug_4122_acne-cystic-121.jpg,Flushing,124.03,153.9,137.34,-8.3,Type_V,R_Cheek+L_Cheek+Forehead
aug_4123_acne-excoriated-30.jpg,Flushing,67.09,134.13,121.91,75.59,Type_I,R_Cheek+Forehead
aug_413_rosacea-116.jpg,Flushing,148.22,135.21,133.54,55.72,Type_I,R_Cheek+L_Cheek+Forehead
aug_4149_perioral-dermatitis-106.jpg,Flushing,80.92,144.43,132.25,-76.9,Type_VI,R_Cheek+L_Cheek+Forehead
aug_414_rosacea-40.jpg,Flushing,141.46,140.02,129.14,78.24,Type_I,R_Cheek+Forehead
aug_4153_perioral-dermatitis-48.jpg,Flushing,77.3,138.28,131.28,-80.54,Type_VI,R_Cheek+L_Cheek
aug_4168_perioral-dermatitis-101.jpg,Flushing,136.7,158.41,135.43,25.89,Type_IV,R_Cheek+L_Cheek+Forehead
aug_4170_rosacea-38.jpg,Flushing,138.82,149.79,141.72,17.92,Type_IV,R_Cheek+L_Cheek+Forehead
aug_4173_acne-infantile-4.jpg,Flushing,115.68,146.74,145.52,-14.82,Type_V,R_Cheek+L_Cheek+Forehead
aug_4175_rosacea-74.jpg,Flushing,109.4,136.59,132.27,-58.95,Type_VI,R_Cheek+L_Cheek+Forehead
aug_4189_07rosaceaTreated091806OK.jpg,Flushing,103.05,138.53,139.46,-39.91,Type_VI,R_Cheek+L_Cheek+Forehead
aug_4196_acne-infantile-6.jpg,Flushing,114.05,138.87,146.31,-16.06,Type_V,R_Cheek+L_Cheek+Forehead
aug_4200_rosacea-55.jpg,Flushing,115.11,138.22,134.85,-35.37,Type_VI,R_Cheek+L_Cheek+Forehead
aug_4204_rosacea-54.jpg,Flushing,159.04,135.21,131.41,74.59,Type_I,R_Cheek+L_Cheek+Forehead
aug_4205_perioral-dermatitis-105.jpg,Flushing,157.74,153.01,131.92,71.71,Type_I,R_Cheek+L_Cheek+Forehead
aug_4235_rosacea-25.jpg,Flushing,148.76,149.2,138.75,37.8,Type_III,R_Cheek+L_Cheek+Forehead
aug_423_perioral-dermatitis-125.jpg,Flushing,106.14,143.54,145.42,-25.68,Type_V,R_Cheek+L_Cheek+Forehead
aug_4243_rosacea-55.jpg,Flushing,127.95,138.36,134.88,1.48,Type_V,R_Cheek+L_Cheek+Forehead
aug_4246_rosacea-80.jpg,Flushing,94.14,142.08,136.55,-56.83,Type_VI,R_Cheek+L_Cheek+Forehead
aug_4251_rosacea-75.jpg,Flushing,153.89,139.46,133.21,63.26,Type_I,R_Cheek+L_Cheek+Forehead
aug_4252_acne-excoriated-30.jpg,Flushing,65.83,134.53,121.79,75.61,Type_I,L_Cheek+Forehead
aug_4257_07RosaceaOK0828063.jpg,Flushing,115.12,147.77,149.17,-12.92,Type_V,R_Cheek+L_Cheek+Forehead
aug_4262_07RosaceaFulFAce.jpg,Flushing,158.77,146.44,140.68,44.03,Type_II,R_Cheek+L_Cheek+Forehead
aug_4274_hidradenitis-suppurativa-105.jpg,Flushing,139.11,140.93,116.84,-22.2,Type_V,R_Cheek+L_Cheek+Forehead
aug_4282_rosacea-116.jpg,Flushing,121.03,134.97,133.25,-25.78,Type_V,R_Cheek+L_Cheek+Forehead
aug_4285_rosacea-58.jpg,Flushing,133.5,142.68,114.32,-9.76,Type_V,R_Cheek+L_Cheek+Forehead
aug_4287_acne-excoriated-22.jpg,Flushing,148.0,136.95,146.94,23.0,Type_IV,R_Cheek+L_Cheek+Forehead
aug_430_rosacea-96.jpg,Flushing,142.37,131.83,131.57,58.54,Type_I,R_Cheek+L_Cheek+Forehead
aug_4312_perioral-dermatitis-52.jpg,Flushing,104.83,142.27,141.26,-33.83,Type_VI,R_Cheek+L_Cheek
aug_4322_rosacea-105.jpg,Flushing,127.91,137.79,147.89,0.46,Type_V,R_Cheek+L_Cheek+Forehead
aug_4328_rosacea-47.jpg,Flushing,108.5,134.95,140.04,-31.75,Type_VI,R_Cheek+L_Cheek+Forehead
aug_4329_perioral-dermatitis-20.jpg,Flushing,125.1,142.13,145.07,-3.16,Type_V,R_Cheek+L_Cheek+Forehead
aug_4336_acne-pustular-62.jpg,Flushing,92.84,134.92,143.17,-41.86,Type_VI,R_Cheek+Forehead
aug_433_perioral-dermatitis-101.jpg,Flushing,123.89,154.29,134.3,-12.66,Type_V,R_Cheek+L_Cheek+Forehead
aug_4341_rosacea-50.jpg,Flushing,171.4,133.04,138.99,57.45,Type_I,R_Cheek+L_Cheek+Forehead
aug_4355_acne-cystic-121.jpg,Flushing,120.2,149.52,135.76,-20.25,Type_V,R_Cheek+L_Cheek+Forehead
aug_435_rosacea-99.jpg,Flushing,104.52,132.51,127.56,87.19,Type_I,R_Cheek+L_Cheek+Forehead
aug_4361_perioral-dermatitis-106.jpg,Flushing,100.67,144.44,132.1,-68.71,Type_VI,R_Cheek+L_Cheek+Forehead
aug_438_rosacea-57.jpg,Flushing,100.49,140.05,131.79,-70.29,Type_VI,R_Cheek+L_Cheek+Forehead
aug_438_rosacea-63.jpg,Flushing,142.84,137.87,135.81,37.61,Type_III,R_Cheek+L_Cheek+Forehead
aug_4397_rosacea-57.jpg,Flushing,113.66,140.01,131.67,-55.96,Type_VI,R_Cheek+L_Cheek+Forehead
aug_43_rosacea-109.jpg,Flushing,111.17,141.9,151.89,-15.01,Type_V,R_Cheek+L_Cheek+Forehead
aug_4403_rosacea-33.jpg,Flushing,127.19,140.83,140.78,-0.55,Type_V,R_Cheek+L_Cheek+Forehead
aug_4404_perioral-dermatitis-48.jpg,Flushing,93.77,144.37,134.27,-64.63,Type_VI,R_Cheek+L_Cheek+Forehead
aug_4410_rosacea-65.jpg,Flushing,121.22,136.27,127.78,84.96,Type_I,R_Cheek+L_Cheek+Forehead
aug_4421_perioral-dermatitis-31.jpg,Flushing,113.5,144.66,137.95,-28.9,Type_V,R_Cheek+L_Cheek
aug_4426_rosacea-116.jpg,Flushing,130.99,135.93,133.95,12.96,Type_IV,R_Cheek+L_Cheek+Forehead
aug_4437_rosacea-68.jpg,Flushing,126.46,135.35,142.64,-1.59,Type_V,R_Cheek+L_Cheek+Forehead
aug_443_rosacea-101.jpg,Flushing,100.11,140.46,131.98,-69.67,Type_VI,R_Cheek+L_Cheek+Forehead
aug_4444_rosacea-41.jpg,Flushing,100.02,134.96,128.33,-88.26,Type_VI,R_Cheek+L_Cheek+Forehead
aug_4467_rosacea-38.jpg,Flushing,130.43,146.95,139.65,5.62,Type_V,R_Cheek+L_Cheek+Forehead
aug_4472_rosacea-41.jpg,Flushing,110.92,135.34,128.19,-88.37,Type_VI,R_Cheek+L_Cheek+Forehead
aug_4479_rosacea-13.jpg,Flushing,119.33,138.07,136.85,-19.91,Type_V,R_Cheek+L_Cheek+Forehead
aug_4481_acne-excoriated-21.jpg,Flushing,181.19,136.68,148.15,46.25,Type_II,R_Cheek+L_Cheek+Forehead
aug_4485_perioral-dermatitis-140.jpg,Flushing,128.07,141.45,148.82,0.62,Type_V,R_Cheek+L_Cheek+Forehead
aug_4490_rosacea-47.jpg,Flushing,104.09,135.84,141.51,-34.19,Type_VI,R_Cheek+L_Cheek+Forehead
aug_4499_acne-pustular-56.jpg,Flushing,131.92,140.06,146.47,5.36,Type_V,R_Cheek+L_Cheek+Forehead
aug_4515_acne-infantile-6.jpg,Flushing,151.5,142.41,154.93,19.27,Type_IV,R_Cheek+L_Cheek+Forehead
aug_4518_perioral-dermatitis-123.jpg,Flushing,130.05,140.82,146.35,3.12,Type_V,R_Cheek+L_Cheek+Forehead
aug_4523_acne-excoriated-26.jpg,Flushing,117.42,137.72,123.92,44.09,Type_II,R_Cheek+L_Cheek+Forehead
aug_4541_rosacea-116.jpg,Flushing,121.43,134.62,133.06,-25.19,Type_V,R_Cheek+L_Cheek+Forehead
aug_4547_rosacea-32.jpg,Flushing,112.35,138.26,137.64,-31.63,Type_VI,R_Cheek+L_Cheek+Forehead
aug_4558_rosacea-81.jpg,Flushing,155.97,136.16,131.03,74.81,Type_I,R_Cheek+Forehead
aug_4565_rosacea-38.jpg,Flushing,134.56,149.56,141.48,11.61,Type_IV,R_Cheek+L_Cheek+Forehead
aug_4584_rosacea-41.jpg,Flushing,96.28,133.68,128.19,-89.09,Type_VI,R_Cheek+L_Cheek+Forehead
aug_4588_acne-infantile-6.jpg,Flushing,128.85,142.44,151.86,1.27,Type_V,R_Cheek+L_Cheek+Forehead
aug_4597_acne-excoriated-12.jpg,Flushing,95.02,135.89,120.26,58.73,Type_I,R_Cheek+L_Cheek+Forehead
aug_4598_perioral-dermatitis-106.jpg,Flushing,110.6,148.1,133.06,-52.65,Type_VI,R_Cheek+L_Cheek+Forehead
aug_45_acne-excoriated-18.jpg,Flushing,71.21,139.69,130.92,-82.47,Type_VI,R_Cheek+Forehead
aug_4600_perioral-dermatitis-36.jpg,Flushing,171.63,146.42,141.44,52.16,Type_II,R_Cheek+L_Cheek+Forehead
aug_4605_perioral-dermatitis-39.jpg,Flushing,123.4,147.12,134.93,-13.05,Type_V,R_Cheek+L_Cheek
aug_4616_acne-open-comedo-7.jpg,Flushing,140.57,148.67,140.95,21.6,Type_IV,R_Cheek+L_Cheek+Forehead
aug_4617_perioral-dermatitis-51.jpg,Flushing,128.94,149.26,138.51,3.07,Type_V,R_Cheek+L_Cheek+Forehead
aug_461_acne-pustular-25.jpg,Flushing,137.65,155.0,148.02,11.25,Type_IV,R_Cheek+L_Cheek
aug_4624_acne-excoriated-22.jpg,Flushing,139.22,137.53,147.81,13.07,Type_IV,R_Cheek+L_Cheek+Forehead
aug_4633_rosacea-114.jpg,Flushing,129.5,149.24,147.46,2.31,Type_V,R_Cheek+L_Cheek+Forehead
aug_4640_07RosaceaK02164.jpg,Flushing,110.04,146.98,136.27,-39.63,Type_VI,R_Cheek+L_Cheek+Forehead
aug_464_acne-cystic-112.jpg,Flushing,138.94,158.94,150.46,11.3,Type_IV,R_Cheek+L_Cheek+Forehead
aug_4659_rosacea-13.jpg,Flushing,113.13,139.02,137.84,-29.82,Type_V,R_Cheek+L_Cheek+Forehead
aug_4677_perioral-dermatitis-51.jpg,Flushing,89.5,140.59,134.19,-67.43,Type_VI,R_Cheek+L_Cheek+Forehead
aug_467_rosacea-60.jpg,Flushing,160.0,134.41,130.41,79.3,Type_I,R_Cheek+L_Cheek+Forehead
aug_4689_perioral-dermatitis-141.jpg,Flushing,109.45,139.04,135.91,-41.82,Type_VI,R_Cheek+L_Cheek+Forehead
aug_4695_perioral-dermatitis-20.jpg,Flushing,119.2,141.55,144.31,-11.29,Type_V,R_Cheek+L_Cheek
aug_46_perioral-dermatitis-36.jpg,Flushing,168.59,148.56,142.88,47.28,Type_II,R_Cheek+L_Cheek+Forehead
aug_4700_perioral-dermatitis-92.jpg,Flushing,174.65,148.37,143.84,49.42,Type_II,L_Cheek+Forehead
aug_4706_rosacea-68.jpg,Flushing,154.22,138.86,149.27,26.23,Type_IV,R_Cheek+L_Cheek+Forehead
aug_4707_perioral-dermatitis-38.jpg,Flushing,103.78,139.96,132.94,-62.02,Type_VI,R_Cheek+L_Cheek
aug_4717_acne-excoriated-19.jpg,Flushing,81.04,140.05,129.79,-84.38,Type_VI,R_Cheek+L_Cheek+Forehead
aug_4718_rosacea-41.jpg,Flushing,91.47,133.64,128.16,-89.34,Type_VI,R_Cheek+L_Cheek+Forehead
aug_4729_rosacea-81.jpg,Flushing,138.16,135.17,130.39,60.25,Type_I,R_Cheek+Forehead
aug_4745_acne-excoriated-22.jpg,Flushing,146.49,136.33,145.91,22.58,Type_IV,R_Cheek+L_Cheek+Forehead
aug_4751_acne-excoriated-19.jpg,Flushing,100.58,143.85,130.57,-76.32,Type_VI,R_Cheek+L_Cheek+Forehead
aug_4768_rosacea-79.jpg,Flushing,111.48,132.58,129.37,-77.67,Type_VI,R_Cheek+L_Cheek+Forehead
aug_4770_perioral-dermatitis-140.jpg,Flushing,134.45,140.24,147.05,8.14,Type_V,R_Cheek+L_Cheek+Forehead
aug_4787_rosacea-14.jpg,Flushing,160.86,144.25,141.27,44.59,Type_II,R_Cheek+L_Cheek+Forehead
aug_4790_acne-infantile-6.jpg,Flushing,138.5,143.39,153.47,9.61,Type_V,R_Cheek+L_Cheek+Forehead
aug_4792_acne-pustular-8.jpg,Flushing,104.17,142.93,133.22,-60.28,Type_VI,R_Cheek+L_Cheek
aug_4795_perioral-dermatitis-123.jpg,Flushing,152.83,142.13,149.4,24.9,Type_IV,R_Cheek+L_Cheek+Forehead
aug_4798_acne-pustular-8.jpg,Flushing,138.77,145.39,133.63,38.16,Type_III,R_Cheek+L_Cheek+Forehead
aug_479_perioral-dermatitis-52.jpg,Flushing,105.0,142.36,141.54,-33.08,Type_VI,R_Cheek+L_Cheek
aug_4800_perioral-dermatitis-45.jpg,Flushing,127.27,143.18,135.35,-0.71,Type_V,R_Cheek+L_Cheek
aug_4802_acne-excoriated-30.jpg,Flushing,90.8,136.69,119.38,59.08,Type_I,L_Cheek+Forehead
aug_4805_rosacea-114.jpg,Flushing,133.24,149.8,148.02,6.42,Type_V,R_Cheek+L_Cheek+Forehead
aug_480_perioral-dermatitis-141.jpg,Flushing,125.29,139.96,136.41,-5.89,Type_V,R_Cheek+L_Cheek+Forehead
aug_4820_perioral-dermatitis-137.jpg,Flushing,140.55,131.96,132.3,49.98,Type_II,R_Cheek+L_Cheek+Forehead
aug_4821_rosacea-13.jpg,Flushing,112.35,137.66,136.47,-35.06,Type_VI,R_Cheek+L_Cheek+Forehead
aug_4832_07RosaceaK02164.jpg,Flushing,125.37,146.2,135.69,-6.2,Type_V,R_Cheek+L_Cheek+Forehead
aug_4836_acne-pustular-32.jpg,Flushing,169.29,150.66,130.37,81.77,Type_I,R_Cheek+L_Cheek+Forehead
aug_4838_perioral-dermatitis-125.jpg,Flushing,128.63,143.16,145.63,1.44,Type_V,R_Cheek+L_Cheek
aug_4841_acne-open-comedo-6.jpg,Flushing,127.12,146.35,134.02,-1.43,Type_V,R_Cheek+L_Cheek+Forehead
aug_484_rosacea-nose-22.jpg,Flushing,125.68,144.12,146.03,-2.26,Type_V,L_Cheek+Forehead
aug_4856_rosacea-39.jpg,Flushing,152.25,149.55,141.83,35.06,Type_III,R_Cheek+Forehead
aug_4857_perioral-dermatitis-38.jpg,Flushing,109.16,139.87,133.07,-54.84,Type_VI,R_Cheek+L_Cheek+Forehead
aug_4860_perioral-dermatitis-141.jpg,Flushing,128.0,143.51,138.7,1.04,Type_V,R_Cheek+L_Cheek
aug_4869_acne-cystic-84.jpg,Flushing,126.9,154.68,147.51,-0.7,Type_V,R_Cheek+L_Cheek+Forehead
aug_4878_acne-cystic-84.jpg,Flushing,118.52,159.28,151.49,-8.53,Type_V,R_Cheek+L_Cheek+Forehead
aug_4879_rosacea-78.jpg,Flushing,144.95,136.49,128.75,83.77,Type_I,R_Cheek+L_Cheek+Forehead
aug_4882_rosacea-65.jpg,Flushing,95.25,133.49,127.94,89.71,Type_I,R_Cheek+L_Cheek+Forehead
aug_4886_acne-excoriated-12.jpg,Flushing,106.49,136.56,119.55,44.29,Type_II,R_Cheek+L_Cheek+Forehead
aug_4904_perioral-dermatitis-16.jpg,Flushing,110.46,139.81,139.84,-29.43,Type_V,R_Cheek+L_Cheek+Forehead
aug_4917_rosacea-68.jpg,Flushing,138.91,137.26,146.02,13.95,Type_IV,R_Cheek+L_Cheek+Forehead
aug_4918_rosacea-79.jpg,Flushing,134.11,135.32,130.17,50.04,Type_II,R_Cheek+L_Cheek+Forehead
aug_4919_rosacea-99.jpg,Flushing,122.88,133.6,127.58,76.8,Type_I,R_Cheek+L_Cheek+Forehead
aug_4939_acne-infantile-4.jpg,Flushing,113.18,142.99,142.13,-21.68,Type_V,R_Cheek+L_Cheek+Forehead
aug_494_rosacea-116.jpg,Flushing,139.62,136.82,134.63,35.65,Type_III,R_Cheek+L_Cheek+Forehead
aug_4950_perioral-dermatitis-138.jpg,Flushing,137.92,136.11,145.84,12.9,Type_IV,R_Cheek+L_Cheek+Forehead
aug_4976_rosacea-14.jpg,Flushing,136.42,144.15,140.63,15.48,Type_IV,R_Cheek+L_Cheek+Forehead
aug_4979_rosacea-61.jpg,Flushing,152.39,136.18,129.34,82.19,Type_I,R_Cheek+L_Cheek+Forehead
aug_497_rosacea-37.jpg,Flushing,118.01,147.01,137.6,-21.2,Type_V,L_Cheek+Forehead
aug_4984_07RosaceaOK0828063.jpg,Flushing,90.6,140.49,141.27,-47.47,Type_VI,R_Cheek+L_Cheek+Forehead
aug_4990_rosacea-79.jpg,Flushing,157.12,134.89,129.82,81.1,Type_I,R_Cheek+L_Cheek+Forehead
aug_4995_07PerioralDermNose.jpg,Flushing,87.69,135.79,132.98,-72.29,Type_VI,L_Cheek+Forehead
aug_4996_rosacea-75.jpg,Flushing,120.45,136.44,131.73,-36.52,Type_VI,R_Cheek+L_Cheek+Forehead
aug_5005_rosacea-97.jpg,Flushing,114.89,137.72,133.93,-39.82,Type_VI,R_Cheek+L_Cheek+Forehead
aug_5015_rosacea-99.jpg,Flushing,86.11,131.59,127.7,88.94,Type_I,R_Cheek+L_Cheek+Forehead
aug_5017_perioral-dermatitis-26.jpg,Flushing,76.3,139.64,141.17,-56.74,Type_VI,R_Cheek+L_Cheek+Forehead
aug_5024_acne-excoriated-22.jpg,Flushing,188.84,135.33,151.47,45.71,Type_II,R_Cheek+L_Cheek+Forehead
aug_5025_rosacea-95.jpg,Flushing,164.45,137.37,130.98,78.39,Type_I,R_Cheek+L_Cheek+Forehead
aug_5036_acne-pustular-25.jpg,Flushing,97.13,145.51,140.6,-43.4,Type_VI,R_Cheek+L_Cheek
aug_5042_perioral-dermatitis-101.jpg,Flushing,132.95,153.51,133.93,19.81,Type_IV,R_Cheek+L_Cheek+Forehead
aug_504_perioral-dermatitis-19.jpg,Flushing,124.94,143.05,145.4,-3.31,Type_V,R_Cheek+L_Cheek
aug_5056_perioral-dermatitis-140.jpg,Flushing,121.25,141.62,149.46,-6.51,Type_V,R_Cheek+L_Cheek
aug_5058_acne-cystic-84.jpg,Flushing,124.04,154.99,147.86,-3.91,Type_V,R_Cheek+L_Cheek+Forehead
aug_5059_rosacea-40.jpg,Flushing,134.78,137.79,129.17,67.73,Type_I,R_Cheek+Forehead
aug_5062_rosacea-61.jpg,Flushing,102.54,132.86,128.83,-85.18,Type_VI,R_Cheek+L_Cheek+Forehead
aug_5064_rosacea-41.jpg,Flushing,112.91,135.35,128.16,-88.42,Type_VI,R_Cheek+L_Cheek+Forehead
aug_506_rosacea-24.jpg,Flushing,111.01,141.17,135.48,-40.87,Type_VI,R_Cheek+L_Cheek+Forehead
aug_5075_perioral-dermatitis-101.jpg,Flushing,106.08,148.48,132.56,-61.5,Type_VI,R_Cheek+L_Cheek+Forehead
aug_5083_perioral-dermatitis-132.jpg,Flushing,147.76,144.29,139.24,35.25,Type_III,R_Cheek+L_Cheek
aug_5092_rosacea-58.jpg,Flushing,112.65,139.68,117.11,28.14,Type_III,R_Cheek+L_Cheek+Forehead
aug_5103_rosacea-52.jpg,Flushing,117.28,133.99,136.58,-25.02,Type_V,R_Cheek+L_Cheek+Forehead
aug_5110_acne-cystic-142.jpg,Flushing,113.47,138.05,142.93,-20.22,Type_V,R_Cheek+L_Cheek+Forehead
aug_511_rosacea-94.jpg,Flushing,183.76,138.0,131.56,80.84,Type_I,R_Cheek+L_Cheek+Forehead
aug_5124_perioral-dermatitis-16.jpg,Flushing,111.62,141.99,141.8,-24.28,Type_V,R_Cheek+L_Cheek+Forehead
aug_5135_07RosaceaFulFAce.jpg,Flushing,130.76,144.18,139.05,6.61,Type_V,R_Cheek+L_Cheek+Forehead
aug_5137_acne-excoriated-26.jpg,Flushing,133.82,138.73,122.96,-26.17,Type_V,R_Cheek+Forehead
aug_5144_rosacea-59.jpg,Flushing,115.38,135.94,135.94,-30.9,Type_VI,R_Cheek+L_Cheek+Forehead
aug_5158_acne-cystic-11.jpg,Flushing,91.92,141.13,140.1,-49.07,Type_VI,R_Cheek+L_Cheek+Forehead
aug_5162_acne-pustular-56.jpg,Flushing,109.08,141.27,147.78,-20.05,Type_V,R_Cheek+L_Cheek+Forehead
aug_5163_perioral-dermatitis-16.jpg,Flushing,142.72,148.42,148.34,16.35,Type_IV,R_Cheek+L_Cheek+Forehead
aug_5175_rosacea-68.jpg,Flushing,162.67,137.65,147.3,35.55,Type_III,R_Cheek+L_Cheek+Forehead
aug_5178_rosacea-98.jpg,Flushing,92.28,141.8,140.09,-48.8,Type_VI,R_Cheek+L_Cheek+Forehead
aug_5187_rosacea-43.jpg,Flushing,145.86,137.8,127.18,-83.53,Type_VI,R_Cheek+L_Cheek+Forehead
aug_5189_rosacea-78.jpg,Flushing,121.59,134.39,128.58,-75.89,Type_VI,R_Cheek+L_Cheek+Forehead
aug_5191_acne-closed-comedo-10.jpg,Flushing,126.12,140.88,147.28,-1.61,Type_V,R_Cheek+L_Cheek+Forehead
aug_519_acne-excoriated-30.jpg,Flushing,75.85,135.62,120.17,68.87,Type_I,L_Cheek+Forehead
aug_5213_rosacea-58.jpg,Flushing,144.56,144.07,113.33,-24.51,Type_V,R_Cheek+L_Cheek+Forehead
aug_5217_rosacea-44.jpg,Flushing,101.79,134.3,128.51,-87.08,Type_VI,R_Cheek+L_Cheek+Forehead
aug_5223_perioral-dermatitis-59.jpg,Flushing,109.32,133.82,128.69,-84.48,Type_VI,R_Cheek+Forehead
aug_522_rosacea-54.jpg,Flushing,134.41,133.77,130.74,44.64,Type_II,R_Cheek+L_Cheek+Forehead
aug_5236_rosacea-79.jpg,Flushing,159.15,134.56,129.95,81.09,Type_I,R_Cheek+L_Cheek+Forehead
aug_5245_perioral-dermatitis-101.jpg,Flushing,123.66,152.8,133.75,-14.68,Type_V,R_Cheek+L_Cheek+Forehead
aug_5248_acne-excoriated-18.jpg,Flushing,76.7,139.06,130.76,-82.11,Type_VI,R_Cheek+Forehead
aug_5261_rosacea-52.jpg,Flushing,132.18,133.89,136.34,12.42,Type_IV,R_Cheek+L_Cheek+Forehead
aug_5262_acne-infantile-15.jpg,Flushing,107.92,143.45,145.2,-24.06,Type_V,R_Cheek+L_Cheek
aug_5265_perioral-dermatitis-51.jpg,Flushing,114.0,144.72,136.96,-30.59,Type_VI,R_Cheek+L_Cheek
aug_5266_perioral-dermatitis-45.jpg,Flushing,106.56,141.82,134.57,-51.34,Type_VI,R_Cheek+L_Cheek
aug_5270_rosacea-116.jpg,Flushing,130.26,136.14,134.01,10.19,Type_IV,R_Cheek+L_Cheek+Forehead
aug_5282_rosacea-38.jpg,Flushing,110.87,143.67,137.46,-34.57,Type_VI,R_Cheek+L_Cheek+Forehead
aug_5285_perioral-dermatitis-123.jpg,Flushing,139.6,140.74,146.44,14.43,Type_IV,R_Cheek+L_Cheek+Forehead
aug_5294_rosacea-40.jpg,Flushing,169.52,140.37,128.91,86.84,Type_I,R_Cheek+Forehead
aug_52_rosacea-65.jpg,Flushing,117.73,135.34,127.89,88.33,Type_I,R_Cheek+L_Cheek+Forehead
aug_5306_rosacea-25.jpg,Flushing,131.58,148.98,138.57,8.62,Type_V,R_Cheek+L_Cheek+Forehead
aug_531_07RosaceaFulFAce.jpg,Flushing,161.79,148.33,141.88,44.1,Type_II,R_Cheek+L_Cheek+Forehead
aug_536_rosacea-57.jpg,Flushing,89.59,138.41,131.21,-77.84,Type_VI,R_Cheek+L_Cheek+Forehead
aug_539_rosacea-26.jpg,Flushing,128.61,144.83,135.27,3.44,Type_V,R_Cheek+L_Cheek+Forehead
aug_541_rosacea-53.jpg,Flushing,114.34,137.19,133.1,-45.32,Type_VI,R_Cheek+L_Cheek+Forehead
aug_542_perioral-dermatitis-40.jpg,Flushing,142.63,139.92,138.29,29.96,Type_III,R_Cheek+L_Cheek
aug_545_perioral-dermatitis-36.jpg,Flushing,128.26,143.11,138.87,1.56,Type_V,R_Cheek+L_Cheek+Forehead
aug_546_perioral-dermatitis-36.jpg,Flushing,173.29,149.28,144.0,48.29,Type_II,R_Cheek+L_Cheek+Forehead
aug_548_rosacea-52.jpg,Flushing,124.31,133.12,135.25,-9.78,Type_V,R_Cheek+L_Cheek+Forehead
aug_54_acne-cystic-143.jpg,Flushing,81.79,135.33,138.65,-59.29,Type_VI,R_Cheek+L_Cheek+Forehead
aug_550_rosacea-25.jpg,Flushing,140.33,147.0,137.4,28.16,Type_III,R_Cheek+L_Cheek+Forehead
aug_555_perioral-dermatitis-52.jpg,Flushing,141.11,146.4,145.42,17.03,Type_IV,R_Cheek+L_Cheek
aug_557_rosacea-98.jpg,Flushing,66.78,140.24,138.67,-65.87,Type_VI,R_Cheek+L_Cheek+Forehead
aug_558_perioral-dermatitis-141.jpg,Flushing,128.67,140.25,136.72,3.01,Type_V,R_Cheek+L_Cheek
aug_55_rosacea-53.jpg,Flushing,136.26,141.2,135.54,24.48,Type_IV,R_Cheek+L_Cheek+Forehead
aug_560_acne-infantile-12.jpg,Flushing,121.38,146.84,151.78,-5.76,Type_V,L_Cheek+Forehead
aug_562_rosacea-115.jpg,Flushing,135.13,144.93,141.65,12.37,Type_IV,R_Cheek+L_Cheek+Forehead
aug_565_acne-cystic-121.jpg,Flushing,139.67,155.55,137.95,25.63,Type_IV,R_Cheek+L_Cheek+Forehead
aug_568_rosacea-15.jpg,Flushing,95.04,139.46,137.64,-52.86,Type_VI,R_Cheek+L_Cheek+Forehead
aug_570_rosacea-14.jpg,Flushing,110.92,139.01,136.5,-37.41,Type_VI,R_Cheek+L_Cheek+Forehead
aug_571_07RosaceaOK082806.jpg,Flushing,82.08,140.33,142.36,-51.12,Type_VI,R_Cheek+L_Cheek+Forehead
aug_573_acne-cystic-117.jpg,Flushing,64.0,147.62,130.53,-84.2,Type_VI,R_Cheek+L_Cheek+Forehead
aug_574_perioral-dermatitis-40.jpg,Flushing,153.71,139.39,138.03,45.71,Type_II,R_Cheek+L_Cheek
aug_579_perioral-dermatitis-52.jpg,Flushing,117.51,142.07,141.19,-16.54,Type_V,R_Cheek+L_Cheek
aug_586_rosacea-33.jpg,Flushing,124.58,138.98,138.93,-5.97,Type_V,R_Cheek+L_Cheek+Forehead
aug_587_rosacea-79.jpg,Flushing,160.33,135.62,130.2,80.29,Type_I,R_Cheek+L_Cheek+Forehead
aug_588_acne-cystic-11.jpg,Flushing,135.74,143.82,142.9,12.23,Type_IV,R_Cheek+L_Cheek+Forehead
aug_58_acne-cystic-11.jpg,Flushing,136.47,149.83,148.91,9.55,Type_V,R_Cheek+L_Cheek+Forehead
aug_590_acne-excoriated-16.jpg,Flushing,97.64,141.75,120.84,58.55,Type_I,R_Cheek+L_Cheek+Forehead
aug_591_perioral-dermatitis-26.jpg,Flushing,95.27,141.29,143.37,-39.42,Type_VI,R_Cheek+L_Cheek
aug_592_rosacea-24.jpg,Flushing,109.38,145.04,138.14,-35.02,Type_VI,R_Cheek+L_Cheek+Forehead
aug_594_hidradenitis-suppurativa-60.jpg,Flushing,187.51,138.3,111.41,-54.82,Type_VI,R_Cheek+L_Cheek+Forehead
aug_597_rosacea-25.jpg,Flushing,116.42,145.77,136.76,-26.38,Type_V,R_Cheek+L_Cheek+Forehead
aug_599_acne-cystic-11.jpg,Flushing,92.78,143.81,143.14,-41.97,Type_VI,R_Cheek+L_Cheek+Forehead
aug_605_acne-excoriated-12.jpg,Flushing,105.73,137.08,119.19,44.09,Type_II,R_Cheek+L_Cheek+Forehead
aug_606_acne-pustular-8.jpg,Flushing,111.31,144.79,133.92,-47.0,Type_VI,R_Cheek+L_Cheek
aug_607_07RosaceaFulFAce.jpg,Flushing,165.68,150.52,143.72,43.61,Type_II,R_Cheek+L_Cheek+Forehead
aug_609_rosacea-56.jpg,Flushing,90.28,140.89,135.01,-64.36,Type_VI,R_Cheek+L_Cheek+Forehead
aug_610_07RosaceaOK0828063.jpg,Flushing,99.73,144.64,146.06,-31.08,Type_VI,R_Cheek+L_Cheek+Forehead
aug_613_acne-infantile-6.jpg,Flushing,155.82,142.3,155.55,21.95,Type_IV,R_Cheek+L_Cheek+Forehead
aug_614_07RosaceaOK0828063.jpg,Flushing,97.6,141.6,142.72,-38.53,Type_VI,R_Cheek+L_Cheek+Forehead
aug_615_acne-infantile-15.jpg,Flushing,126.06,143.16,145.55,-1.84,Type_V,R_Cheek+L_Cheek
aug_616_rosacea-38.jpg,Flushing,121.95,147.93,140.36,-9.99,Type_V,R_Cheek+L_Cheek+Forehead
aug_617_acne-excoriated-22.jpg,Flushing,162.81,138.54,150.01,32.17,Type_III,R_Cheek+L_Cheek+Forehead
aug_618_acne-closed-comedo-10.jpg,Flushing,93.62,136.07,140.32,-47.17,Type_VI,R_Cheek+L_Cheek+Forehead
aug_622_rosacea-38.jpg,Flushing,113.97,145.83,138.96,-25.83,Type_V,R_Cheek+L_Cheek+Forehead
aug_624_rosacea-114.jpg,Flushing,139.59,148.34,146.77,14.17,Type_IV,R_Cheek+L_Cheek+Forehead
aug_625_acne-infantile-6.jpg,Flushing,123.83,142.38,151.65,-3.48,Type_V,R_Cheek+L_Cheek+Forehead
aug_628_perioral-dermatitis-26.jpg,Flushing,94.36,139.22,140.66,-45.74,Type_VI,R_Cheek+L_Cheek+Forehead
aug_62_perioral-dermatitis-138.jpg,Flushing,120.66,137.03,145.43,-8.74,Type_V,R_Cheek+L_Cheek+Forehead
aug_630_acne-cystic-84.jpg,Flushing,104.85,155.73,148.74,-23.19,Type_V,R_Cheek+L_Cheek+Forehead
aug_636_acne-pustular-32.jpg,Flushing,168.15,153.61,131.14,78.86,Type_I,R_Cheek+L_Cheek+Forehead
aug_637_rosacea-24.jpg,Flushing,90.33,142.32,136.43,-59.95,Type_VI,R_Cheek+L_Cheek+Forehead
aug_639_rosacea-44.jpg,Flushing,90.18,133.77,128.53,-87.93,Type_VI,R_Cheek+L_Cheek+Forehead
aug_64_acne-excoriated-12.jpg,Flushing,135.62,139.26,116.96,-16.09,Type_V,R_Cheek+L_Cheek+Forehead
aug_652_acne-excoriated-12.jpg,Flushing,87.1,134.73,121.36,67.25,Type_I,R_Cheek+L_Cheek+Forehead
aug_669_rosacea-74.jpg,Flushing,107.92,134.81,131.3,-66.73,Type_VI,R_Cheek+L_Cheek+Forehead
aug_695_rosacea-60.jpg,Flushing,172.25,136.29,131.17,79.75,Type_I,R_Cheek+L_Cheek+Forehead
aug_705_perioral-dermatitis-59.jpg,Flushing,103.11,133.68,128.75,-85.52,Type_VI,L_Cheek+Forehead
aug_714_acne-excoriated-19.jpg,Flushing,79.5,140.36,129.95,-84.09,Type_VI,R_Cheek+L_Cheek+Forehead
aug_727_perioral-dermatitis-20.jpg,Flushing,122.23,142.91,145.94,-6.57,Type_V,R_Cheek+L_Cheek+Forehead
aug_728_07RosaceaFulFAce.jpg,Flushing,170.79,149.93,143.15,48.26,Type_II,R_Cheek+L_Cheek+Forehead
aug_72_rosacea-47.jpg,Flushing,121.38,137.4,143.71,-8.69,Type_V,R_Cheek+L_Cheek+Forehead
aug_760_rosacea-51.jpg,Flushing,131.38,134.13,141.49,6.43,Type_V,R_Cheek+L_Cheek+Forehead
aug_762_rosacea-101.jpg,Flushing,75.79,138.84,131.58,-79.98,Type_VI,R_Cheek+L_Cheek+Forehead
aug_763_perioral-dermatitis-141.jpg,Flushing,90.96,139.08,135.97,-60.9,Type_VI,R_Cheek+L_Cheek+Forehead
aug_76_rosacea-39.jpg,Flushing,122.87,145.73,139.11,-9.27,Type_V,R_Cheek+Forehead
aug_782_rosacea-15.jpg,Flushing,92.37,136.29,135.02,-62.98,Type_VI,R_Cheek+L_Cheek+Forehead
aug_796_rosacea-41.jpg,Flushing,118.47,136.46,128.38,-83.95,Type_VI,R_Cheek+L_Cheek+Forehead
aug_800_acne-excoriated-18.jpg,Flushing,73.79,140.25,131.1,-81.63,Type_VI,L_Cheek+Forehead
aug_801_rosacea-25.jpg,Flushing,122.16,145.71,136.74,-13.46,Type_V,R_Cheek+L_Cheek+Forehead
aug_803_rosacea-80.jpg,Flushing,112.13,144.08,137.8,-31.61,Type_VI,R_Cheek+L_Cheek+Forehead
aug_809_rosacea-109.jpg,Flushing,108.13,139.18,148.04,-20.75,Type_V,R_Cheek+L_Cheek+Forehead
aug_812_acne-cystic-143.jpg,Flushing,128.8,142.22,148.28,1.44,Type_V,R_Cheek+L_Cheek+Forehead
aug_822_acne-excoriated-26.jpg,Flushing,121.07,137.35,123.44,28.91,Type_III,R_Cheek+Forehead
aug_823_perioral-dermatitis-48.jpg,Flushing,93.47,141.74,133.16,-68.85,Type_VI,R_Cheek+L_Cheek+Forehead
aug_828_perioral-dermatitis-94.jpg,Flushing,116.9,143.04,136.71,-25.5,Type_V,R_Cheek+L_Cheek+Forehead
aug_82_rosacea-44.jpg,Flushing,113.21,134.89,128.48,-85.1,Type_VI,R_Cheek+L_Cheek+Forehead
aug_843_perioral-dermatitis-137.jpg,Flushing,146.08,132.37,132.88,56.19,Type_I,R_Cheek+L_Cheek+Forehead
aug_847_perioral-dermatitis-141.jpg,Flushing,106.44,139.93,136.46,-44.32,Type_VI,R_Cheek+L_Cheek+Forehead
aug_852_acne-excoriated-16.jpg,Flushing,74.21,137.44,123.0,76.54,Type_I,R_Cheek+L_Cheek+Forehead
aug_854_perioral-dermatitis-16.jpg,Flushing,131.52,146.51,146.32,4.92,Type_V,R_Cheek+L_Cheek+Forehead
aug_858_perioral-dermatitis-92.jpg,Flushing,154.85,155.41,145.83,31.03,Type_III,R_Cheek+L_Cheek+Forehead
aug_859_perioral-dermatitis-101.jpg,Flushing,112.42,152.04,133.58,-46.65,Type_VI,R_Cheek+L_Cheek+Forehead
aug_868_acne-cystic-84.jpg,Flushing,103.49,151.33,144.98,-29.0,Type_V,R_Cheek+L_Cheek+Forehead
aug_878_rosacea-52.jpg,Flushing,112.93,132.61,134.69,-40.51,Type_VI,R_Cheek+L_Cheek+Forehead
aug_87_perioral-dermatitis-132.jpg,Flushing,160.04,147.68,141.01,44.45,Type_II,R_Cheek+L_Cheek+Forehead
aug_882_acne-cystic-112.jpg,Flushing,145.4,158.09,149.77,17.88,Type_IV,R_Cheek+L_Cheek+Forehead
aug_885_perioral-dermatitis-26.jpg,Flushing,91.63,140.49,142.39,-44.34,Type_VI,R_Cheek+L_Cheek
aug_888_perioral-dermatitis-94.jpg,Flushing,137.47,141.93,135.65,27.07,Type_IV,R_Cheek+L_Cheek+Forehead
aug_88_perioral-dermatitis-17.jpg,Flushing,140.41,143.25,143.9,17.67,Type_IV,R_Cheek+L_Cheek+Forehead
aug_905_perioral-dermatitis-106.jpg,Flushing,86.65,145.03,132.45,-74.46,Type_VI,R_Cheek+L_Cheek+Forehead
aug_906_acne-infantile-7.jpg,Flushing,103.31,141.89,140.07,-38.16,Type_VI,R_Cheek+Forehead
aug_910_acne-pustular-18.jpg,Flushing,119.04,143.28,142.52,-12.88,Type_V,R_Cheek+L_Cheek+Forehead
aug_918_rosacea-15.jpg,Flushing,109.05,137.62,136.18,-41.5,Type_VI,R_Cheek+L_Cheek+Forehead
aug_929_rosacea-116.jpg,Flushing,154.89,135.97,133.99,60.84,Type_I,R_Cheek+L_Cheek+Forehead
aug_952_rosacea-52.jpg,Flushing,132.93,134.19,136.81,13.6,Type_IV,R_Cheek+L_Cheek+Forehead
aug_954_perioral-dermatitis-38.jpg,Flushing,130.93,145.04,135.37,10.35,Type_IV,R_Cheek+L_Cheek+Forehead
aug_960_rosacea-60.jpg,Flushing,169.01,135.36,130.82,80.19,Type_I,R_Cheek+L_Cheek+Forehead
aug_96_perioral-dermatitis-20.jpg,Flushing,142.02,143.19,145.87,17.67,Type_IV,R_Cheek+L_Cheek
aug_974_07RosaceaFulFAce.jpg,Flushing,178.34,150.44,143.56,52.02,Type_II,R_Cheek+L_Cheek+Forehead
aug_97_rosacea-98.jpg,Flushing,96.34,145.38,143.23,-38.75,Type_VI,R_Cheek+L_Cheek+Forehead
aug_981_perioral-dermatitis-125.jpg,Flushing,112.17,144.32,147.2,-17.39,Type_V,R_Cheek+L_Cheek
aug_985_rosacea-58.jpg,Flushing,113.68,139.63,117.08,26.4,Type_IV,R_Cheek+L_Cheek+Forehead
b61395854e4e782abf671266ca89d1b0_jpg.rf.5fbd076348a9548bebbbb7a56aa32f67.jpg,Flushing,207.97,133.24,143.96,63.16,Type_I,R_Cheek+Forehead
Berminyak-1-_jpeg.rf.410521de591baa80145e9e8e3add090f.jpg,Flushing,178.26,141.61,144.83,49.79,Type_II,R_Cheek+L_Cheek+Forehead
Berminyak-11-_jpg.rf.138c114cb3c74124d8eabfd7ced83f91.jpg,Flushing,147.57,138.38,145.14,24.66,Type_IV,R_Cheek+L_Cheek+Forehead
Berminyak-12-_jpg.rf.58b54ade279a2ba8575c2f8a5fba8b4a.jpg,Flushing,154.48,134.65,141.43,38.22,Type_III,R_Cheek+L_Cheek+Forehead
Berminyak-13-_jpg.rf.6bbd73c9741cd8f594de6de82edf7adc.jpg,Flushing,203.14,143.63,145.38,59.63,Type_I,R_Cheek+Forehead
Berminyak-14-_jpeg.rf.ff9f8f6ea26f77127486198970cfad26.jpg,Flushing,131.76,137.49,134.83,13.75,Type_IV,R_Cheek+L_Cheek+Forehead
Berminyak-14-_jpg.rf.882a652db9c91ec2c69a67547cf4d67c.jpg,Flushing,211.48,138.03,140.14,69.77,Type_I,L_Cheek+Forehead
Berminyak-15-_jpg.rf.1a3b994b2b7ae1e05103e64f3967928a.jpg,Flushing,181.64,143.67,148.92,45.42,Type_II,L_Cheek+Forehead
Berminyak-16-_jpg.rf.c9a84d5705969d3234e9949ba8132b73.jpg,Flushing,165.16,143.29,143.11,44.35,Type_II,R_Cheek+L_Cheek+Forehead
Berminyak-17-_jpeg.rf.a8e1898d6fea3745bc50250ee8c9dd76.jpg,Flushing,123.44,140.24,144.36,-5.56,Type_V,R_Cheek+L_Cheek+Forehead
Berminyak-19-_jpeg.rf.96c3302ad5d18271e5fa4aebdcdfa8b9.jpg,Flushing,149.53,141.53,146.69,24.8,Type_IV,R_Cheek+L_Cheek+Forehead
Berminyak-19-_jpg.rf.e952d1c9cc6ec185c2d5746446338931.jpg,Flushing,169.89,141.16,143.7,46.63,Type_II,R_Cheek+L_Cheek+Forehead
Berminyak-2-_jpeg.rf.854c758d656eacbcb3d96c002f37cd13.jpg,Flushing,166.64,141.51,145.61,41.07,Type_II,R_Cheek+L_Cheek+Forehead
Berminyak-21-_jpg.rf.4db91b5d57c5691305fcc049262ef557.jpg,Flushing,202.31,134.65,138.35,70.57,Type_I,L_Cheek+Forehead
Berminyak-22-_jpg.rf.20378142bc8efcc885d513ccc9d87196.jpg,Flushing,174.3,140.41,142.45,51.78,Type_II,R_Cheek+Forehead
Berminyak-24-_jpeg.rf.b05e7580940018f4cc82f04d733c4735.jpg,Flushing,214.97,134.52,135.23,78.1,Type_I,R_Cheek+Forehead
Berminyak-26-_JPG.rf.41c201986d99b6991d3bd71925e273f0.jpg,Flushing,163.61,150.33,154.16,28.42,Type_III,R_Cheek+Forehead
Berminyak-27-_JPG.rf.0089f5c1cb2cf93a284327ed305fb13a.jpg,Flushing,133.57,144.51,143.86,8.53,Type_V,L_Cheek+Forehead
Berminyak-29-_JPG.rf.d1c0e54b1ad35e253ff6998d432b5be5.jpg,Flushing,167.17,135.62,138.97,54.8,Type_II,R_Cheek+L_Cheek+Forehead
Berminyak-30-_JPG.rf.eda7d24cac9f1f8796a0f7ed50259055.jpg,Flushing,187.02,138.59,142.45,58.23,Type_I,R_Cheek+Forehead
Berminyak-35-_jpg.rf.77e147b421251a6d5cdd15d433c5a0a9.jpg,Flushing,186.92,142.83,145.27,53.46,Type_II,L_Cheek+Forehead
Berminyak-4-_jpeg.rf.12beb3dd86e7bbd0baa76f19bddb65de.jpg,Flushing,104.59,141.88,141.53,-33.58,Type_VI,R_Cheek+L_Cheek+Forehead
berminyak-47_jpg.rf.81dcc59f11af30e94ac9ae29a393daee.jpg,Flushing,140.94,141.83,144.72,17.5,Type_IV,R_Cheek+L_Cheek+Forehead
Berminyak-7-_jpeg.rf.62e4fbaca060906f5612bb1a749b485c.jpg,Flushing,160.41,135.01,140.53,45.86,Type_II,R_Cheek+L_Cheek+Forehead
Berminyak-7-_jpg.rf.15d697076e862f73d9469f6294236599.jpg,Flushing,185.0,137.42,140.2,61.58,Type_I,L_Cheek+Forehead
Berminyak-8-_jpg.rf.adfc0414a6f31576a867b67ccce23d00.jpg,Flushing,177.86,141.13,152.54,38.82,Type_III,L_Cheek+Forehead
Berminyak-9-_jpg.rf.1bd0b8e03b6fa20e13cc4ee897432740.jpg,Flushing,195.43,138.05,139.81,66.09,Type_I,L_Cheek+Forehead
Berminyak288_jpg.rf.3955a600cc4022cae7e5e4eacb3dce30.jpg,Flushing,183.1,144.52,148.13,47.29,Type_II,R_Cheek+L_Cheek+Forehead
berminyak__-16-_jpg.rf.21aa25cf159b349c6b52e583f175247b.jpg,Flushing,187.23,138.05,142.84,57.64,Type_I,R_Cheek+L_Cheek+Forehead
berminyak__-17-_jpg.rf.bc184b4d893717b9bce74c69725d4a5d.jpg,Flushing,170.84,143.83,140.21,54.3,Type_II,R_Cheek+Forehead
berminyak__-19-_jpg.rf.5615844e9b1476a9c46160fd22d29f76.jpg,Flushing,152.78,150.2,152.66,21.9,Type_IV,L_Cheek+Forehead
berminyak__-20-_jpg.rf.8ffc7ebf1f5223352ab3384584f11f6f.jpg,Flushing,191.51,138.9,144.51,56.67,Type_I,R_Cheek+L_Cheek+Forehead
berminyak__-24-_jpg.rf.e6fe150c02b3aff08825d0a7c60e6a38.jpg,Flushing,168.03,147.32,149.46,36.52,Type_III,R_Cheek+Forehead
berminyak__-26-_jpg.rf.065b1a6cc96ebf6cdb79f09b5d741f6e.jpg,Flushing,189.21,138.27,142.62,58.86,Type_I,R_Cheek+L_Cheek+Forehead
berminyak__-40-_jpg.rf.9f690ba36266f8fc772531f6352eff68.jpg,Flushing,147.68,135.87,143.03,27.78,Type_IV,R_Cheek+L_Cheek+Forehead
berminyak__-41-_jpg.rf.7a7fc1ea211d1378e51637b280843a0e.jpg,Flushing,166.81,136.13,140.04,52.0,Type_II,L_Cheek+Forehead
berminyak__-42-_jpg.rf.3902b6bf41828927cd9a2825a4c3c12a.jpg,Flushing,164.15,137.05,135.14,63.57,Type_I,R_Cheek+L_Cheek+Forehead
berminyak__-43-_jpg.rf.d9d51e0baaa257cd55b79723237471cd.jpg,Flushing,206.45,134.53,137.64,72.71,Type_I,R_Cheek+L_Cheek+Forehead
berminyak__-44-_jpg.rf.18def7e69cdd7dd0426cae84b806413f.jpg,Flushing,175.09,134.93,145.53,46.8,Type_II,L_Cheek+Forehead
berminyak__-50-_jpg.rf.d84e4bc7b4bc1a146fc58636a2354d5b.jpg,Flushing,165.1,139.47,145.31,40.42,Type_III,R_Cheek+L_Cheek+Forehead
berminyak__-51-_JPG.rf.fbcd94c739b95ed4fc6882544f0a1a75.jpg,Flushing,170.25,143.31,144.22,45.94,Type_II,L_Cheek+Forehead
berminyak__-52-_JPG.rf.2bf4aecc94acf6bb87d502c2882d6622.jpg,Flushing,168.96,142.65,146.89,40.72,Type_III,L_Cheek+Forehead
berminyak__-54-_JPG.rf.4e42b2c87d06a372b3624bfb3448cb43.jpg,Flushing,134.56,150.12,156.59,5.53,Type_V,L_Cheek+Forehead
berminyak__-57-_JPG.rf.e1d682114266858eee07f92973ec4507.jpg,Flushing,126.57,145.71,150.74,-0.91,Type_V,L_Cheek+Forehead
berminyak__-59-_JPG.rf.532b014664184eb835229a55eb35f276.jpg,Flushing,156.72,143.16,148.62,29.07,Type_III,R_Cheek+Forehead
berminyak__-6-_jpg.rf.cd6e4ff5c739527fa9aaab1af7219072.jpg,Flushing,196.88,136.86,137.41,70.93,Type_I,R_Cheek+L_Cheek+Forehead
c0500787-800px-wm_jpg.rf.42e74f37f3124239849ee76b5c6fd1cb.jpg,Flushing,158.73,150.69,141.01,43.27,Type_II,R_Cheek+L_Cheek+Forehead
c0500788-800px-wm_jpg.rf.857e6d14dffd73e1ee770cf7b6c32695.jpg,Flushing,180.9,150.77,137.04,66.64,Type_I,L_Cheek+Forehead
Condition-Rosacea_jpg.rf.ae1bd3318a2bb9261efebc73f0e7c392.jpg,Flushing,179.11,140.91,137.91,63.91,Type_I,R_Cheek+L_Cheek+Forehead
da-bi-kich-ung_9b3f3875_d7b1_4c14_b67c_5e6434550409_jpg.rf.e9d1e1e456d33a1e1412d0c3af5ecd67.jpg,Flushing,201.22,150.21,136.02,74.5,Type_I,R_Cheek+L_Cheek+Forehead
di-ung-da-mat_jpg.rf.1b3106c5679967d497651f337af60485.jpg,Flushing,201.44,149.88,135.85,74.86,Type_I,R_Cheek+L_Cheek+Forehead
dry-109-_jpg.rf.641769f1f4657ffebb38f7b2d8518f7d.jpg,Flushing,186.09,141.58,144.01,55.13,Type_I,R_Cheek+L_Cheek+Forehead
dry-166-_jpg.rf.fcaf7cc4e484177d39f4857d18ec30ff.jpg,Flushing,166.66,140.6,139.89,52.25,Type_II,R_Cheek+L_Cheek+Forehead
dry-236-_jpg.rf.852c3928a5e128ed9f1c3282415b0514.jpg,Flushing,168.43,140.67,140.12,52.95,Type_II,R_Cheek+L_Cheek+Forehead
dry10_jpg.rf.0186c3535d9be3e200b6a4988370c6d9.jpg,Flushing,165.16,145.62,143.05,44.46,Type_II,R_Cheek+L_Cheek+Forehead
dry12_jpg.rf.94e2cc7094a0e9d47b0bce2ff0e73c5f.jpg,Flushing,149.51,147.78,149.52,21.85,Type_IV,R_Cheek+L_Cheek+Forehead
dry18_jpg.rf.a5e4ad1b491a60ad22bdcc3d13758e30.jpg,Flushing,167.13,140.55,140.02,52.27,Type_II,R_Cheek+L_Cheek+Forehead
dry22_jpg.rf.2a6282fc941fe78dbe065246d895f231.jpg,Flushing,199.75,140.71,139.47,67.96,Type_I,L_Cheek+Forehead
dry34_jpg.rf.3ba80132436b6a8a1c419ad4c05ba978.jpg,Flushing,166.64,145.29,144.05,43.73,Type_II,R_Cheek+L_Cheek+Forehead
dry6_jpg.rf.ba59980f848342c016763c3562dbe18d.jpg,Flushing,160.04,142.22,146.73,34.27,Type_III,L_Cheek+Forehead
GettyImages-546459592-5b215d8996c74956bc733aa9f6dd21a8_jpg.rf.4d4d68e619c67777bd9501d44c9e3eac.jpg,Flushing,177.39,149.14,139.04,60.57,Type_I,R_Cheek+L_Cheek+Forehead
images_jpg.rf.afabccae76622b2e37c223425a5925d9.jpg,Flushing,184.5,133.44,135.89,70.55,Type_I,R_Cheek+L_Cheek+Forehead
Image_10_jpg.rf.5b104107a5a8cbbcf17d554ad00dfcbd.jpg,Flushing,197.64,142.01,150.93,50.18,Type_II,R_Cheek+L_Cheek+Forehead
Image_110_jpg.rf.5877b0d0e3bd0b879a5a207f77545516.jpg,Flushing,153.48,138.55,145.31,30.47,Type_III,R_Cheek+L_Cheek+Forehead
Image_111_jpg.rf.4e995d5e5679cd828b9de31a11a6f586.jpg,Flushing,200.6,136.52,130.07,85.88,Type_I,L_Cheek+Forehead
Image_111_jpg.rf.dba341c36356b278334f0d19c1575f13.jpg,Flushing,171.5,145.56,150.56,37.41,Type_III,R_Cheek+Forehead
Image_114_jpg.rf.71e5c8dc8b4bf189f7625b500bd7de7f.jpg,Flushing,163.33,137.36,150.87,31.57,Type_III,R_Cheek+L_Cheek+Forehead
Image_115_jpg.rf.d1a891a2a40726ca423a76db8e210193.jpg,Flushing,138.69,136.46,131.23,53.65,Type_II,R_Cheek+L_Cheek+Forehead
Image_117_jpg.rf.669afcd65b0d363e10fbcd045a0737bd.jpg,Flushing,109.54,141.07,144.99,-22.52,Type_V,R_Cheek+L_Cheek+Forehead
Image_11_jpg.rf.ecbeadc7d22446a707ae9a05ff6ff227.jpg,Flushing,165.56,136.55,142.81,45.22,Type_II,R_Cheek+L_Cheek+Forehead
Image_125_png.rf.b743c1f1347af4dea5a11637b922c225.jpg,Flushing,186.79,139.5,144.73,54.26,Type_II,R_Cheek+L_Cheek+Forehead
Image_128_jpg.rf.9f6b0c401eb9888d7355815a5292948a.jpg,Flushing,177.43,137.08,134.9,70.6,Type_I,R_Cheek+L_Cheek+Forehead
Image_131_jpg.rf.72f11136b0b9cc03551e20c1549fe4f7.jpg,Flushing,150.95,140.67,144.03,29.84,Type_III,R_Cheek+Forehead
Image_131_png.rf.603da32d510776935889258cccbc6ba8.jpg,Flushing,196.24,139.09,141.59,63.25,Type_I,R_Cheek+L_Cheek+Forehead
Image_132_jpg.rf.3d8e98886d7df23244eb15897fc00fdc.jpg,Flushing,119.94,128.92,125.35,48.24,Type_II,R_Cheek+L_Cheek+Forehead
Image_134_jpg.rf.5ace466f370089269eba5be540564551.jpg,Flushing,151.36,144.48,138.79,40.93,Type_III,R_Cheek+L_Cheek+Forehead
Image_137_jpg.rf.becde4f0977f3978d4cf04aaabee276b.jpg,Flushing,190.57,138.96,144.15,56.85,Type_I,L_Cheek+Forehead
Image_137_jpg.rf.f204f4ecf3613c5a11ac16b93087ef16.jpg,Flushing,168.87,144.11,141.77,49.67,Type_II,R_Cheek+L_Cheek+Forehead
Image_13_jpg.rf.a09dfdafebe1f1799b72bd8521ac6fef.jpg,Flushing,197.76,138.19,141.86,63.29,Type_I,R_Cheek+L_Cheek+Forehead
Image_145_png.rf.d8d2e77b348e05d77d809fb65bd5f76a.jpg,Flushing,174.12,151.35,151.34,38.07,Type_III,R_Cheek+L_Cheek+Forehead
Image_14_jpg.rf.4635c848e95fd3807841ec5fa818ef9e.jpg,Flushing,189.59,138.41,143.8,57.01,Type_I,L_Cheek+Forehead
Image_14_JPG.rf.a8e6f47e10bb98092d2ee06a2ea0dcea.jpg,Flushing,164.06,139.31,149.7,33.46,Type_III,R_Cheek+L_Cheek+Forehead
Image_17_jpg.rf.455c5dd500170d57b3bd51e9058a3094.jpg,Flushing,177.09,143.27,153.13,37.73,Type_III,L_Cheek+Forehead
Image_1_jpg.rf.e5dc87305847861b3e53e0881c39953c.jpg,Flushing,194.71,139.55,144.88,57.37,Type_I,L_Cheek+Forehead
Image_23_jpg.rf.351b562927eec85f38d8004cef0d0b4a.jpg,Flushing,187.15,139.94,134.79,73.81,Type_I,R_Cheek+Forehead
Image_29_jpg.rf.eb6d09a6affbac35d413cae48aa92729.jpg,Flushing,192.01,138.7,143.92,57.82,Type_I,L_Cheek+Forehead
Image_34_jpg.rf.f6a66c7dd85109c86a419b1bb48e0d53.jpg,Flushing,186.55,140.82,136.57,69.7,Type_I,R_Cheek+L_Cheek+Forehead
Image_35_jpg.rf.f58b80d3b622a6197b30b354de683eed.jpg,Flushing,195.25,139.53,145.14,57.17,Type_I,L_Cheek+Forehead
Image_36_jpg.rf.8522c00eec2095ed2c931d93eb9d0065.jpg,Flushing,153.04,138.55,149.05,25.45,Type_IV,R_Cheek+L_Cheek+Forehead
Image_36_jpg.rf.c704104ad0be71b9bffec8fb5d73eed4.jpg,Flushing,196.12,137.11,146.75,55.13,Type_I,R_Cheek+L_Cheek+Forehead
Image_38_jpg.rf.fb097f58e3d6384461ec9d1b67a37992.jpg,Flushing,187.64,140.32,145.43,53.54,Type_II,R_Cheek+L_Cheek+Forehead
Image_39_jpg.rf.cbf0a4ff8648031a9a64299d760416c6.jpg,Flushing,178.15,136.81,141.87,55.08,Type_I,R_Cheek+L_Cheek+Forehead
Image_41_jpg.rf.3ebb5c4c5b22d7f73feaed7e812ad9d3.jpg,Flushing,174.88,146.57,146.32,45.4,Type_II,R_Cheek+L_Cheek+Forehead
Image_46_jpg.rf.cf348e0d8f8ccfd0f37b2df78f1b9a04.jpg,Flushing,143.17,145.37,155.87,12.43,Type_IV,R_Cheek+L_Cheek+Forehead
Image_46_jpg.rf.d81dd83a730403336d66b174c4ff1f0e.jpg,Flushing,203.46,134.11,133.02,80.44,Type_I,R_Cheek+L_Cheek+Forehead
Image_49-1-_jpg.rf.c78485c5fbc5318f2a77869f5f15d9fe.jpg,Flushing,197.59,140.5,138.43,69.23,Type_I,R_Cheek+L_Cheek+Forehead
Image_4_jpg.rf.9b054c802ba3509323f3d834671acbba.jpg,Flushing,210.34,140.89,143.43,64.59,Type_I,R_Cheek+L_Cheek+Forehead
Image_50_jpg.rf.877ed0228eb8b2d1b8e2c0c6d38d2171.jpg,Flushing,153.27,144.92,144.43,31.59,Type_III,R_Cheek+Forehead
Image_58_jpg.rf.470c1a5da6c46b93fefa668149db66d9.jpg,Flushing,185.29,135.86,140.39,61.32,Type_I,R_Cheek+L_Cheek+Forehead
Image_61-1-_jpg.rf.29949fb9cb62624d1e8780fdfd792413.jpg,Flushing,163.0,139.74,145.12,39.12,Type_III,R_Cheek+Forehead
Image_65_png.rf.ee384bb86d9a78599fa460b98c33f0fe.jpg,Flushing,181.27,141.26,140.05,60.25,Type_I,L_Cheek+Forehead
Image_71_jpg.rf.212bd18b8e09633c2e0e2c2bb558545d.jpg,Flushing,212.07,134.9,135.58,77.13,Type_I,R_Cheek+Forehead
Image_78_jpg.rf.6143cbfb037e1bbf49414235b0385c51.jpg,Flushing,147.33,141.46,147.91,21.34,Type_IV,R_Cheek+L_Cheek+Forehead
Image_7_jpeg.rf.48a24606381104a2237faa3ce8dd8546.jpg,Flushing,188.64,140.21,146.49,52.36,Type_II,R_Cheek+Forehead
Image_81_jpg.rf.02b87d25c43887fd1e2c81fdc2fa0991.jpg,Flushing,154.57,133.97,141.72,37.72,Type_III,R_Cheek+L_Cheek+Forehead
Image_82_jpg.rf.dc07396c7d5c5afd05512a28098ee2a0.jpg,Flushing,168.67,139.02,141.25,50.62,Type_II,R_Cheek+L_Cheek+Forehead
Image_86_png.rf.cbffb3efc60501f53e50fc1aeba175b4.jpg,Flushing,206.14,137.49,147.83,57.26,Type_I,R_Cheek+L_Cheek+Forehead
Image_87_JPG.rf.c5487712bdd9e81bc740e454850b202f.jpg,Flushing,154.5,138.48,146.78,29.41,Type_III,R_Cheek+L_Cheek+Forehead
Image_92_jpg.rf.697c554f773feeeccc1ee5071ba3f245.jpg,Flushing,139.81,141.36,142.07,18.93,Type_IV,R_Cheek+L_Cheek+Forehead
Image_94_jpg.rf.7bbecfcf993295d56c46ec331bf9060b.jpg,Flushing,179.29,140.61,143.41,52.8,Type_II,R_Cheek+L_Cheek+Forehead
Image_96_jpg.rf.f4ce1b40febeb90063126858b3fa926d.jpg,Flushing,150.31,138.7,141.97,32.64,Type_III,L_Cheek+Forehead
Image_98_jpg.rf.07c131145a83226071a6ee654517c62e.jpg,Flushing,158.76,140.96,146.83,33.07,Type_III,L_Cheek+Forehead
Image_99_jpg.rf.b0fe5960dcb2f97ceb230cad040f067a.jpg,Flushing,199.91,133.88,138.99,68.84,Type_I,R_Cheek+L_Cheek+Forehead
image_jpg.rf.380efc7a03344f1d02c66e2b36c89976.jpg,Flushing,170.13,147.78,133.69,71.2,Type_I,R_Cheek+Forehead
IMG_6807_JPG.rf.317328e8da49bb8377f5f8ef67b17574.jpg,Flushing,150.18,138.52,145.32,27.17,Type_IV,R_Cheek+L_Cheek+Forehead
istockphoto-638452020-612x612_jpg.rf.6b430ec0ec3611ab427a01cba0605013.jpg,Flushing,132.86,145.03,148.15,5.95,Type_V,R_Cheek+L_Cheek+Forehead
Kering-1-_jpeg.rf.7d6f9203fcd20781c589a5be31145556.jpg,Flushing,190.16,138.67,148.55,50.1,Type_II,R_Cheek+L_Cheek+Forehead
kering-1-_jpg.rf.c5fe9140c063a64de858298b8aaa503c.jpg,Flushing,167.66,140.81,139.98,52.74,Type_II,R_Cheek+L_Cheek+Forehead
kering-1-_jpg.rf.ebf0a5b0a48c206bbc519ca18f96110e.jpg,Flushing,188.11,140.73,142.94,57.85,Type_I,R_Cheek+L_Cheek+Forehead
kering-10-_jpg.rf.b746ab2b79b4a7d0fec43f22ad35c674.jpg,Flushing,158.73,140.59,147.41,32.25,Type_III,R_Cheek+L_Cheek+Forehead
Kering-10-_JPG.rf.bb2b3def801fd80c17ff198efade218f.jpg,Flushing,149.59,142.57,147.84,23.59,Type_IV,R_Cheek+L_Cheek+Forehead
Kering-11-_JPG.rf.1c99d18caba0ce0d71fee121a1aad278.jpg,Flushing,170.65,138.32,137.65,60.29,Type_I,R_Cheek+L_Cheek+Forehead
kering-11-_jpg.rf.3196bba48de4c4a7f2a0b6a79dc18e37.jpg,Flushing,185.49,142.59,148.29,48.25,Type_II,R_Cheek+L_Cheek+Forehead
Kering-14-_jpeg.rf.8823827d857f068711cdd7ce3c953fa2.jpg,Flushing,185.57,142.62,148.31,48.27,Type_II,R_Cheek+L_Cheek+Forehead
kering-14-_jpg.rf.a0b76cfa799cb0ab5cdb699421374dfa.jpg,Flushing,174.6,146.71,150.78,39.03,Type_III,R_Cheek+L_Cheek+Forehead
Kering-16-_jpeg.rf.a07d2af01c088fee25f0a3a4b20c2139.jpg,Flushing,163.87,140.75,137.77,55.58,Type_I,R_Cheek+L_Cheek+Forehead
kering-17-_jpg.rf.1be1109de2a7f3aef73c39b2b65a39d3.jpg,Flushing,186.54,141.47,143.9,55.53,Type_I,R_Cheek+L_Cheek+Forehead
Kering-19-_jpeg.rf.7c08cf7a40977677300819c1f2c01ed3.jpg,Flushing,178.14,147.98,153.47,37.95,Type_III,L_Cheek+Forehead
Kering-19-_JPG.rf.36d8068b1db2ddab306f762a374179f3.jpg,Flushing,141.31,140.59,147.55,15.49,Type_IV,R_Cheek+L_Cheek+Forehead
kering-20-_jpg.rf.3b6c27ec82bcaa538874aa3f05046816.jpg,Flushing,183.27,133.12,142.43,56.59,Type_I,R_Cheek+L_Cheek+Forehead
Kering-22-_jpeg.rf.53878c26486e1197e88a80c85fd8dc1e.jpg,Flushing,186.63,135.02,142.75,57.54,Type_I,R_Cheek+L_Cheek+Forehead
Kering-23-_jpeg.rf.2c1213018a05482d1928cd0e29f2fd10.jpg,Flushing,143.98,141.42,145.33,20.45,Type_IV,R_Cheek+Forehead
kering-23-_jpg.rf.40e5ae9bfea66c757286339899d6bc1b.jpg,Flushing,176.41,145.21,141.22,55.42,Type_I,R_Cheek+L_Cheek+Forehead
Kering-24-_jpeg.rf.dbe0aea65f68a278fa9beb60427cf2d8.jpg,Flushing,132.88,150.6,153.88,4.66,Type_V,R_Cheek+L_Cheek+Forehead
Kering-24-_jpg.rf.471dabacbbf347d416faf29aff98cfa7.jpg,Flushing,185.02,142.65,148.16,48.22,Type_II,R_Cheek+L_Cheek+Forehead
Kering-25-_jpg.rf.017a918deee26fab25759adb9ffa95ba.jpg,Flushing,194.98,131.35,141.21,63.47,Type_I,R_Cheek+L_Cheek+Forehead
kering-25-_jpg.rf.3b5fb1c0eb4acc63ccf79bb2b8492763.jpg,Flushing,174.73,140.32,139.26,58.69,Type_I,R_Cheek+Forehead
Kering-26-_jpg.rf.856f4261d4b363ffb1f461b32028396a.jpg,Flushing,219.3,132.96,139.18,72.74,Type_I,R_Cheek+L_Cheek+Forehead
Kering-27-_jpg.rf.1d69b4145fb68e252acf130cb5a1cdd3.jpg,Flushing,169.79,144.56,148.28,39.28,Type_III,L_Cheek+Forehead
Kering-28-_jpeg.rf.bcbd75c74ba262558adb0782211a6e06.jpg,Flushing,181.89,140.85,148.21,46.54,Type_II,R_Cheek+L_Cheek+Forehead
kering-29-_jpg.rf.f9ae78eb746e6dadd8d2a10e8f8f9e05.jpg,Flushing,176.7,139.3,136.67,65.8,Type_I,L_Cheek+Forehead
Kering-3-_jpeg.rf.d177cddfc74e3c0a27e1baa4b26c053c.jpg,Flushing,172.38,146.56,150.88,37.56,Type_III,R_Cheek+L_Cheek+Forehead
Kering-3-_JPG.rf.bfc83f406c78a961f6e8110cc56d4340.jpg,Flushing,177.27,139.89,143.06,52.35,Type_II,R_Cheek+L_Cheek+Forehead
kering-30-_jpg.rf.dfbc1b2d0d71a1797846addaa29561a2.jpg,Flushing,177.52,137.17,145.69,47.96,Type_II,R_Cheek+L_Cheek+Forehead
Kering-31-_jpeg.rf.f2172b4a673a3bd5e39dfac20575673c.jpg,Flushing,162.57,139.98,137.55,55.21,Type_I,R_Cheek+L_Cheek+Forehead
Kering-31-_jpg.rf.12bd11ec11dbed9f0b84eac62c2c0c7e.jpg,Flushing,151.23,145.2,151.48,21.62,Type_IV,R_Cheek+L_Cheek+Forehead
kering-31-_jpg.rf.98fd15119431cbaaa3b40dfe5a27da25.jpg,Flushing,129.09,149.21,153.42,1.41,Type_V,R_Cheek+L_Cheek+Forehead
kering-32-_jpg.rf.a1c4caaf0c4aab4f11ec27b06fa2abc4.jpg,Flushing,106.14,144.12,147.82,-22.9,Type_V,R_Cheek+L_Cheek+Forehead
kering-33-_jpg.rf.077a5836ce7c206287ef152d81644590.jpg,Flushing,154.2,135.07,134.76,57.16,Type_I,R_Cheek+Forehead
Kering-34-_jpeg.rf.c46b113114631f8c1a90593fd522bebd.jpg,Flushing,175.15,140.18,139.34,58.74,Type_I,R_Cheek+Forehead
kering-36-_jpg.rf.4d2053fecef95e75e802e84a0cf0762a.jpg,Flushing,165.51,131.55,132.52,73.14,Type_I,R_Cheek+Forehead
kering-37-_jpg.rf.4daa835762c1d53b7043f4b7c4c13034.jpg,Flushing,152.59,140.27,142.63,33.91,Type_III,R_Cheek+L_Cheek+Forehead
kering-38-_jpg.rf.5deb3b837d023fbec6981326e76f4dbb.jpg,Flushing,166.7,139.96,138.06,56.8,Type_I,R_Cheek+L_Cheek+Forehead
kering-4-_jpg.rf.9806cec711298fab0f39685406e4bbba.jpg,Flushing,174.74,139.65,136.93,64.27,Type_I,R_Cheek+L_Cheek+Forehead
kering-4-_jpg.rf.e565819bd351f4cd3c21c1af139aa221.jpg,Flushing,173.45,142.62,149.73,39.66,Type_III,R_Cheek+L_Cheek+Forehead
kering-42-_jpg.rf.9ba281ef0a59acb6476bd1927d6d362c.jpg,Flushing,142.25,147.82,153.88,12.59,Type_IV,L_Cheek+Forehead
kering-44-_jpg.rf.6654de5b23962af655225cf6ed5b7c15.jpg,Flushing,130.66,149.44,153.76,2.75,Type_V,R_Cheek+L_Cheek+Forehead
kering-45-_jpg.rf.85c355124fd0d9680590f553e51e5cdb.jpg,Flushing,106.27,144.1,147.84,-22.77,Type_V,R_Cheek+L_Cheek+Forehead
kering-45-_JPG.rf.959f0a4f790e58023445d1565c223a8f.jpg,Flushing,114.96,143.31,144.94,-16.19,Type_V,L_Cheek+Forehead
kering-46-_jpg.rf.2c2bc974cb4ee4ca31a647b8e96f84f4.jpg,Flushing,166.7,139.53,137.82,57.43,Type_I,R_Cheek+L_Cheek+Forehead
Kering-46-_jpg.rf.525e0ad7d2f02e5bce294ba1a2d49bce.jpg,Flushing,202.5,135.54,143.89,61.62,Type_I,R_Cheek+Forehead
kering-46-_jpg.rf.d9ba295957e495895f6e3899a5bd5d77.jpg,Flushing,176.68,137.68,137.72,63.25,Type_I,R_Cheek+L_Cheek+Forehead
kering-47-_jpg.rf.29bc385c4b8fac16c0c62449dc262306.jpg,Flushing,174.43,137.69,138.54,60.2,Type_I,R_Cheek+Forehead
kering-49-_jpg.rf.0db948ea7546cedeaa53570851e8ca6d.jpg,Flushing,168.42,138.8,137.65,58.98,Type_I,R_Cheek+L_Cheek+Forehead
kering-49-_jpg.rf.5d072fb0ef0c6f02cda0fd4c6ccf2ca9.jpg,Flushing,169.02,140.95,147.46,39.91,Type_III,L_Cheek+Forehead
kering-5-_jpg.rf.2bf42dcb4b8d1d3e02ed9d168f3c00a7.jpg,Flushing,175.12,139.84,134.44,70.98,Type_I,R_Cheek+L_Cheek+Forehead
kering-50-_jpg.rf.201a4220dc460dc76cd0c91e68bab7db.jpg,Flushing,127.73,134.61,133.01,1.02,Type_V,R_Cheek+L_Cheek+Forehead
kering-51-_jpg.rf.d82067e6c6920a84267610e1de64cbc8.jpg,Flushing,170.0,140.45,144.37,45.52,Type_II,R_Cheek+L_Cheek+Forehead
Kering-52-_jpg.rf.be0d90bcec1f22bf5dc16cad03690226.jpg,Flushing,168.05,136.95,142.99,46.69,Type_II,R_Cheek+L_Cheek+Forehead
kering-55-_jpg.rf.fc8f49903ada888c7445729a6a126249.jpg,Flushing,200.3,139.83,142.47,63.12,Type_I,R_Cheek+L_Cheek+Forehead
Kering-6-_JPG.rf.19afe710531a586bcbf4e62d32ad06da.jpg,Flushing,145.85,151.18,148.44,19.39,Type_IV,R_Cheek+L_Cheek+Forehead
kering-6-_jpg.rf.6b65ab481e8a6326e3be23d20bd0d64a.jpg,Flushing,178.17,137.96,136.9,65.87,Type_I,L_Cheek+Forehead
kering-61-_jpg.rf.a4e8f682300a13da3c9ff13698bf0abd.jpg,Flushing,177.59,140.78,148.36,43.97,Type_II,R_Cheek+L_Cheek+Forehead
kering-71-_jpg.rf.4d4ceee3feafec8cf0307f09a2e1eb87.jpg,Flushing,182.61,140.33,140.07,60.82,Type_I,R_Cheek+L_Cheek+Forehead
kering-8-_jpg.rf.b4d7f735ee0ed03ef0d67dc3c83f3d9d.jpg,Flushing,173.24,138.57,133.25,73.69,Type_I,L_Cheek+Forehead
kering_-101-_jpg.rf.f69de2223f3aa0ada3f8c552ad94318f.jpg,Flushing,164.64,138.43,147.71,36.46,Type_III,R_Cheek+L_Cheek+Forehead
kering_-102-_jpg.rf.a83b721f83277945d6d99dd620238edd.jpg,Flushing,181.69,143.39,148.26,46.36,Type_II,R_Cheek+L_Cheek+Forehead
kering_-107-_jpg.rf.714b1f24781cf5cef309d4f79f1172c9.jpg,Flushing,171.52,142.96,147.97,40.84,Type_III,R_Cheek+L_Cheek+Forehead
kering_-109-_jpg.rf.34635a424ae12508fd750ff1039ab547.jpg,Flushing,167.17,145.63,149.27,36.19,Type_III,R_Cheek+Forehead
kering_-11-_jpg.rf.454a7c489449e8ef44452d49989d4692.jpg,Flushing,206.04,140.42,145.16,60.88,Type_I,R_Cheek+L_Cheek+Forehead
kering_-110-_jpg.rf.a0dd22ac6cf59069b4c1a7c6e89afec9.jpg,Flushing,152.26,141.16,146.57,27.6,Type_IV,R_Cheek+L_Cheek+Forehead
kering_-111-_jpg.rf.56aaa232ae017c2a732ffe3561cd888d.jpg,Flushing,171.29,140.25,145.35,44.71,Type_II,R_Cheek+Forehead
kering_-112-_jpg.rf.7aa954affe3b4aedef66502a8a5968c0.jpg,Flushing,179.72,141.17,145.84,48.94,Type_II,R_Cheek+L_Cheek+Forehead
kering_-114-_jpg.rf.7f9a41d9acfc3867dfdb2491d9f2a796.jpg,Flushing,146.61,145.52,154.84,15.6,Type_IV,R_Cheek+L_Cheek+Forehead
kering_-115-_jpg.rf.254d8b3d343e5cfb35ff9039f2535a39.jpg,Flushing,176.57,143.72,142.15,53.67,Type_II,R_Cheek+L_Cheek+Forehead
kering_-118-_jpg.rf.04dbbbfebb42b8d623d0ed48b21e1d2b.jpg,Flushing,174.23,141.54,144.37,48.24,Type_II,R_Cheek+L_Cheek+Forehead
kering_-121-_jpg.rf.de14c84169ed57578f59c5e0c5e81c5a.jpg,Flushing,156.83,137.19,144.51,34.85,Type_III,R_Cheek+L_Cheek+Forehead
kering_-122-_jpg.rf.f0edd6e81713a92ec0a8b1e1363e3803.jpg,Flushing,144.18,140.56,146.03,19.94,Type_IV,R_Cheek+L_Cheek+Forehead
kering_-128-_jpg.rf.fdb5d7f5506335aa84268d5f53fae795.jpg,Flushing,155.95,144.82,146.46,31.15,Type_III,R_Cheek+L_Cheek+Forehead
kering_-136-_jpg.rf.20d8d4bc6f29e64ccc196f590d862e50.jpg,Flushing,185.92,138.5,138.32,65.75,Type_I,R_Cheek+L_Cheek+Forehead
kering_-144-_jpg.rf.02201d791093990d9be44d61d465936b.jpg,Flushing,159.1,140.57,147.38,32.59,Type_III,R_Cheek+L_Cheek+Forehead
kering_-147-_jpg.rf.752cfa50b5756e65e1d02bbd2cf62d2f.jpg,Flushing,169.93,143.92,150.13,36.94,Type_III,R_Cheek+L_Cheek+Forehead
kering_-149-_jpg.rf.2ec2e1f191d518e264f0e20711efc75a.jpg,Flushing,170.22,140.9,146.43,42.27,Type_II,R_Cheek+L_Cheek+Forehead
kering_-17-_jpg.rf.ce2521e3e7a4eda55febf38b456cb5a1.jpg,Flushing,166.26,138.87,132.76,72.6,Type_I,R_Cheek+L_Cheek+Forehead
kering_-18-_jpg.rf.df435d15ce8833f72bd7539541ec09a7.jpg,Flushing,228.07,135.72,138.08,75.66,Type_I,R_Cheek+L_Cheek+Forehead
kering_-23-_jpg.rf.ba6662c5da10ba30f4f331c5502af541.jpg,Flushing,166.89,144.25,147.13,38.92,Type_III,R_Cheek+L_Cheek+Forehead
kering_-26-_jpg.rf.f6fa5cf617753230f4ca89e2d8995052.jpg,Flushing,184.67,139.5,131.02,82.34,Type_I,R_Cheek+L_Cheek+Forehead
kering_-37-_jpg.rf.e9998236f652b75cddf4be9afa610cf8.jpg,Flushing,167.82,141.21,151.81,33.59,Type_III,R_Cheek+L_Cheek+Forehead
kering_-38-_jpg.rf.14b44f5406c93233ce45451b23fcce7e.jpg,Flushing,160.41,137.62,143.51,39.76,Type_III,L_Cheek+Forehead
kering_-43-_jpg.rf.423270d934587efbc0e76542e7856586.jpg,Flushing,190.51,140.1,147.1,52.29,Type_II,L_Cheek+Forehead
kering_-45-_jpg.rf.3f12fc2d05b043c7a87ab9977ee70a02.jpg,Flushing,184.59,141.74,146.36,50.64,Type_II,R_Cheek+L_Cheek+Forehead
kering_-50-_jpg.rf.79c251e81949b3c7d0f6d50fb17e75f3.jpg,Flushing,169.49,143.0,149.72,37.16,Type_III,R_Cheek+Forehead
kering_-56-_jpg.rf.ebe1778ccb40b948bd3f2df5eebf7973.jpg,Flushing,203.32,139.52,144.27,61.31,Type_I,R_Cheek+L_Cheek+Forehead
kering_-57-_jpg.rf.079e012246a19ae1ee8c51b90cf775e9.jpg,Flushing,147.86,141.87,145.0,25.16,Type_IV,R_Cheek+L_Cheek+Forehead
kering_-72-_jpg.rf.27ee81acf4910048d8c93615054a0103.jpg,Flushing,151.65,140.15,147.58,25.82,Type_IV,R_Cheek+L_Cheek+Forehead
kering_-75-_jpg.rf.ca6c742cf37a9f147f66ecae5a6e47ce.jpg,Flushing,199.84,139.19,144.97,59.11,Type_I,R_Cheek+Forehead
kering_-76-_jpg.rf.98680dc73198d2ea3395bd5f9efa973e.jpg,Flushing,174.86,141.37,148.6,42.04,Type_II,R_Cheek+L_Cheek+Forehead
kering_-77-_jpg.rf.87492278f38507a541fc8c3494a68aa8.jpg,Flushing,172.81,144.04,145.87,44.85,Type_II,L_Cheek+Forehead
kering_-79-_jpg.rf.1f408d3dbc47ecc5dc19555f44ba57cd.jpg,Flushing,169.37,144.6,152.68,33.64,Type_III,L_Cheek+Forehead
kering_-83-_jpg.rf.52c4dfd64dcef357695aadea26f8a90f.jpg,Flushing,140.64,140.15,140.89,21.8,Type_IV,R_Cheek+L_Cheek+Forehead
kering_-84-_jpg.rf.a054d36e1f78dcc15829fca7b9e07aa4.jpg,Flushing,181.1,138.92,143.49,53.62,Type_II,R_Cheek+L_Cheek+Forehead
kering_-86-_jpg.rf.d165bb07837eece34dbb75c7d20d8456.jpg,Flushing,152.33,140.63,141.73,35.33,Type_III,R_Cheek+L_Cheek+Forehead
kering_-87-_jpg.rf.8407749937db585edfbcb4015a7ececb.jpg,Flushing,124.6,140.41,143.16,-4.28,Type_V,R_Cheek+L_Cheek+Forehead
kering_-89-_jpg.rf.9a7c5f092335a458d0027dadc5fee327.jpg,Flushing,124.32,140.28,144.98,-4.2,Type_V,R_Cheek+L_Cheek+Forehead
kering_-91-_jpg.rf.73bb050737136039d3369389d8207440.jpg,Flushing,130.86,144.81,145.66,4.27,Type_V,R_Cheek+L_Cheek+Forehead
kering_-92-_jpg.rf.6a0f1ff761043a5b7f062f0a228a49ab.jpg,Flushing,183.52,140.55,141.44,58.55,Type_I,R_Cheek+L_Cheek+Forehead
kering_-97-_jpg.rf.802f2f38874c374704eb69937a4339fa.jpg,Flushing,157.66,136.75,145.58,33.93,Type_III,R_Cheek+Forehead
kering__-107-_jpg.rf.5ffd1605dce56a86deb9db6b7a2d2016.jpg,Flushing,196.33,139.76,141.95,62.66,Type_I,L_Cheek+Forehead
kering__-13-_JPG.rf.7190edc0bb4c68937147fdfdda5803d0.jpg,Flushing,126.84,141.87,143.81,-0.94,Type_V,L_Cheek+Forehead
kering__-14-_JPG.rf.879355a96b8bc5b2fd9b061bc6a1cdf3.jpg,Flushing,165.3,151.59,159.56,25.16,Type_IV,R_Cheek+L_Cheek+Forehead
kering__-19-_JPG.rf.49ac03a6547c0e92f3c8207116e3b9d0.jpg,Flushing,167.75,140.55,140.05,52.64,Type_II,R_Cheek+L_Cheek+Forehead
kering__-27-_jpg.rf.a0bbde6a69b9cb7cb63458881f83d755.jpg,Flushing,162.54,142.19,136.48,58.33,Type_I,R_Cheek+L_Cheek+Forehead
kering__-3-_JPG.rf.7851d43c3dca90fb1faf7ee1722201e0.jpg,Flushing,204.76,139.24,138.07,71.61,Type_I,L_Cheek+Forehead
kering__-47-_jpg.rf.281167120c647e6f71e9087fa91956aa.jpg,Flushing,171.65,143.21,150.59,37.47,Type_III,R_Cheek+Forehead
kering__-50-_jpg.rf.fd1e662de713c17c78c3258879f75d71.jpg,Flushing,180.65,141.87,141.8,56.5,Type_I,R_Cheek+L_Cheek+Forehead
kering__-52-_jpg.rf.37ec322da8591981977266d8e393e7db.jpg,Flushing,159.68,146.22,150.9,28.86,Type_III,R_Cheek+Forehead
kering__-57-_jpg.rf.8ec78fc2807ab2f0632c01e93b70cb7b.jpg,Flushing,183.02,141.29,145.38,51.41,Type_II,L_Cheek+Forehead
kering__-63-_jpg.rf.dfb3f1a06dbdfee0a1d4d9449409ad1d.jpg,Flushing,203.68,139.5,141.19,66.18,Type_I,R_Cheek+L_Cheek+Forehead
kering__-70-_jpg.rf.642233099b210025402e356c705985c9.jpg,Flushing,171.19,135.57,146.06,43.49,Type_II,L_Cheek+Forehead
kering__-73-_jpg.rf.8d2c5045571d50d58210f0b82c9ed415.jpg,Flushing,181.49,139.51,137.01,66.95,Type_I,R_Cheek+L_Cheek+Forehead
kering__-76-_jpg.rf.205797a820d85fbc9c50489658fd322f.jpg,Flushing,192.94,136.87,146.18,54.69,Type_II,R_Cheek+L_Cheek+Forehead
kering__-77-_jpg.rf.961cbe69b3a18f9feb46023c56eb3a9f.jpg,Flushing,165.01,141.56,140.22,50.28,Type_II,R_Cheek+L_Cheek+Forehead
kering__-92-_jpg.rf.4368c4b28ed3ca3768faacd37d65d072.jpg,Flushing,152.98,138.69,141.4,36.71,Type_III,R_Cheek+L_Cheek+Forehead
levle0_102_jpg.rf.1fa438a379fd1c0b73ce0d50bb4dba5e.jpg,Flushing,130.81,153.66,156.0,2.66,Type_V,L_Cheek+Forehead
levle0_105_png.rf.01fec432b0daaf534ac4e910b6894738.jpg,Flushing,121.3,141.69,155.51,-5.05,Type_V,L_Cheek+Forehead
levle0_115_png.rf.e31f6f3bc96690252c6245e612c122dc.jpg,Flushing,137.95,136.54,145.51,13.18,Type_IV,R_Cheek+Forehead
levle0_122_jpg.rf.902e5a72ceb1d9c3d0b85026b160ff0c.jpg,Flushing,117.43,142.4,159.53,-7.14,Type_V,R_Cheek+Forehead
levle0_122_png.rf.b1fa197a150749eea93dca66ce2e7e2b.jpg,Flushing,118.0,142.28,159.53,-6.74,Type_V,R_Cheek+Forehead
levle0_124_png.rf.ca3ad935fa64f7f48a43ede8c71227eb.jpg,Flushing,122.5,139.51,151.67,-4.74,Type_V,R_Cheek+Forehead
levle0_127_jpg.rf.0ed2c29c4ee472d59175ff5d5e20c36c.jpg,Flushing,113.11,140.62,152.94,-12.75,Type_V,L_Cheek+Forehead
levle0_128_jpg.rf.5d7529ead6b7171cd93a6e98d677ce0c.jpg,Flushing,148.51,139.25,149.29,21.16,Type_IV,L_Cheek+Forehead
levle0_143_png.rf.cb97b330093dd0aa886a0606e4fb46d2.jpg,Flushing,154.43,138.0,147.63,28.27,Type_III,R_Cheek+Forehead
levle0_166_png.rf.bfdb390c9162a38ab66e668a26a4c5dd.jpg,Flushing,126.65,137.87,153.71,-0.74,Type_V,R_Cheek+Forehead
levle0_167_jpg.rf.290a9edfac9215dbd11a481982b04616.jpg,Flushing,103.84,141.1,151.21,-21.79,Type_V,R_Cheek+Forehead
levle0_175_jpg.rf.dad51dbf031d4ad47b635beda78bc3fc.jpg,Flushing,129.08,142.28,151.33,1.52,Type_V,R_Cheek+Forehead
levle0_185_png.rf.ac654ef79ff889da40f6c7d516ec12e2.jpg,Flushing,124.18,137.62,147.21,-3.88,Type_V,R_Cheek+L_Cheek+Forehead
levle0_189_jpg.rf.17257fd0113dc988edfe01f9d99cf324.jpg,Flushing,141.33,146.37,148.79,14.61,Type_IV,L_Cheek+Forehead
levle0_19_jpg.rf.3f5b8b0cab7c7d23431733c99e74d21a.jpg,Flushing,110.6,128.41,132.99,-53.02,Type_VI,L_Cheek+Forehead
levle0_207_jpg.rf.f256fd32169bc5f203b51d1002892d6f.jpg,Flushing,145.55,136.54,146.26,21.19,Type_IV,R_Cheek+Forehead
levle0_211_jpg.rf.acfdb57010db307e86ab8d694691ce10.jpg,Flushing,134.36,139.2,147.55,7.83,Type_V,R_Cheek+Forehead
levle0_21_jpg.rf.83ee82c486e158a93d5c1d6f4f055d0e.jpg,Flushing,143.61,139.12,149.01,16.73,Type_IV,L_Cheek+Forehead
levle0_223_png.rf.e80b5c170e3d51f7fadff42d2bcc0306.jpg,Flushing,145.67,136.58,149.17,18.6,Type_IV,L_Cheek+Forehead
levle0_252_png.rf.3a1460487c14a04d0d8dd33fc5fa7117.jpg,Flushing,122.4,150.83,150.85,-5.0,Type_V,L_Cheek+Forehead
levle0_270_jpg.rf.cefba80ba3619367092a7da043a04361.jpg,Flushing,151.14,136.76,147.62,25.3,Type_IV,R_Cheek+Forehead
levle0_271_jpg.rf.c27a26e010c8308cfbd0ad328f9d7960.jpg,Flushing,131.12,141.75,146.97,4.28,Type_V,R_Cheek+Forehead
levle0_272_jpg.rf.b1109c94520700ccd531dfd2f435dfb7.jpg,Flushing,123.56,141.19,147.79,-4.46,Type_V,R_Cheek+Forehead
levle0_274_png.rf.73b4b808f7e289022100b6233a4d3773.jpg,Flushing,137.82,137.16,145.61,12.95,Type_IV,L_Cheek+Forehead
levle0_279_jpg.rf.fcf2d35c30323055191621e24b8924b9.jpg,Flushing,124.24,137.01,145.22,-4.25,Type_V,L_Cheek+Forehead
levle0_280_jpg.rf.3635b6e6b18262a2906784749d274db5.jpg,Flushing,127.45,138.25,147.12,-0.06,Type_V,L_Cheek+Forehead
levle0_290_jpg.rf.72152f948a854126c311f29715bfe20e.jpg,Flushing,131.65,141.08,147.76,4.71,Type_V,R_Cheek+Forehead
levle0_296_jpg.rf.8134987aa6a6d8343206078253842301.jpg,Flushing,118.82,139.31,149.73,-8.9,Type_V,L_Cheek+Forehead
levle0_304_jpg.rf.38cf61ce6c520be9c96f80ad976f4049.jpg,Flushing,122.05,138.95,149.18,-5.77,Type_V,L_Cheek+Forehead
levle0_304_jpg.rf.fcb43e080273f656bbfcd1ec0c3a4a7d.jpg,Flushing,121.65,138.97,149.22,-6.17,Type_V,R_Cheek+Forehead
levle0_305_jpg.rf.2d6fdeeb8556c55b922eb5c952b0e5ec.jpg,Flushing,92.41,137.1,143.23,-42.1,Type_VI,R_Cheek+L_Cheek+Forehead
levle0_312_jpg.rf.0330ac8827f2cc925e583b7878952068.jpg,Flushing,136.65,138.5,145.75,11.43,Type_IV,L_Cheek+Forehead
levle0_319_jpg.rf.96937ad56e74adc1936a6c36b6804f15.jpg,Flushing,145.39,138.95,148.49,18.9,Type_IV,L_Cheek+Forehead
levle0_334_jpg.rf.43f463528c8b85f6cb153abc26a761f3.jpg,Flushing,150.64,138.78,149.89,22.52,Type_IV,R_Cheek+Forehead
levle0_334_jpg.rf.e2971b08456d5de3acf756d52ab5be85.jpg,Flushing,150.12,138.8,149.84,22.11,Type_IV,L_Cheek+Forehead
levle0_353_jpg.rf.51bc6755b076997876a00bab4334915c.jpg,Flushing,165.18,137.27,149.92,33.99,Type_III,R_Cheek+Forehead
levle0_353_png.rf.8d2068d017fc957673f4650f216eb15a.jpg,Flushing,165.97,137.15,149.89,34.57,Type_III,R_Cheek+Forehead
levle0_35_jpg.rf.31be9bebff959363f278ce2033ad4f39.jpg,Flushing,117.15,137.65,154.1,-8.84,Type_V,L_Cheek+Forehead
levle0_362_jpg.rf.bf789b78c1dee868eba6eb9effc5df61.jpg,Flushing,141.45,136.63,145.7,17.18,Type_IV,R_Cheek+Forehead
levle0_364_jpg.rf.69c4c4b2b377e7d6889ac4672b4e1c71.jpg,Flushing,139.4,137.45,146.3,14.3,Type_IV,R_Cheek+Forehead
levle0_375_jpg.rf.9d5515a719b52bc6bc63446f16a85ab9.jpg,Flushing,146.68,135.3,144.92,23.96,Type_IV,R_Cheek+Forehead
levle0_375_jpg.rf.f5d7a5e46176a7d3072ebbbb3bab2c41.jpg,Flushing,145.9,135.34,144.5,23.63,Type_IV,L_Cheek+Forehead
levle0_378_jpg.rf.a9007ac3847e3ad27e895fff742cb2ed.jpg,Flushing,152.12,135.37,147.39,26.48,Type_IV,R_Cheek+Forehead
levle0_37_png.rf.d3c80a29f2409bc6b6572a0addc1ad6c.jpg,Flushing,132.01,139.24,151.35,4.33,Type_V,R_Cheek+Forehead
levle0_385_png.rf.39ecfd2d528956dee4d15308561c8d7b.jpg,Flushing,144.04,137.9,148.41,17.63,Type_IV,L_Cheek+Forehead
levle0_392_png.rf.b05af681510a8fac16b982f19ef8fa6f.jpg,Flushing,144.56,148.27,145.04,21.44,Type_IV,R_Cheek+Forehead
levle0_406_jpg.rf.277b00b4ac1b4bc7b457f35a2c980531.jpg,Flushing,148.91,137.83,144.6,26.84,Type_IV,L_Cheek+Forehead
levle0_426_png.rf.a48824cd407eddb79009f458eb2a77a8.jpg,Flushing,147.81,145.66,145.6,24.34,Type_IV,L_Cheek+Forehead
levle0_427_jpg.rf.176975f0fe7305fd0a9413810041ec95.jpg,Flushing,158.75,146.65,147.17,32.59,Type_III,L_Cheek+Forehead
levle0_441_jpg.rf.c5d52cefb5bd92fb71db88db10118606.jpg,Flushing,138.81,145.89,146.0,13.84,Type_IV,L_Cheek+Forehead
levle0_451_jpg.rf.a5ccfacb342386dae7c9c0ae21cef65e.jpg,Flushing,140.56,136.6,148.94,13.74,Type_IV,R_Cheek+Forehead
levle0_453_jpg.rf.b2e7c571cf6198c1db3d5c44411e0117.jpg,Flushing,117.41,136.55,145.49,-12.75,Type_V,L_Cheek+Forehead
levle0_460_jpg.rf.a4bdc16e4be925488ebfcecccc340f0c.jpg,Flushing,131.77,135.94,147.6,4.88,Type_V,L_Cheek+Forehead
levle0_483_jpg.rf.ee9c15a5a24fc77653fa9ba758c91b17.jpg,Flushing,137.87,136.25,147.92,11.54,Type_IV,R_Cheek+Forehead
levle0_488_jpg.rf.973b93a361b91b54c79e1a1e9ebc9294.jpg,Flushing,143.63,137.23,146.42,18.95,Type_IV,L_Cheek+Forehead
levle0_511_png.rf.3c1104a43cde31603b67d203ad906180.jpg,Flushing,114.04,137.13,145.96,-16.38,Type_V,R_Cheek+L_Cheek+Forehead
levle0_512_jpg.rf.b6e6a1cfa2c5835cae997f91da72d697.jpg,Flushing,141.4,137.51,150.47,13.63,Type_IV,L_Cheek+Forehead
levle0_513_png.rf.c8981f2f9256acb9d58af4c781739dcf.jpg,Flushing,149.54,139.29,149.69,21.73,Type_IV,L_Cheek+Forehead
levle0_51_jpg.rf.547abece13f724d4ba6626035dc98901.jpg,Flushing,134.23,139.45,146.55,8.1,Type_V,R_Cheek+Forehead
levle0_521_jpg.rf.d3696ab8980620f4434b214a4ca4c14c.jpg,Flushing,142.71,135.34,147.17,17.29,Type_IV,L_Cheek+Forehead
levle0_522_jpg.rf.62f7e1ba7b94d5c49f0252fc3344c706.jpg,Flushing,138.29,135.83,147.74,12.1,Type_IV,L_Cheek+Forehead
levle0_523_jpg.rf.6d09a42d78981816c41e6d6703829589.jpg,Flushing,132.24,137.72,146.3,5.8,Type_V,L_Cheek+Forehead
levle0_526_jpg.rf.5ac8efc7d97fd6954d7341f8225048fe.jpg,Flushing,135.38,136.27,144.27,10.75,Type_IV,R_Cheek+Forehead
levle0_527_jpg.rf.275a87e54b42d11561ff886439c937d8.jpg,Flushing,146.05,137.19,146.7,21.26,Type_IV,L_Cheek+Forehead
levle0_52_jpg.rf.46b4e9c03b606bbf8c3cde44328d28a9.jpg,Flushing,136.9,135.98,150.7,9.23,Type_V,L_Cheek+Forehead
levle0_52_jpg.rf.e38c629e829587c889f31d9ffedad550.jpg,Flushing,136.34,135.89,150.43,8.78,Type_V,R_Cheek+Forehead
levle0_54_jpg.rf.511666532427147604ee3d501e650d19.jpg,Flushing,142.96,136.99,152.37,13.97,Type_IV,L_Cheek+Forehead
levle0_67_jpg.rf.ec97d460250d8ccaa4b21c1727945702.jpg,Flushing,121.38,132.92,148.37,-6.72,Type_V,L_Cheek+Forehead
levle0_86_jpg.rf.9168d6a4eca9c5bf9fac65fdc8d6e588.jpg,Flushing,110.31,140.77,144.79,-21.87,Type_V,R_Cheek+L_Cheek+Forehead
levle0_89_jpg.rf.b96b2a3d7eb063310ef930f47a62d7fd.jpg,Flushing,147.47,135.64,150.88,18.89,Type_IV,R_Cheek+Forehead
levle0_90_jpg.rf.bd8639ff1318a1f3c44d5599cebb938a.jpg,Flushing,140.95,139.14,150.11,13.42,Type_IV,R_Cheek+Forehead
levle0_92_jpg.rf.11535e411ea5ebd39226562a5ce99402.jpg,Flushing,138.59,138.5,149.62,11.37,Type_IV,L_Cheek+Forehead
levle0_97_jpg.rf.b54b7a23a05976cf7ce91f99a827b9aa.jpg,Flushing,139.5,141.85,151.67,11.24,Type_IV,L_Cheek+Forehead
levle0_97_jpg.rf.cc170f432debc65d195be7139746c8ce.jpg,Flushing,137.91,141.59,151.43,9.88,Type_V,R_Cheek+Forehead
levle1_100_jpg.rf.231f1d788b3fc6a030ac94814f29c052.jpg,Flushing,188.76,131.46,132.81,78.68,Type_I,R_Cheek+L_Cheek+Forehead
levle1_108_png.rf.a86528cf71fc7525d5a211dee01afd5d.jpg,Flushing,126.4,133.43,137.64,-2.55,Type_V,L_Cheek+Forehead
levle1_110_png.rf.ecf071a005346312632ecc3f5b6b5da3.jpg,Flushing,118.17,136.68,146.16,-11.39,Type_V,R_Cheek+Forehead
levle1_114_jpg.rf.49576f3452b1ac319f43aaada3b16634.jpg,Flushing,117.41,140.08,144.97,-13.13,Type_V,L_Cheek+Forehead
levle1_123_png.rf.2bb340c7fe311a42787566838a2dfd97.jpg,Flushing,140.14,139.91,171.96,6.43,Type_V,R_Cheek+Forehead
levle1_131_png.rf.bd5d005f781a4c7b2f3dbf4722fc0f36.jpg,Flushing,131.82,135.88,146.7,5.17,Type_V,R_Cheek+L_Cheek+Forehead
levle1_133_jpg.rf.4a0408029465db783f8663d98522d1a5.jpg,Flushing,141.24,137.43,148.05,15.04,Type_IV,L_Cheek+Forehead
levle1_133_png.rf.3b7a3b91fe9fcc3c1d02b9713b485c18.jpg,Flushing,142.84,137.41,148.07,16.69,Type_IV,L_Cheek+Forehead
levle1_135_jpg.rf.461195edd54e31ae5b110db1e04873fa.jpg,Flushing,148.24,135.69,147.59,22.54,Type_IV,R_Cheek+Forehead
levle1_139_jpg.rf.9b5cda99477649682f529abc91a788ec.jpg,Flushing,119.99,141.94,151.0,-7.3,Type_V,L_Cheek+Forehead
levle1_140_jpg.rf.933fe472967703d079d7c8c0093d2e69.jpg,Flushing,111.8,139.9,150.77,-15.13,Type_V,L_Cheek+Forehead
levle1_140_jpg.rf.d8c051c44a2d783385b308c7d7e06d37.jpg,Flushing,111.67,140.02,150.72,-15.28,Type_V,R_Cheek+Forehead
levle1_144_jpg.rf.2eb67e087f2e6464ddbded28e7bdba3b.jpg,Flushing,147.41,147.54,147.22,22.1,Type_IV,L_Cheek+Forehead
levle1_146_png.rf.2a694db5fb30d864f36de647eb154790.jpg,Flushing,132.39,138.92,148.31,5.39,Type_V,L_Cheek+Forehead
levle1_147_jpg.rf.6234e12f5df0b16e18d241f3820a44e8.jpg,Flushing,112.24,139.93,148.52,-16.26,Type_V,R_Cheek+L_Cheek+Forehead
levle1_151_jpg.rf.cb3ffb7e090af319696a983d5cd9348e.jpg,Flushing,130.9,138.91,149.19,3.6,Type_V,L_Cheek+Forehead
levle1_152_jpg.rf.bf811697275249d15e29e94e7f5092f8.jpg,Flushing,134.93,138.58,147.91,8.33,Type_V,R_Cheek+Forehead
levle1_157_jpg.rf.ff6787bb217b219f9253d08c728a02fb.jpg,Flushing,125.03,138.54,147.06,-2.9,Type_V,R_Cheek+L_Cheek+Forehead
levle1_164_jpg.rf.c0e67b7628cb217a36c9f6ee2c9e809c.jpg,Flushing,115.92,139.82,145.8,-14.31,Type_V,R_Cheek+L_Cheek+Forehead
levle1_167_jpg.rf.6dd55b8c095c5655ee255ee0e189e9ab.jpg,Flushing,146.49,147.54,148.54,19.92,Type_IV,L_Cheek+Forehead
levle1_16_jpg.rf.3fd3f142c6779b82d5be7a643025dcc7.jpg,Flushing,124.77,140.97,147.13,-3.2,Type_V,R_Cheek+Forehead
levle1_171_jpg.rf.aea63cbce2c7dfe589a2174e5650e30a.jpg,Flushing,131.19,138.58,148.48,4.04,Type_V,L_Cheek+Forehead
levle1_173_jpg.rf.9d2067e1d88b868c9a3616d934cc707c.jpg,Flushing,134.63,145.93,147.63,8.11,Type_V,R_Cheek+Forehead
levle1_175_jpg.rf.0f0b5f96c7b0228665bbae10a44e33e6.jpg,Flushing,131.34,139.51,154.08,3.31,Type_V,L_Cheek+Forehead
levle1_176_jpg.rf.e1f8a5b4367a624f7e167a3a518cf97d.jpg,Flushing,133.06,139.42,154.76,4.66,Type_V,R_Cheek+Forehead
levle1_180_jpg.rf.8d766580468a11e3e572f93b620a1235.jpg,Flushing,137.31,138.2,149.36,10.21,Type_IV,L_Cheek+Forehead
levle1_184_jpg.rf.1e39b67d8c308175dc0bd444cb4b1d2e.jpg,Flushing,126.03,138.53,149.18,-1.56,Type_V,R_Cheek+Forehead
levle1_184_jpg.rf.378dc7ac38556f1f47cb6dc3356a3dbc.jpg,Flushing,125.04,138.55,148.87,-2.64,Type_V,L_Cheek+Forehead
levle1_186_png.rf.713ecbc71dd1c5b6b6c92bc1a6c4ef40.jpg,Flushing,122.25,139.37,148.95,-5.61,Type_V,L_Cheek+Forehead
levle1_188_jpg.rf.d552b62b4d7d7784c3f6d5539595ca22.jpg,Flushing,141.01,137.42,151.52,12.7,Type_IV,R_Cheek+Forehead
levle1_190_jpg.rf.a818527f1482f1452a6dd92af05f0063.jpg,Flushing,120.58,141.15,144.05,-9.59,Type_V,R_Cheek+Forehead
levle1_190_png.rf.15ee7af3687794822c11a370fe962a27.jpg,Flushing,121.81,141.24,144.36,-7.77,Type_V,R_Cheek+Forehead
levle1_191_png.rf.e902fe0437def6a1666ba817aca21ada.jpg,Flushing,137.41,139.21,145.36,12.62,Type_IV,L_Cheek+Forehead
levle1_192_jpg.rf.4e4bc68553b926ccc60c3d471e62d4df.jpg,Flushing,138.05,138.49,147.43,12.03,Type_IV,R_Cheek+Forehead
levle1_193_jpg.rf.63c81b6b1c40ca13f78aea87b8d9e570.jpg,Flushing,139.12,139.1,145.49,14.6,Type_IV,R_Cheek+Forehead
levle1_195_png.rf.9ec1e27650de1d3f06550dd037c1a7f0.jpg,Flushing,139.31,139.91,151.19,11.3,Type_IV,L_Cheek+Forehead
levle1_199_jpg.rf.99c94de947ff7c3fc0a0dd78d09c2224.jpg,Flushing,146.64,137.42,150.86,18.18,Type_IV,L_Cheek+Forehead
levle1_1_jpg.rf.3d315d37ac095197e9db999168e8985a.jpg,Flushing,126.53,134.7,145.23,-1.27,Type_V,R_Cheek+Forehead
levle1_200_png.rf.0ea1fad8fc3726f79f895022fb8190ea.jpg,Flushing,140.97,137.88,146.66,15.81,Type_IV,L_Cheek+Forehead
levle1_207_jpg.rf.0d35501c03a73873e5b2760bfce71cab.jpg,Flushing,130.9,137.05,155.46,2.78,Type_V,R_Cheek+Forehead
levle1_207_jpg.rf.92c2eca565f80576bde98bf65fbc48fc.jpg,Flushing,128.42,136.9,155.02,0.76,Type_V,L_Cheek+Forehead
levle1_212_png.rf.5c21dbfbd353b97755abd86854e7dcc2.jpg,Flushing,136.21,138.3,147.07,10.15,Type_IV,R_Cheek+Forehead
levle1_224_jpg.rf.00df22c896de6e30c82ae92471c01058.jpg,Flushing,147.36,138.59,146.69,22.62,Type_IV,L_Cheek+Forehead
levle1_225_jpg.rf.0f6724377330af2c7abe038f685b4011.jpg,Flushing,142.11,139.13,146.39,17.3,Type_IV,L_Cheek+Forehead
levle1_225_jpg.rf.791d3880ab9944b7ec4f6b721c818659.jpg,Flushing,143.33,139.25,146.66,18.4,Type_IV,R_Cheek+Forehead
levle1_229_png.rf.5980b9e1bc834ce895404e137fce60f2.jpg,Flushing,120.05,144.56,156.47,-5.86,Type_V,R_Cheek+Forehead
levle1_238_jpg.rf.cd28fd08ac6847c34d4a54dd4f4360d0.jpg,Flushing,104.99,140.1,149.2,-22.6,Type_V,R_Cheek+L_Cheek+Forehead
levle1_23_jpg.rf.9fd56288608cc1813da41168edbfd41b.jpg,Flushing,117.73,140.38,144.53,-13.04,Type_V,R_Cheek+L_Cheek+Forehead
levle1_247_jpg.rf.fa191576161bfa895171251ae3b535c2.jpg,Flushing,139.36,138.75,149.5,12.21,Type_IV,R_Cheek+Forehead
levle1_247_png.rf.d78f636da61171b6fd36e7ec04869ae4.jpg,Flushing,142.06,139.02,149.78,14.69,Type_IV,R_Cheek+Forehead
levle1_250_jpg.rf.86944ceb5e0034057b2299475c36f24f.jpg,Flushing,156.09,136.2,148.62,28.53,Type_III,L_Cheek+Forehead
levle1_250_png.rf.c8d43a32c7c73f44955afdabcf70e630.jpg,Flushing,158.12,136.14,148.71,30.11,Type_III,R_Cheek+Forehead
levle1_271_jpg.rf.8cb34954d0b564e2e3feef57bb49afd8.jpg,Flushing,152.91,137.45,150.86,23.56,Type_IV,L_Cheek+Forehead
levle1_271_png.rf.11b20c647d5998a472e47f508b486fa4.jpg,Flushing,153.46,137.41,150.81,24.05,Type_IV,L_Cheek+Forehead
levle1_278_jpg.rf.ce458218fa7d1d1ec5c789c1a4de841a.jpg,Flushing,141.97,134.89,142.81,20.97,Type_IV,R_Cheek+Forehead
levle1_279_png.rf.c80c812276718789ad9a3e599fa7ef27.jpg,Flushing,151.07,136.72,145.52,27.81,Type_IV,L_Cheek+Forehead
levle1_29_jpg.rf.5271eac022775e1444d4e707f8ab1329.jpg,Flushing,207.09,144.56,140.2,68.64,Type_I,R_Cheek+Forehead
levle1_315_png.rf.831fc914185247eb60910dbfc4cbd300.jpg,Flushing,126.64,140.4,147.78,-0.97,Type_V,R_Cheek+Forehead
levle1_325_png.rf.ceb1f4f68c27cdf25e1cfa5ffb3b8545.jpg,Flushing,154.9,136.39,148.05,28.18,Type_III,R_Cheek+Forehead
levle1_330_jpg.rf.5a08697975a3ed8cf71d50603bf48879.jpg,Flushing,146.04,138.4,151.53,17.17,Type_IV,R_Cheek+Forehead
levle1_334_png.rf.a098b8b10bd4803924bd747f19539562.jpg,Flushing,127.63,140.13,149.28,0.14,Type_V,L_Cheek+Forehead
levle1_337_jpg.rf.2d2820766acea764469076c817637696.jpg,Flushing,143.09,140.27,145.36,19.4,Type_IV,L_Cheek+Forehead
levle1_337_jpg.rf.eced465674e825f4720ca5fa2f460dc3.jpg,Flushing,144.58,140.37,145.56,20.88,Type_IV,R_Cheek+Forehead
levle1_338_png.rf.130ee422446f63e2f330388a87fbb395.jpg,Flushing,153.44,136.86,146.92,28.26,Type_III,R_Cheek+Forehead
levle1_33_png.rf.bee9f7e783b6b1cbc2a8b7ba7e95834e.jpg,Flushing,133.29,138.39,148.29,6.38,Type_V,R_Cheek+Forehead
levle1_347_jpg.rf.8d49e5de84efb5d03ca199496ada1ad4.jpg,Flushing,120.51,142.84,148.42,-7.64,Type_V,R_Cheek+Forehead
levle1_351_jpg.rf.3b7bba169830ddea91ee177124925692.jpg,Flushing,131.98,137.8,147.37,5.19,Type_V,R_Cheek+Forehead
levle1_351_jpg.rf.d6685aa7b30f0a7e9677c26aebbce003.jpg,Flushing,134.14,138.03,147.71,7.53,Type_V,L_Cheek+Forehead
levle1_360_jpg.rf.20ee1b951cd013131c1ca391b113abb4.jpg,Flushing,125.47,141.03,150.41,-2.04,Type_V,L_Cheek+Forehead
levle1_360_jpg.rf.2950f7ed35bcd1e2d3199a63e8bd4c32.jpg,Flushing,125.66,141.02,150.5,-1.84,Type_V,R_Cheek+Forehead
levle1_362_jpg.rf.e1fe23573a8c9d39b5115e81d4e5936f.jpg,Flushing,106.56,138.4,147.01,-23.37,Type_V,R_Cheek+L_Cheek+Forehead
levle1_374_png.rf.b9dea69f7c18589e6d763b5d6e637e8a.jpg,Flushing,120.72,142.53,147.89,-7.62,Type_V,L_Cheek+Forehead
levle1_381_png.rf.925a710d3317c3fd67e0d8895c54896d.jpg,Flushing,133.34,138.37,149.98,5.95,Type_V,L_Cheek+Forehead
levle1_394_jpg.rf.eb53706d21b1ca16b512a556df9dfd37.jpg,Flushing,116.16,150.52,157.45,-8.59,Type_V,R_Cheek+L_Cheek+Forehead
levle1_401_jpg.rf.2625eabbc701121a601d2f2c1015d173.jpg,Flushing,137.13,137.23,150.13,9.68,Type_V,L_Cheek+Forehead
levle1_401_png.rf.df772b7741e681bb7ebab84531695960.jpg,Flushing,137.59,136.96,150.05,10.18,Type_IV,R_Cheek+Forehead
levle1_411_jpg.rf.19500a09b07be7ee64c6439808c98f79.jpg,Flushing,141.45,139.76,147.81,15.44,Type_IV,R_Cheek+Forehead
levle1_414_jpg.rf.3632bf3368c7e2956064bbd75f38cc9c.jpg,Flushing,132.38,141.85,147.14,5.71,Type_V,L_Cheek+Forehead
levle1_417_png.rf.bad0a3f16557f54d49cefc51e48f5e04.jpg,Flushing,123.48,137.51,149.99,-4.1,Type_V,R_Cheek+L_Cheek+Forehead
levle1_420_png.rf.3e819fead12b406622c2bc932a9e2d5b.jpg,Flushing,151.25,138.24,149.32,23.6,Type_IV,R_Cheek+Forehead
levle1_421_jpg.rf.bfe2b6c57bb79b82938f9d891083a36c.jpg,Flushing,139.97,137.8,147.89,13.82,Type_IV,R_Cheek+Forehead
levle1_422_png.rf.b27234d02c8444e947f31c5f3ee7a107.jpg,Flushing,123.52,137.87,144.93,-5.27,Type_V,R_Cheek+L_Cheek+Forehead
levle1_427_jpg.rf.96f55099d518b3644e9ddad6e6ea2586.jpg,Flushing,142.8,138.16,149.29,15.74,Type_IV,L_Cheek+Forehead
levle1_42_jpg.rf.3758e0069ba1db4f10bd232e97982364.jpg,Flushing,104.96,138.17,145.71,-26.52,Type_V,R_Cheek+L_Cheek+Forehead
levle1_433_png.rf.82e5936052b52f32ad8fe0cbb0b0c9d5.jpg,Flushing,138.68,135.59,149.33,11.61,Type_IV,L_Cheek+Forehead
levle1_437_png.rf.d6fd3239b733ac93ccbbb87ff355c6f1.jpg,Flushing,147.85,135.7,151.48,18.78,Type_IV,R_Cheek+Forehead
levle1_461_jpg.rf.dc8b996be114002b07c7d0f741705cd5.jpg,Flushing,147.21,138.12,148.96,20.24,Type_IV,R_Cheek+Forehead
levle1_467_jpg.rf.f1fc8c9aad226c85977842d5dc59b67b.jpg,Flushing,130.2,134.62,144.89,3.59,Type_V,R_Cheek+L_Cheek+Forehead
levle1_468_jpg.rf.e5614e7083a6e7fcf067759f38e8c2a1.jpg,Flushing,132.96,135.35,144.68,7.31,Type_V,R_Cheek+Forehead
levle1_46_png.rf.6e9aaaf4b4f9d7d9f5ac9913031217d9.jpg,Flushing,139.52,139.86,150.27,11.95,Type_IV,R_Cheek+Forehead
levle1_472_jpg.rf.59ce792a70dbf3ebc9038fdc5dd473ba.jpg,Flushing,140.16,138.12,149.31,13.11,Type_IV,R_Cheek+Forehead
levle1_474_jpg.rf.1585dcce7ba3a177e823631486564831.jpg,Flushing,136.97,137.0,149.31,9.88,Type_V,L_Cheek+Forehead
levle1_476_jpg.rf.fbf5070fddd347321b5f0af0d0c69247.jpg,Flushing,148.52,136.04,152.31,18.73,Type_IV,R_Cheek+Forehead
levle1_47_png.rf.b61e7479c799b5cfe65691372d11fc76.jpg,Flushing,142.59,139.87,151.39,14.19,Type_IV,R_Cheek+Forehead
levle1_480_jpg.rf.685ce1efc86aa5cdf02b1e56ea994d7c.jpg,Flushing,139.91,138.7,147.9,13.74,Type_IV,R_Cheek+Forehead
levle1_482_jpg.rf.d93b6c389303bf459dfe9deeb490620d.jpg,Flushing,123.79,142.63,152.1,-3.46,Type_V,L_Cheek+Forehead
levle1_483_jpg.rf.7f6e26cd5cf86d31032d2ebe94fe7adf.jpg,Flushing,111.74,140.72,150.24,-15.53,Type_V,L_Cheek+Forehead
levle1_486_jpg.rf.95d7a6ca269b86d6de89d7188870ef38.jpg,Flushing,149.17,136.3,149.09,21.94,Type_IV,L_Cheek+Forehead
levle1_489_jpg.rf.bbe0e9ef37685ae77fd410b04443939c.jpg,Flushing,119.07,149.93,152.68,-7.63,Type_V,R_Cheek+Forehead
levle1_48_jpg.rf.cbc2e118c3952917988d430d1927c101.jpg,Flushing,135.11,141.2,149.29,7.99,Type_V,L_Cheek+Forehead
levle1_491_jpg.rf.ce5d8b8a485cbc8a05350eff93cba571.jpg,Flushing,158.09,145.48,148.46,30.38,Type_III,L_Cheek+Forehead
levle1_492_jpg.rf.0c760b5c159ccea4122d43613c70f965.jpg,Flushing,143.51,146.05,147.38,17.95,Type_IV,L_Cheek+Forehead
levle1_493_jpg.rf.cc7012ba79200e34510b80d29d2f46fa.jpg,Flushing,141.16,144.52,148.65,14.54,Type_IV,L_Cheek+Forehead
levle1_505_jpg.rf.b54d87edc8205eea703308048a37a330.jpg,Flushing,153.07,136.82,148.46,26.11,Type_IV,R_Cheek+Forehead
levle1_506_jpg.rf.c26bfd98b607657cb6ffe56236c10baa.jpg,Flushing,145.28,136.29,147.28,19.88,Type_IV,L_Cheek+Forehead
levle1_509_jpg.rf.e73c7dc8057dbd0f801b4eafe54b5bf7.jpg,Flushing,135.22,137.17,147.53,8.81,Type_V,R_Cheek+Forehead
levle1_510_jpg.rf.2683addf8fba6a7040d40153a72a0b24.jpg,Flushing,146.36,135.98,149.74,18.78,Type_IV,R_Cheek+Forehead
levle1_512_jpg.rf.feefb01d34326ff60b13f17bd517aeed.jpg,Flushing,155.55,136.08,147.92,28.91,Type_III,R_Cheek+Forehead
levle1_513_jpg.rf.7f4ce5b2dbd8695155e2a8d26e3da7e3.jpg,Flushing,130.64,140.1,145.18,4.1,Type_V,L_Cheek+Forehead
levle1_515_jpg.rf.fbbd6318ebbe064073bea0e47cf949a9.jpg,Flushing,134.53,138.14,147.72,7.96,Type_V,L_Cheek+Forehead
levle1_516_png.rf.fd76cf277fa290acfca36f04f462244a.jpg,Flushing,129.98,136.62,146.85,2.95,Type_V,L_Cheek+Forehead
levle1_519_jpg.rf.d900a14e1fac7374de2619e6a93e5438.jpg,Flushing,137.38,137.58,152.25,9.08,Type_V,L_Cheek+Forehead
levle1_520_jpg.rf.aff53cb93b0485cec291874cacd6e1d8.jpg,Flushing,144.47,138.88,147.71,18.66,Type_IV,R_Cheek+Forehead
levle1_524_jpg.rf.dd32cacf6233725f7a0edf3d8e43ac1a.jpg,Flushing,158.72,135.43,148.47,30.88,Type_III,L_Cheek+Forehead
levle1_525_jpg.rf.6309c6b9c2ef510044cfa20f492eaf07.jpg,Flushing,152.83,135.79,146.31,28.49,Type_III,R_Cheek+Forehead
levle1_530_jpg.rf.db0170c053c741e139040843ebf061d8.jpg,Flushing,141.58,138.92,147.33,15.94,Type_IV,R_Cheek+Forehead
levle1_531_jpg.rf.53a49956238d6333eee2b49689cee57b.jpg,Flushing,137.15,139.31,147.16,11.18,Type_IV,R_Cheek+Forehead
levle1_532_png.rf.fbb40f1dfac74231aef87ffa4bd8ae2e.jpg,Flushing,140.38,138.26,146.96,14.92,Type_IV,L_Cheek+Forehead
levle1_536_jpg.rf.104f09f6b0c207a07a6813b2a5c8192b.jpg,Flushing,139.46,135.85,152.38,10.89,Type_IV,L_Cheek+Forehead
levle1_543_png.rf.ae2ceb5ccca9fe5b1a0f7ed86eb8e8f4.jpg,Flushing,139.66,140.31,147.19,13.95,Type_IV,R_Cheek+Forehead
levle1_544_png.rf.8c69ec3aa3e7d2775471a522695c197d.jpg,Flushing,144.12,137.05,150.41,16.22,Type_IV,L_Cheek+Forehead
levle1_550_jpg.rf.f226c354ca423dcf8699700c1e8f5120.jpg,Flushing,129.46,137.35,149.01,2.1,Type_V,L_Cheek+Forehead
levle1_553_jpg.rf.5be3f82e01629a7f51c16fb94072a19d.jpg,Flushing,147.84,138.24,149.16,20.66,Type_IV,R_Cheek+Forehead
levle1_563_png.rf.fbf4df2498715bceede7a8e283687d4a.jpg,Flushing,136.18,138.88,152.44,7.93,Type_V,L_Cheek+Forehead
levle1_564_jpg.rf.e1b8d1f83f77b3d6908cb579e676fc6c.jpg,Flushing,139.03,141.18,149.28,12.0,Type_IV,L_Cheek+Forehead
levle1_564_png.rf.dbcb9822d1e30a012d3163d2edf8b895.jpg,Flushing,139.86,141.03,149.24,12.86,Type_IV,R_Cheek+Forehead
levle1_565_jpg.rf.45dbad2a638d4002f392f28dec77c739.jpg,Flushing,150.94,136.71,149.29,23.36,Type_IV,L_Cheek+Forehead
levle1_567_jpg.rf.c61d5389ff76febd44548a5e69f8d64e.jpg,Flushing,133.33,141.08,149.34,6.12,Type_V,L_Cheek+Forehead
levle1_56_png.rf.121493bf9c984bfdb3a20031d82958a5.jpg,Flushing,150.91,137.55,150.3,22.38,Type_IV,L_Cheek+Forehead
levle1_576_jpg.rf.2c99b3933c52405143bbb040853be74a.jpg,Flushing,143.19,138.02,151.85,14.46,Type_IV,L_Cheek+Forehead
levle1_577_jpg.rf.47bb8caf76b0c4de0396dca37b458291.jpg,Flushing,128.99,138.66,150.73,1.47,Type_V,R_Cheek+Forehead
levle1_583_jpg.rf.54124330971c6d6904fe37c51c0f4918.jpg,Flushing,145.38,134.55,148.12,19.22,Type_IV,R_Cheek+Forehead
levle1_586_jpg.rf.3b4764330c5903c9ac6701bd3f20018a.jpg,Flushing,156.75,135.82,146.87,31.29,Type_III,R_Cheek+Forehead
levle1_589_jpg.rf.1f9cd79368bd346e9ecfa8ac9327e0b9.jpg,Flushing,137.42,135.32,147.95,11.03,Type_IV,L_Cheek+Forehead
levle1_591_jpg.rf.d709d29e44de4daac774c538b26346d3.jpg,Flushing,135.74,139.69,149.58,8.52,Type_V,L_Cheek+Forehead
levle1_593_png.rf.f9937dae39e24c1a11fa4c3de3bf1bdf.jpg,Flushing,150.42,138.13,149.23,22.95,Type_IV,L_Cheek+Forehead
levle1_595_jpg.rf.a18adfc7a6f83a43fda319bab9d49592.jpg,Flushing,152.28,137.69,144.31,30.79,Type_III,R_Cheek+Forehead
levle1_597_jpg.rf.e29f9f356ca812589939452892014b9b.jpg,Flushing,140.96,138.83,147.05,15.49,Type_IV,R_Cheek+Forehead
levle1_604_png.rf.a9243162d21532cd27e0835237e5b104.jpg,Flushing,147.42,136.96,149.45,20.01,Type_IV,L_Cheek+Forehead
levle1_606_jpg.rf.b3aabc05e1f847d263d5911d6fc355e7.jpg,Flushing,138.39,136.74,147.82,12.16,Type_IV,R_Cheek+Forehead
levle1_613_jpg.rf.41d98b447504e85b47fa657a0306f603.jpg,Flushing,168.34,137.37,149.31,36.93,Type_III,L_Cheek+Forehead
levle1_614_png.rf.8690fd8861e1500e1b84f4d56674eef0.jpg,Flushing,151.44,134.82,150.14,22.98,Type_IV,L_Cheek+Forehead
levle1_616_png.rf.890ce8e3714c9bd05599a3f9d262c31a.jpg,Flushing,128.04,142.51,146.38,0.66,Type_V,R_Cheek+Forehead
levle1_62_png.rf.87e2bc9d6d0d09a147cecb3e0059050b.jpg,Flushing,137.83,135.18,149.05,10.9,Type_IV,L_Cheek+Forehead
levle1_634_jpg.rf.8c44db2d81756dc3cc233559c831b098.jpg,Flushing,153.98,137.17,146.73,29.0,Type_III,R_Cheek+Forehead
levle1_64_jpg.rf.0580019a2ecf591fed6ecaa153f77638.jpg,Flushing,128.45,134.42,148.05,1.06,Type_V,R_Cheek+L_Cheek+Forehead
levle1_64_jpg.rf.e13a8a2bb86ae15d245f9642bbcd995d.jpg,Flushing,137.12,134.3,148.73,10.31,Type_IV,R_Cheek+Forehead
levle1_65_jpg.rf.3c589cbd6cd0c8bb47effe12aadd194a.jpg,Flushing,149.75,135.28,150.95,20.81,Type_IV,R_Cheek+Forehead
levle1_67_jpg.rf.f6af7a6ac66ca40aff8669297398a5f2.jpg,Flushing,156.33,134.88,150.75,26.43,Type_IV,R_Cheek+Forehead
levle1_80_jpg.rf.21f9e56eaabef6d0c3623840d0814d63.jpg,Flushing,134.73,136.66,141.65,11.74,Type_IV,R_Cheek+Forehead
levle1_80_png.rf.c137325cd6e00203db6ff6b5ab144be9.jpg,Flushing,124.98,137.45,143.02,-3.76,Type_V,R_Cheek+Forehead
levle1_94_jpg.rf.795719b0314a2962c572c8bac51975f5.jpg,Flushing,164.97,135.03,145.67,39.74,Type_III,L_Cheek+Forehead
levle2_102_png.rf.273e12ec6acfdce428b5e931c67e8505.jpg,Flushing,132.08,140.51,146.55,5.53,Type_V,L_Cheek+Forehead
levle2_107_jpg.rf.613f87ef43e483d33a26ecef20706e40.jpg,Flushing,116.09,139.57,144.21,-15.44,Type_V,R_Cheek+Forehead
levle2_108_jpg.rf.98a86300ed92a987c8fc0e79bf9ff70a.jpg,Flushing,125.06,140.42,146.18,-3.01,Type_V,R_Cheek+Forehead
levle2_109_jpg.rf.b6da0c4ae4dddb8af42faaff33800909.jpg,Flushing,125.03,143.1,147.31,-2.87,Type_V,R_Cheek+Forehead
levle2_110_jpg.rf.4ae87309f09543637b13c9bacd7c844e.jpg,Flushing,126.41,141.38,147.06,-1.28,Type_V,R_Cheek+Forehead
levle2_111_jpg.rf.781f76db6ba25addb3cddabd1ddf73c1.jpg,Flushing,128.94,140.92,147.33,1.68,Type_V,L_Cheek+Forehead
levle2_113_jpg.rf.a460193e7bf9a3e3f62ea5305956d0df.jpg,Flushing,136.91,141.45,148.61,10.15,Type_IV,R_Cheek+Forehead
levle2_125_jpg.rf.19c33aec3449f1a4492ce5cb0cc1a6ee.jpg,Flushing,107.63,137.6,144.2,-25.69,Type_V,L_Cheek+Forehead
levle2_126_jpg.rf.480f97a5dc29fc2df826eeaf2fea6123.jpg,Flushing,120.14,138.38,146.19,-9.02,Type_V,L_Cheek+Forehead
levle2_129_jpg.rf.26ec0d9699d669c53dc59716ab03b95f.jpg,Flushing,140.94,137.3,145.87,16.44,Type_IV,L_Cheek+Forehead
levle2_132_jpg.rf.3ee6cc2c6751225361932b9654ee5915.jpg,Flushing,137.56,136.13,145.09,12.99,Type_IV,L_Cheek+Forehead
levle2_134_jpg.rf.451e9a8425214b7b0ade4af56d4e7ca6.jpg,Flushing,157.71,138.9,145.21,34.54,Type_III,L_Cheek+Forehead
levle2_138_png.rf.a7cfd3c2b6111c76868b6e57b28ba311.jpg,Flushing,141.69,148.04,151.53,13.31,Type_IV,L_Cheek+Forehead
levle2_145_jpg.rf.312cec5141e41051651e40923e240f81.jpg,Flushing,135.02,138.12,150.49,7.47,Type_V,R_Cheek+Forehead
levle2_145_jpg.rf.5cbc31f92e1bea0944489088c8e77968.jpg,Flushing,134.17,138.13,150.31,6.69,Type_V,L_Cheek+Forehead
levle2_145_png.rf.afd7a3f9478c143c54be3dcff9fab4c9.jpg,Flushing,135.37,138.04,150.61,7.77,Type_V,L_Cheek+Forehead
levle2_155_jpg.rf.b7481313dc6ec706971b5ec44d7a1c3d.jpg,Flushing,136.84,138.28,148.39,10.19,Type_IV,R_Cheek+Forehead
levle2_160_jpg.rf.5c88d3367887dd678379f28c793d1f67.jpg,Flushing,130.72,139.47,146.76,3.85,Type_V,L_Cheek+Forehead
levle2_161_jpg.rf.889902c67c0192f0059aa705d5c0f1af.jpg,Flushing,120.58,140.25,145.16,-8.99,Type_V,R_Cheek+Forehead
levle2_164_jpg.rf.7c97da57a260e2f8ccf30e2c42fd95fd.jpg,Flushing,135.28,135.9,147.82,8.75,Type_V,R_Cheek+Forehead
levle2_164_png.rf.df617febdb68acfab5facd87cbeca55a.jpg,Flushing,139.33,136.09,148.32,12.86,Type_IV,L_Cheek+Forehead
levle2_175_jpg.rf.4326fb62a9f1a903d12d065b088ab474.jpg,Flushing,128.78,143.36,146.28,1.58,Type_V,R_Cheek+Forehead
levle2_176_jpg.rf.372d42597a7815a440d113a4d2b771a6.jpg,Flushing,118.1,143.07,145.01,-12.22,Type_V,R_Cheek+Forehead
levle2_177_png.rf.b9bbe75f73b668cfdd8a0a769b5e4c0a.jpg,Flushing,153.39,137.6,147.7,27.27,Type_IV,L_Cheek+Forehead
levle2_178_jpg.rf.1457d321e0e12d5016a340e35bf93cc8.jpg,Flushing,152.37,137.19,148.69,25.24,Type_IV,R_Cheek+Forehead
levle2_184_jpg.rf.6cb0821f4aaf484583f4f7709e5c6b19.jpg,Flushing,130.34,137.41,147.14,3.33,Type_V,L_Cheek+Forehead
levle2_189_png.rf.1ecac6c21e6c2454eb5e1b8eefa58674.jpg,Flushing,105.12,136.44,143.55,-29.43,Type_V,R_Cheek+Forehead
levle2_44_jpg.rf.1a7a9877f0694cc489370fc38c8514fa.jpg,Flushing,109.07,140.68,148.49,-19.43,Type_V,R_Cheek+L_Cheek+Forehead
levle2_50_jpg.rf.9eff790fee1d572c19c8bd2b7bd837d5.jpg,Flushing,129.72,135.48,143.14,3.29,Type_V,R_Cheek+Forehead
levle2_56_png.rf.d919231ac2e940b999585f9ed55d07f9.jpg,Flushing,140.18,134.11,136.29,30.95,Type_III,R_Cheek+Forehead
levle2_61_jpg.rf.34a6d0ccf6a9776486710545ef82df4a.jpg,Flushing,136.62,139.06,142.06,14.28,Type_IV,L_Cheek+Forehead
levle2_61_jpg.rf.b158e9e2385042ade6ccc08140036f14.jpg,Flushing,137.91,138.6,141.87,16.4,Type_IV,R_Cheek+Forehead
levle2_67_jpg.rf.e62a125becab0fd587f3060f65920dbb.jpg,Flushing,156.12,134.74,141.02,40.77,Type_III,R_Cheek+Forehead
levle2_70_jpg.rf.d5d2eca151f4563735350ddf9db6526f.jpg,Flushing,113.46,142.35,145.74,-17.23,Type_V,L_Cheek+Forehead
levle2_72_png.rf.7f17e407e53438509c1f9fffa063312a.jpg,Flushing,117.35,143.67,146.8,-11.95,Type_V,R_Cheek+Forehead
levle2_74_jpg.rf.aae7325c99f764e4513fc69be71178ff.jpg,Flushing,115.8,152.35,155.99,-9.31,Type_V,R_Cheek+Forehead
levle2_74_png.rf.415c848576c134dcfdc3849f25e35651.jpg,Flushing,116.67,152.12,155.92,-8.65,Type_V,L_Cheek+Forehead
levle2_79_jpg.rf.55c0e3916dc8ceb2aed583f8adaa5bb2.jpg,Flushing,142.19,136.75,147.38,16.55,Type_IV,L_Cheek+Forehead
levle2_84_jpg.rf.027a8a0deb088e07f7e1ec28c43bdebd.jpg,Flushing,151.6,136.75,147.55,25.8,Type_IV,R_Cheek+Forehead
levle2_84_jpg.rf.78de47b26b227da5bac15ce5063d86b1.jpg,Flushing,152.72,136.79,147.55,26.84,Type_IV,L_Cheek+Forehead
levle2_85_png.rf.dd0f45ce29b4a2d6aec43002151e3e0e.jpg,Flushing,109.14,143.88,153.39,-15.83,Type_V,L_Cheek+Forehead
levle3_89_jpg.rf.b341f6f9d9b23860b65b00936e87beeb.jpg,Flushing,133.08,137.51,148.76,6.02,Type_V,R_Cheek+Forehead
normal-140-_jpg.rf.a8cc93010856132ca065e267404bf5b2.jpg,Flushing,174.21,146.41,150.66,38.95,Type_III,R_Cheek+L_Cheek+Forehead
oily-101-_jpg.rf.4dcc8850e5f7b3b45679ad72d3327f38.jpg,Flushing,193.84,135.78,139.19,66.73,Type_I,R_Cheek+Forehead
oily-116-_jpg.rf.80b1bb512df4f8812d5f89e709e8ad8f.jpg,Flushing,179.2,139.32,143.54,52.54,Type_II,L_Cheek+Forehead
oily-122-_jpg.rf.325f36e427c5fb72fabf5f6f0c8f9502.jpg,Flushing,108.6,138.24,137.68,-37.46,Type_VI,R_Cheek+L_Cheek+Forehead
oily-140-_jpg.rf.6b62270e87cdd3210a0056bd0daa3b02.jpg,Flushing,180.86,149.2,143.21,53.99,Type_II,L_Cheek+Forehead
oily-156-_jpg.rf.49ec189284dbf697bef3f0f0647e96d6.jpg,Flushing,146.57,141.22,139.55,32.91,Type_III,L_Cheek+Forehead
oily-175-_jpg.rf.cc0d23e1de29d3dd2babf794f6647f37.jpg,Flushing,179.45,145.67,146.18,48.25,Type_II,R_Cheek+L_Cheek+Forehead
oily-246-_jpg.rf.7fe21c2ab2b017bef1942bf54c450e44.jpg,Flushing,199.94,139.54,139.07,68.7,Type_I,R_Cheek+Forehead
oily-276-_jpg.rf.ebd8044a4a4b8b3e810d7b5c69d21ca9.jpg,Flushing,165.39,142.93,143.26,44.24,Type_II,L_Cheek+Forehead
oily-33-_jpg.rf.a2a778ee2404d9418c6911e9bcda54ba.jpg,Flushing,209.44,136.6,142.56,65.62,Type_I,L_Cheek+Forehead
oily-35-_jpg.rf.50d5ca3aebc22c6dbf56a4ecb92b81a3.jpg,Flushing,183.28,138.17,141.43,58.45,Type_I,R_Cheek+Forehead
oily-39-_jpg.rf.8e410fe5b645f7f635765b9bb48b91d0.jpg,Flushing,181.09,140.46,150.86,42.59,Type_II,L_Cheek+Forehead
oily-skin_10_jpeg.rf.d3383aded8a9b60d3e0aeb53b38f0c3a.jpg,Flushing,124.49,143.93,150.29,-3.04,Type_V,R_Cheek+L_Cheek+Forehead
oily-skin_148_png.rf.6115746165ad5c8b650a56052609bc5c.jpg,Flushing,159.24,142.65,143.91,38.05,Type_III,R_Cheek+L_Cheek+Forehead
oily-skin_187_jpeg.rf.f050ecd5a5e0f0a5d30b683c6fdec8b4.jpg,Flushing,118.49,146.99,148.37,-9.84,Type_V,R_Cheek+Forehead
oily13_jpg.rf.f7e4346b4ac8d640fc62b799448ee503.jpg,Flushing,184.65,138.88,147.48,49.0,Type_II,R_Cheek+L_Cheek+Forehead
oily15_jpg.rf.ec2ee78a4a5f3f82e52978093e48f966.jpg,Flushing,145.32,146.98,166.27,10.35,Type_IV,R_Cheek+Forehead
oily17_jpg.rf.175c87fecc102442bb11ecc88dbd602b.jpg,Flushing,148.65,138.13,148.18,22.34,Type_IV,R_Cheek+L_Cheek+Forehead
oily18_jpg.rf.857e99e6693975c0eeb342c874be624a.jpg,Flushing,129.9,143.04,139.81,4.55,Type_V,R_Cheek+L_Cheek+Forehead
oily20_jpg.rf.450a2e3fb3453d738cf8e4cd8c5299ca.jpg,Flushing,127.85,137.01,138.95,0.72,Type_V,R_Cheek+Forehead
oily22_jpg.rf.939e33aa8929d8c7cd4f3f7cd39f244f.jpg,Flushing,146.85,142.25,143.83,25.6,Type_IV,L_Cheek+Forehead
oily23_jpg.rf.a623e0a5b2ada477afde9cf0475375ff.jpg,Flushing,144.87,141.42,145.27,21.53,Type_IV,R_Cheek+Forehead
oily28_jpg.rf.8236ee7e505701cfd83cb0377badd064.jpg,Flushing,152.6,142.86,143.68,32.12,Type_III,R_Cheek+Forehead
oily31_jpg.rf.79a6a1dbe6ad4f9775ed634088bdeaa9.jpg,Flushing,146.96,150.43,148.81,20.14,Type_IV,R_Cheek+Forehead
oily33_jpg.rf.7a7b34dd7097dc65b94dfd96fa7c8e0c.jpg,Flushing,197.3,133.66,138.48,69.05,Type_I,L_Cheek+Forehead
oily34_jpg.rf.18b34657e9ab6a699285d3c3160ce3e7.jpg,Flushing,163.8,147.98,146.53,37.54,Type_III,R_Cheek+L_Cheek+Forehead
oily35_jpg.rf.67be89559b32a3184b13305711969209.jpg,Flushing,175.59,147.32,161.55,29.34,Type_III,L_Cheek+Forehead
oily36_jpg.rf.efcf72207ec8550188f39808cde9d757.jpg,Flushing,129.55,146.2,146.24,2.52,Type_V,R_Cheek+L_Cheek+Forehead
oily42_jpg.rf.85638078c6a9d7cd0aab262987d8d0ad.jpg,Flushing,166.68,142.68,143.92,43.99,Type_II,R_Cheek+Forehead
oily48_jpg.rf.b213403caf2837545ed9c8ed8031aeeb.jpg,Flushing,196.03,138.52,140.53,65.0,Type_I,R_Cheek+L_Cheek+Forehead
oily49_jpg.rf.9e392da96e6ca8559eee5d9544f4cf2c.jpg,Flushing,158.76,137.79,150.73,28.33,Type_III,R_Cheek+L_Cheek+Forehead
oily52_jpg.rf.ae5cbeaaf94b29765276e4bdf0d47c85.jpg,Flushing,188.69,142.74,141.5,60.63,Type_I,R_Cheek+L_Cheek
oily58_jpg.rf.d35bb197b96105c952dd9804dd7ca2f9.jpg,Flushing,173.85,150.12,149.16,40.67,Type_III,L_Cheek+Forehead
oily59_jpg.rf.0f594a127194f15d6a973cb06cffb0cb.jpg,Flushing,195.34,139.05,141.33,63.39,Type_I,R_Cheek+L_Cheek+Forehead
oily5_jpg.rf.ca333af80bc5b3898d4e8c70e7a161ea.jpg,Flushing,86.79,140.95,137.39,-59.53,Type_VI,R_Cheek+L_Cheek+Forehead
oily6_jpg.rf.76890812f7e8adc0d82db58286e6d39c.jpg,Flushing,197.77,140.57,142.89,61.62,Type_I,R_Cheek+Forehead
oily7_jpg.rf.f591a7038c278475a4dd56c41d10fe85.jpg,Flushing,215.98,137.37,141.17,69.22,Type_I,R_Cheek+L_Cheek+Forehead
oily8_jpg.rf.4360d3322212bdfeaf39f7bdcbeb6751.jpg,Flushing,201.43,140.21,142.03,64.18,Type_I,R_Cheek+L_Cheek+Forehead
oily9_jpg.rf.5c4e8e6fbdc14bae0e6b29ab1d1e36f2.jpg,Flushing,173.07,145.07,145.98,44.83,Type_II,L_Cheek+Forehead
perioral-dermatitis-101.jpg,Flushing,118.39,153.6,134.07,-30.48,Type_VI,R_Cheek+L_Cheek+Forehead
perioral-dermatitis-105.jpg,Flushing,150.87,150.23,131.43,69.48,Type_I,R_Cheek+L_Cheek+Forehead
perioral-dermatitis-106.jpg,Flushing,103.22,147.62,132.98,-62.37,Type_VI,R_Cheek+L_Cheek+Forehead
perioral-dermatitis-122.jpg,Flushing,143.09,131.69,132.25,55.2,Type_I,R_Cheek+L_Cheek+Forehead
perioral-dermatitis-123.jpg,Flushing,127.87,140.38,145.77,0.47,Type_V,R_Cheek+L_Cheek+Forehead
perioral-dermatitis-125.jpg,Flushing,125.44,144.55,147.6,-2.36,Type_V,R_Cheek+L_Cheek
perioral-dermatitis-132.jpg,Flushing,149.63,144.54,139.24,37.66,Type_III,R_Cheek+L_Cheek
perioral-dermatitis-137.jpg,Flushing,142.04,131.82,132.14,54.03,Type_II,R_Cheek+L_Cheek+Forehead
perioral-dermatitis-138.jpg,Flushing,134.0,138.14,147.48,7.45,Type_V,R_Cheek+L_Cheek+Forehead
perioral-dermatitis-140.jpg,Flushing,148.0,143.53,150.73,19.48,Type_IV,R_Cheek+L_Cheek+Forehead
perioral-dermatitis-141.jpg,Flushing,132.43,142.44,138.23,10.7,Type_IV,R_Cheek+L_Cheek
perioral-dermatitis-16.jpg,Flushing,121.18,142.67,143.0,-9.39,Type_V,R_Cheek+L_Cheek+Forehead
perioral-dermatitis-17.jpg,Flushing,140.64,143.63,143.98,17.87,Type_IV,R_Cheek+L_Cheek+Forehead
perioral-dermatitis-19.jpg,Flushing,127.68,143.17,145.97,0.23,Type_V,R_Cheek+L_Cheek
perioral-dermatitis-20.jpg,Flushing,135.99,144.22,147.98,9.46,Type_V,R_Cheek+L_Cheek+Forehead
perioral-dermatitis-26.jpg,Flushing,95.18,140.73,142.51,-41.13,Type_VI,R_Cheek+L_Cheek+Forehead
perioral-dermatitis-31.jpg,Flushing,109.43,142.26,136.49,-39.86,Type_VI,R_Cheek+L_Cheek
perioral-dermatitis-36.jpg,Flushing,156.47,148.08,142.75,37.6,Type_III,R_Cheek+L_Cheek+Forehead
perioral-dermatitis-38.jpg,Flushing,133.36,144.11,134.81,18.65,Type_IV,R_Cheek+L_Cheek
perioral-dermatitis-39.jpg,Flushing,133.75,148.48,135.27,18.62,Type_IV,R_Cheek+L_Cheek
perioral-dermatitis-40.jpg,Flushing,153.0,141.56,139.95,39.93,Type_III,R_Cheek+L_Cheek
perioral-dermatitis-45.jpg,Flushing,128.08,145.36,136.24,1.58,Type_V,R_Cheek+L_Cheek
perioral-dermatitis-48.jpg,Flushing,112.21,145.12,133.98,-45.06,Type_VI,R_Cheek+L_Cheek
perioral-dermatitis-51.jpg,Flushing,123.79,147.56,138.0,-8.27,Type_V,R_Cheek+L_Cheek+Forehead
perioral-dermatitis-52.jpg,Flushing,131.91,143.88,143.03,6.56,Type_V,R_Cheek+L_Cheek
perioral-dermatitis-94.jpg,Flushing,127.68,144.12,137.47,0.44,Type_V,R_Cheek+L_Cheek+Forehead
perioral-dermatitis-99.jpg,Flushing,141.21,142.83,137.59,29.28,Type_III,R_Cheek+L_Cheek
persistent-erythema_3249_jpg.rf.ceee57b74db4f270fac190834ad55399.jpg,Flushing,145.28,156.54,155.1,14.43,Type_IV,L_Cheek+Forehead
pro04_sec03_png.rf.f85679a7727179b6f4e3a547a72d761a.jpg,Flushing,175.83,144.8,137.35,63.74,Type_I,R_Cheek+Forehead
rosacea-101.jpg,Flushing,97.2,142.08,132.68,-68.51,Type_VI,R_Cheek+L_Cheek+Forehead
rosacea-105.jpg,Flushing,120.29,137.23,146.7,-8.6,Type_V,R_Cheek+L_Cheek+Forehead
rosacea-108.jpg,Flushing,112.24,134.24,128.24,-87.67,Type_VI,R_Cheek+L_Cheek+Forehead
rosacea-109.jpg,Flushing,102.73,139.25,148.1,-25.79,Type_V,R_Cheek+L_Cheek+Forehead
rosacea-113.jpg,Flushing,134.42,139.82,146.56,8.31,Type_V,R_Cheek+L_Cheek+Forehead
rosacea-114.jpg,Flushing,129.69,149.08,147.3,2.54,Type_V,R_Cheek+L_Cheek+Forehead
rosacea-115.jpg,Flushing,118.44,142.49,139.73,-16.85,Type_V,R_Cheek+L_Cheek+Forehead
rosacea-116.jpg,Flushing,136.58,135.85,133.92,31.0,Type_III,R_Cheek+L_Cheek+Forehead
rosacea-12.jpg,Flushing,153.32,139.81,136.64,49.53,Type_II,R_Cheek+L_Cheek+Forehead
rosacea-13.jpg,Flushing,126.28,140.0,138.6,-2.58,Type_V,R_Cheek+L_Cheek+Forehead
rosacea-14.jpg,Flushing,137.13,142.28,139.14,18.73,Type_IV,R_Cheek+L_Cheek+Forehead
rosacea-15.jpg,Flushing,97.73,138.59,136.87,-52.77,Type_VI,R_Cheek+L_Cheek+Forehead
rosacea-24.jpg,Flushing,108.58,142.87,136.79,-40.17,Type_VI,R_Cheek+L_Cheek+Forehead
rosacea-25.jpg,Flushing,132.85,146.57,137.3,12.72,Type_IV,R_Cheek+L_Cheek+Forehead
rosacea-26.jpg,Flushing,129.16,144.76,135.35,5.05,Type_V,R_Cheek+L_Cheek+Forehead
rosacea-33.jpg,Flushing,141.26,141.59,141.76,21.42,Type_IV,R_Cheek+L_Cheek+Forehead
rosacea-37.jpg,Flushing,107.25,146.95,137.4,-40.2,Type_VI,R_Cheek+L_Cheek+Forehead
rosacea-38.jpg,Flushing,122.49,147.11,139.87,-9.4,Type_V,R_Cheek+L_Cheek+Forehead
rosacea-39.jpg,Flushing,132.65,149.53,141.64,8.43,Type_V,L_Cheek+Forehead
rosacea-40.jpg,Flushing,165.3,141.14,129.49,84.27,Type_I,R_Cheek+Forehead
rosacea-41.jpg,Flushing,111.05,135.11,128.19,-88.31,Type_VI,R_Cheek+L_Cheek+Forehead
rosacea-43.jpg,Flushing,122.27,136.09,127.34,72.22,Type_I,R_Cheek+L_Cheek+Forehead
rosacea-44.jpg,Flushing,101.24,134.59,128.54,-87.01,Type_VI,R_Cheek+L_Cheek+Forehead
rosacea-46.jpg,Flushing,125.44,147.13,149.13,-2.19,Type_V,R_Cheek+Forehead
rosacea-47.jpg,Flushing,115.19,136.64,142.69,-18.19,Type_V,R_Cheek+L_Cheek+Forehead
rosacea-50.jpg,Flushing,155.39,132.94,137.61,48.71,Type_II,R_Cheek+L_Cheek+Forehead
rosacea-51.jpg,Flushing,140.33,135.16,143.71,17.75,Type_IV,R_Cheek+L_Cheek+Forehead
rosacea-52.jpg,Flushing,137.3,134.67,137.37,22.29,Type_IV,R_Cheek+L_Cheek+Forehead
rosacea-53.jpg,Flushing,125.08,138.86,134.11,-8.84,Type_V,R_Cheek+L_Cheek+Forehead
rosacea-54.jpg,Flushing,164.44,135.93,131.89,74.95,Type_I,R_Cheek+L_Cheek+Forehead
rosacea-55.jpg,Flushing,125.18,138.94,135.28,-7.13,Type_V,R_Cheek+L_Cheek+Forehead
rosacea-56.jpg,Flushing,104.31,143.23,136.28,-47.67,Type_VI,R_Cheek+L_Cheek+Forehead
rosacea-57.jpg,Flushing,107.51,139.8,131.65,-65.01,Type_VI,R_Cheek+L_Cheek+Forehead
rosacea-58.jpg,Flushing,130.64,142.82,114.23,-5.11,Type_V,R_Cheek+L_Cheek+Forehead
rosacea-59.jpg,Flushing,126.37,137.79,137.6,-2.65,Type_V,R_Cheek+L_Cheek+Forehead
rosacea-60.jpg,Flushing,164.87,135.43,130.77,79.3,Type_I,R_Cheek+L_Cheek+Forehead
rosacea-61.jpg,Flushing,129.49,134.7,129.09,35.59,Type_III,R_Cheek+L_Cheek+Forehead
rosacea-63.jpg,Flushing,162.69,137.38,135.44,61.68,Type_I,R_Cheek+L_Cheek+Forehead
rosacea-64.jpg,Flushing,171.94,137.75,129.41,85.38,Type_I,R_Cheek+L_Cheek+Forehead
rosacea-65.jpg,Flushing,125.48,136.12,127.79,75.31,Type_I,R_Cheek+L_Cheek+Forehead
rosacea-68.jpg,Flushing,148.81,137.67,146.84,23.92,Type_IV,R_Cheek+L_Cheek+Forehead
rosacea-70.jpg,Flushing,102.39,133.79,133.2,-62.16,Type_VI,R_Cheek+L_Cheek+Forehead
rosacea-74.jpg,Flushing,114.69,135.74,131.61,-54.26,Type_VI,R_Cheek+L_Cheek+Forehead
rosacea-75.jpg,Flushing,141.19,138.36,132.74,48.57,Type_II,R_Cheek+L_Cheek+Forehead
rosacea-78.jpg,Flushing,126.73,135.74,128.47,-32.65,Type_VI,R_Cheek+L_Cheek+Forehead
rosacea-79.jpg,Flushing,141.02,135.02,129.95,69.78,Type_I,R_Cheek+L_Cheek+Forehead
rosacea-80.jpg,Flushing,103.97,143.83,137.8,-43.26,Type_VI,R_Cheek+L_Cheek+Forehead
rosacea-81.jpg,Flushing,161.78,135.33,130.68,78.74,Type_I,L_Cheek+Forehead
rosacea-94.jpg,Flushing,170.09,137.16,131.26,78.96,Type_I,R_Cheek+L_Cheek+Forehead
rosacea-95.jpg,Flushing,141.63,135.93,130.53,65.44,Type_I,R_Cheek+L_Cheek+Forehead
rosacea-96.jpg,Flushing,122.48,130.94,130.72,-35.89,Type_VI,R_Cheek+L_Cheek+Forehead
rosacea-97.jpg,Flushing,126.52,139.64,135.13,-3.09,Type_V,R_Cheek+L_Cheek+Forehead
rosacea-98.jpg,Flushing,81.87,141.23,139.64,-56.95,Type_VI,R_Cheek+L_Cheek+Forehead
rosacea-99.jpg,Flushing,111.29,133.11,127.46,85.13,Type_I,R_Cheek+L_Cheek+Forehead
Screenshot-2023-03-29-144401_png.rf.46cd1ad21ec14903e7150e29dc132751.jpg,Flushing,176.91,144.95,146.13,46.91,Type_II,L_Cheek+Forehead
Screenshot-2023-03-29-144433_png.rf.1508f8085ec0f83de7bc3f69d2eacb19.jpg,Flushing,167.75,142.08,144.62,43.53,Type_II,R_Cheek+L_Cheek+Forehead
Screenshot-2023-03-29-144534_png.rf.ad95dac391131cd236a960643c2848ee.jpg,Flushing,158.86,145.88,138.38,49.83,Type_II,R_Cheek+L_Cheek+Forehead
Screenshot-2023-03-29-145456_png.rf.5d3891bd40997975f2a646840ad8dc49.jpg,Flushing,137.31,155.39,144.32,13.26,Type_IV,L_Cheek+Forehead
Screenshot-2023-03-29-145623_png.rf.899cc55c924ecd780adb197e3848a58c.jpg,Flushing,166.87,146.79,138.11,56.77,Type_I,R_Cheek+L_Cheek+Forehead
Screenshot-2023-03-29-145645_png.rf.466409b8f5d9c4b516410440b2546a5d.jpg,Flushing,161.36,149.43,135.19,61.55,Type_I,L_Cheek+Forehead
Screenshot_2_png.rf.bd8c70e9cd4166e6d573376cf572caa1.jpg,Flushing,121.85,148.72,153.35,-5.0,Type_V,L_Cheek+Forehead
Screenshot_34_png.rf.927d42a0c52b92455f93cff5b6261f53.jpg,Flushing,151.82,145.15,138.55,42.12,Type_II,R_Cheek+L_Cheek+Forehead
Screenshot_3_png.rf.493eaf889fac923a4a884f8069e14495.jpg,Flushing,191.11,151.41,138.53,67.11,Type_I,R_Cheek+L_Cheek+Forehead
shutterstock_1545102416_jpg.rf.30f47e0bfdfd3e87e2a794149158ceac.jpg,Flushing,166.94,141.6,137.22,59.2,Type_I,R_Cheek+Forehead
Skin-Redness_jpg.rf.8dff0dbf21097c83d9917c4dde33568a.jpg,Flushing,177.71,146.66,151.63,39.81,Type_III,L_Cheek+Forehead
_1495410572_jpg.rf.f1934277db264eb66f6d0e912e9bdebc.jpg,Flushing,176.11,148.94,151.91,38.56,Type_III,R_Cheek+Forehead
_1892688412_jpg.rf.3896e7d4bdb3df0e356a98365da2f799.jpg,Flushing,158.8,146.11,142.36,40.53,Type_III,L_Cheek+Forehead
_2094077383_jpg.rf.c42b2c1599c714b3e7d2c810327c0638.jpg,Flushing,187.25,144.01,143.94,55.78,Type_I,L_Cheek+Forehead
_2250439467_jpg.rf.3a110c2e1deabd44da74625e60eafe52.jpg,Flushing,169.3,147.05,139.62,54.65,Type_II,R_Cheek+L_Cheek+Forehead
_2265062407_jpg.rf.03f63e3faf745520525c1a449fd99dc0.jpg,Flushing,201.8,149.86,138.19,70.73,Type_I,L_Cheek+Forehead