Filename,Label,L_mean,A_mean,B_mean,ITA_Angle,Fitzpatrick
100.jpg,Normal,188.69,142.95,139.11,65.15,Type_I
1000.jpg,Normal,111.12,144.58,128.72,-83.62,Type_VI
10005.jpg,Normal,58.29,141.11,137.03,-71.6,Type_VI
10006.jpg,Normal,81.43,143.82,144.78,-47.11,Type_VI
10010.jpg,Normal,78.08,129.73,136.72,-65.77,Type_VI
10065.jpg,Normal,148.81,143.21,152.1,19.12,Type_IV
10096.jpg,Normal,92.9,157.52,150.91,-30.64,Type_VI
10100.jpg,Normal,183.0,140.05,144.46,52.91,Type_II
10101.jpg,Normal,87.38,128.0,128.0,-90.0,Type_VI
10111.jpg,Normal,176.42,147.59,160.37,30.65,Type_III
10124.jpg,Normal,196.86,140.03,140.42,65.45,Type_I
10161.jpg,Normal,112.26,128.0,128.0,-90.0,Type_VI
10163.jpg,Normal,66.85,139.92,133.72,-76.47,Type_VI
10165.jpg,Normal,114.52,143.12,144.48,-17.16,Type_V
10167.jpg,Normal,178.41,141.33,144.82,49.88,Type_II
10168.jpg,Normal,109.27,139.95,137.27,-37.64,Type_VI
10172.jpg,Normal,176.5,140.17,146.12,46.68,Type_II
10178.jpg,Normal,173.28,135.47,153.8,34.83,Type_III
10244.jpg,Normal,130.2,142.68,142.62,4.14,Type_V
10273.jpg,Normal,175.36,145.74,183.55,18.67,Type_IV
10274.jpg,Normal,146.31,158.85,156.4,14.56,Type_IV
10277.jpg,Normal,107.7,146.37,149.12,-20.18,Type_V
10278.jpg,Normal,177.94,157.31,153.02,38.32,Type_III
10279.jpg,Normal,184.94,138.41,144.85,53.2,Type_II
10285.jpg,Normal,101.44,146.14,142.43,-35.32,Type_VI
10290.jpg,Normal,94.95,137.2,139.3,-48.48,Type_VI
10291.jpg,Normal,139.62,154.59,156.64,9.43,Type_V
10295.jpg,Normal,80.58,135.05,137.54,-62.59,Type_VI
10376.jpg,Normal,178.44,143.75,115.6,-58.18,Type_VI
10380.jpg,Normal,120.08,135.49,141.6,-12.07,Type_V
10388.jpg,Normal,130.24,144.93,149.17,2.91,Type_V
10522.jpg,Normal,103.85,145.08,139.79,-38.19,Type_VI
10527.jpg,Normal,47.0,140.83,137.25,-73.66,Type_VI
10531.jpg,Normal,112.26,126.75,134.88,-40.98,Type_VI
10533.jpg,Normal,95.97,144.59,147.02,-33.04,Type_VI
10535.jpg,Normal,45.63,131.2,137.64,-73.28,Type_VI
10538.jpg,Normal,119.09,146.02,141.44,-13.78,Type_V
10542.jpg,Normal,206.68,137.95,137.01,73.81,Type_I
10546.jpg,Normal,133.74,143.06,144.41,8.48,Type_V
10633.jpg,Normal,144.97,143.63,140.86,28.04,Type_III
1064.jpg,Normal,142.86,140.55,147.38,17.26,Type_IV
10645.jpg,Normal,114.16,143.19,140.32,-23.01,Type_V
10647.jpg,Normal,40.5,135.11,133.49,-80.86,Type_VI
10648.jpg,Normal,167.73,132.23,144.64,43.47,Type_II
10657.jpg,Normal,144.18,141.08,148.15,17.99,Type_IV
10658.jpg,Normal,124.57,143.06,146.13,-3.62,Type_V
10684.jpg,Normal,100.33,129.14,130.02,-79.27,Type_VI
10709.jpg,Normal,79.48,153.57,145.05,-47.84,Type_VI
10735.jpg,Normal,59.5,136.2,134.68,-75.94,Type_VI
10738.jpg,Normal,142.0,146.0,148.34,15.61,Type_IV
10745.jpg,Normal,152.21,138.95,138.45,42.83,Type_II
10753.jpg,Normal,163.66,141.56,144.33,40.96,Type_III
10837.jpg,Normal,165.84,150.67,151.77,32.32,Type_III
1084.jpg,Normal,160.52,142.28,138.92,49.85,Type_II
10846.jpg,Normal,100.98,133.26,138.35,-45.14,Type_VI
10971.jpg,Normal,108.22,146.62,148.41,-20.33,Type_V
1098.jpg,Normal,168.74,137.84,143.85,45.58,Type_II
10980.jpg,Normal,149.18,142.38,149.59,21.49,Type_IV
10981.jpg,Normal,109.91,145.98,139.09,-31.88,Type_VI
10983.jpg,Normal,136.43,140.71,136.77,21.76,Type_IV
11074.jpg,Normal,128.45,135.89,125.87,-9.87,Type_V
11080.jpg,Normal,112.72,148.37,139.18,-27.39,Type_V
11084.jpg,Normal,108.01,144.38,142.63,-27.58,Type_V
11088.jpg,Normal,131.93,147.28,140.76,7.75,Type_V
1115.jpg,Normal,127.04,147.7,150.28,-0.47,Type_V
11156.jpg,Normal,90.31,137.85,136.16,-60.78,Type_VI
11162.jpg,Normal,157.32,140.34,150.41,27.56,Type_IV
11163.jpg,Normal,182.51,150.06,168.18,28.23,Type_III
11164.jpg,Normal,175.64,139.99,143.67,50.3,Type_II
1117.jpg,Normal,192.54,144.94,146.62,53.87,Type_II
11280.jpg,Normal,89.16,152.77,155.4,-28.75,Type_V
11284.jpg,Normal,167.35,134.19,169.4,20.68,Type_IV
11286.jpg,Normal,157.53,137.83,143.36,37.48,Type_III
11295.jpg,Normal,131.62,155.91,152.18,3.83,Type_V
11370.jpg,Normal,136.49,137.57,138.04,19.34,Type_IV
11439.jpg,Normal,132.76,137.38,133.76,19.71,Type_IV
1144.jpg,Normal,163.9,140.98,142.8,43.96,Type_II
11451.jpg,Normal,143.09,151.19,167.05,8.9,Type_V
11452.jpg,Normal,123.33,128.0,128.0,-90.0,Type_VI
11453.jpg,Normal,106.45,149.51,159.56,-14.66,Type_V
11455.jpg,Normal,156.71,148.84,146.06,32.39,Type_III
11459.jpg,Normal,158.32,155.91,153.59,25.28,Type_IV
11534.jpg,Normal,150.55,144.88,181.88,9.53,Type_V
11538.jpg,Normal,173.06,157.49,163.97,26.41,Type_IV
11540.jpg,Normal,220.21,138.91,133.19,81.87,Type_I
11541.jpg,Normal,105.59,161.37,170.11,-11.53,Type_V
11544.jpg,Normal,142.37,143.86,148.55,15.84,Type_IV
11655.jpg,Normal,107.81,149.99,152.14,-17.73,Type_V
11662.jpg,Normal,122.54,148.21,150.25,-5.0,Type_V
11664.jpg,Normal,118.11,140.76,130.08,-60.51,Type_VI
11666.jpg,Normal,75.42,137.39,142.08,-55.41,Type_VI
11668.jpg,Normal,139.59,141.93,138.8,23.71,Type_IV
11669.jpg,Normal,111.01,143.67,149.31,-16.89,Type_V
11675.jpg,Normal,156.68,139.78,143.9,35.75,Type_III
11680.jpg,Normal,84.42,146.15,136.44,-63.44,Type_VI
11760.jpg,Normal,85.53,153.64,139.25,-55.65,Type_VI
11768.jpg,Normal,90.3,144.77,149.15,-34.6,Type_VI
11776.jpg,Normal,129.92,142.15,141.79,3.94,Type_V
11778.jpg,Normal,132.22,141.08,127.31,-69.6,Type_VI
1186.jpg,Normal,62.98,139.39,140.91,-62.97,Type_VI
11864.jpg,Normal,176.82,154.79,179.04,20.75,Type_IV
11868.jpg,Normal,149.18,137.22,139.26,37.05,Type_III
11877.jpg,Normal,126.47,145.89,151.96,-0.97,Type_V
11879.jpg,Normal,110.46,139.71,129.8,-74.91,Type_VI
1188.jpg,Normal,138.73,141.91,156.61,8.75,Type_V
11882.jpg,Normal,124.28,141.74,144.38,-4.41,Type_V
11953.jpg,Normal,145.68,151.62,149.13,18.65,Type_IV
11957.jpg,Normal,131.12,140.09,140.16,6.66,Type_V
1196.jpg,Normal,25.82,137.23,132.61,-83.4,Type_VI
11965.jpg,Normal,146.44,142.45,141.36,29.06,Type_III
1197.jpg,Normal,185.46,141.46,150.81,44.9,Type_II
12032.jpg,Normal,40.45,141.1,133.75,-80.44,Type_VI
12035.jpg,Normal,179.22,135.39,141.02,57.31,Type_I
12037.jpg,Normal,174.42,144.91,143.12,50.59,Type_II
1204.jpg,Normal,177.08,147.55,151.86,39.17,Type_III
12040.jpg,Normal,177.54,146.24,133.54,74.23,Type_I
12043.jpg,Normal,150.97,136.97,145.66,27.53,Type_IV
12044.jpg,Normal,239.7,131.63,131.2,85.85,Type_I
12048.jpg,Normal,96.9,139.25,155.49,-23.58,Type_V
12049.jpg,Normal,88.31,134.41,134.94,-65.69,Type_VI
12051.jpg,Normal,88.59,144.8,144.52,-42.72,Type_VI
12054.jpg,Normal,94.22,143.73,147.76,-33.44,Type_VI
12056.jpg,Normal,114.01,146.18,150.36,-13.31,Type_V
12140.jpg,Normal,81.71,131.19,137.32,-62.58,Type_VI
12144.jpg,Normal,121.73,140.99,151.47,-5.51,Type_V
12287.jpg,Normal,93.27,136.73,143.16,-41.53,Type_VI
123.jpg,Normal,129.38,146.61,150.93,1.85,Type_V
12403.jpg,Normal,109.62,134.47,152.36,-16.06,Type_V
12407.jpg,Normal,172.32,141.33,153.3,34.79,Type_III
12412.jpg,Normal,157.37,131.18,123.83,-70.43,Type_VI
12415.jpg,Normal,144.13,143.7,136.48,37.55,Type_III
12498.jpg,Normal,97.53,144.74,144.67,-35.2,Type_VI
1250.jpg,Normal,78.7,145.74,152.74,-37.73,Type_VI
12508.jpg,Normal,114.34,140.67,142.66,-19.39,Type_V
12600.jpg,Normal,82.88,141.95,151.86,-36.26,Type_VI
12601.jpg,Normal,94.78,144.68,148.83,-31.63,Type_VI
12612.jpg,Normal,126.79,139.16,147.53,-0.82,Type_V
12615.jpg,Normal,55.49,135.18,135.87,-74.44,Type_VI
12616.jpg,Normal,62.79,134.0,132.91,-79.05,Type_VI
12865.jpg,Normal,50.43,152.01,151.86,-51.71,Type_VI
12878.jpg,Normal,79.86,142.56,143.82,-49.75,Type_VI
12895.jpg,Normal,78.48,135.51,100.26,34.72,Type_III
12999.jpg,Normal,53.69,134.67,129.05,-87.93,Type_VI
130.jpg,Normal,145.85,150.38,160.56,12.46,Type_IV
1300.jpg,Normal,74.37,133.08,131.8,-79.68,Type_VI
13007.jpg,Normal,138.67,140.35,137.4,25.0,Type_IV
13009.jpg,Normal,78.71,138.48,150.98,-39.78,Type_VI
1301.jpg,Normal,142.54,149.33,143.95,20.29,Type_IV
13148.jpg,Normal,157.73,136.62,140.71,43.02,Type_II
13149.jpg,Normal,52.09,138.19,141.55,-65.38,Type_VI
1315.jpg,Normal,97.42,140.13,146.82,-32.07,Type_VI
13150.jpg,Normal,61.14,136.51,129.95,-85.71,Type_VI
13154.jpg,Normal,96.53,140.13,143.34,-38.37,Type_VI
13158.jpg,Normal,76.33,160.28,136.85,-66.2,Type_VI
13164.jpg,Normal,152.63,140.85,138.82,42.32,Type_II
1317.jpg,Normal,127.46,145.92,152.2,-0.04,Type_V
13170.jpg,Normal,185.97,148.13,158.16,37.25,Type_III
13175.jpg,Normal,133.57,155.44,151.02,5.9,Type_V
13253.jpg,Normal,131.84,147.33,148.28,4.8,Type_V
13256.jpg,Normal,139.32,142.12,135.52,31.65,Type_III
13262.jpg,Normal,183.43,144.86,152.38,41.97,Type_II
13263.jpg,Normal,146.44,128.07,134.93,46.96,Type_II
13264.jpg,Normal,127.48,149.02,149.65,-0.03,Type_V
13265.jpg,Normal,103.79,151.29,156.91,-17.83,Type_V
13272.jpg,Normal,189.05,142.27,146.32,52.8,Type_II
13273.jpg,Normal,88.28,146.03,128.17,-89.38,Type_VI
13369.jpg,Normal,128.76,138.59,134.75,4.2,Type_V
13371.jpg,Normal,102.2,152.06,134.85,-55.37,Type_VI
13445.jpg,Normal,192.47,135.5,145.84,55.0,Type_II
13449.jpg,Normal,105.76,144.34,139.91,-35.59,Type_VI
13452.jpg,Normal,103.2,150.32,155.01,-19.43,Type_V
13453.jpg,Normal,102.81,150.81,152.73,-21.38,Type_V
13454.jpg,Normal,168.77,139.94,135.21,65.98,Type_I
13459.jpg,Normal,103.81,161.13,154.58,-19.27,Type_V
1352.jpg,Normal,188.97,139.88,126.92,-87.43,Type_VI
13523.jpg,Normal,21.04,131.67,131.86,-84.72,Type_VI
1353.jpg,Normal,104.34,136.69,142.0,-32.98,Type_VI
13531.jpg,Normal,98.52,147.47,151.21,-26.09,Type_V
13533.jpg,Normal,95.55,141.62,143.75,-38.5,Type_VI
13536.jpg,Normal,123.51,153.86,150.99,-3.89,Type_V
13599.jpg,Normal,189.13,148.16,153.47,43.49,Type_II
136.jpg,Normal,128.7,139.71,159.51,0.86,Type_V
13603.jpg,Normal,202.44,147.48,143.11,62.79,Type_I
13619.jpg,Normal,147.28,140.58,155.89,15.54,Type_IV
13655.jpg,Normal,141.63,144.82,144.07,19.02,Type_IV
13705.jpg,Normal,122.42,143.41,162.95,-3.26,Type_V
1373.jpg,Normal,134.89,141.63,155.49,6.02,Type_V
13730.jpg,Normal,151.49,146.79,144.62,29.51,Type_III
1377.jpg,Normal,84.39,147.47,149.64,-38.01,Type_VI
13817.jpg,Normal,84.04,146.79,143.69,-47.37,Type_VI
13824.jpg,Normal,140.32,154.78,165.66,7.6,Type_V
13828.jpg,Normal,125.47,139.32,126.31,25.2,Type_IV
13838.jpg,Normal,126.72,137.44,149.91,-0.8,Type_V
13846.jpg,Normal,159.99,147.14,148.99,31.25,Type_III
13913.jpg,Normal,187.44,145.11,142.23,58.81,Type_I
13914.jpg,Normal,243.04,131.34,134.34,82.04,Type_I
13916.jpg,Normal,117.32,142.42,137.48,-22.84,Type_V
13924.jpg,Normal,83.03,139.57,140.9,-53.5,Type_VI
14088.jpg,Normal,101.2,143.15,145.79,-30.1,Type_VI
14092.jpg,Normal,135.13,149.12,161.59,5.09,Type_V
14142.jpg,Normal,92.63,161.66,153.67,-28.04,Type_V
14150.jpg,Normal,197.55,142.35,152.08,48.76,Type_II
14156.jpg,Normal,165.72,144.66,143.58,43.89,Type_II
14158.jpg,Normal,90.56,140.5,134.92,-64.47,Type_VI
14159.jpg,Normal,184.26,128.0,128.0,90.0,Type_I
14205.jpg,Normal,33.55,135.33,134.86,-79.45,Type_VI
14256.jpg,Normal,182.51,137.65,143.89,53.63,Type_II
1426.jpg,Normal,71.46,143.17,139.28,-62.84,Type_VI
14260.jpg,Normal,56.28,137.89,130.88,-84.11,Type_VI
14263.jpg,Normal,34.93,136.09,134.36,-80.06,Type_VI
14269.jpg,Normal,114.02,142.37,145.98,-16.39,Type_V
14270.jpg,Normal,114.92,135.79,140.87,-20.98,Type_V
14416.jpg,Normal,138.69,139.27,137.12,25.7,Type_IV
14426.jpg,Normal,101.64,146.22,151.46,-23.38,Type_V
14428.jpg,Normal,55.08,141.95,128.3,-89.4,Type_VI
14558.jpg,Normal,161.54,137.34,146.43,35.92,Type_III
1456.jpg,Normal,178.23,141.9,141.98,54.9,Type_II
14563.jpg,Normal,136.55,151.26,133.11,34.79,Type_III
14567.jpg,Normal,149.83,137.24,153.83,18.72,Type_IV
1457.jpg,Normal,145.14,135.11,130.58,69.52,Type_I
14666.jpg,Normal,117.15,132.29,140.61,-17.85,Type_V
14669.jpg,Normal,125.13,136.04,141.45,-3.95,Type_V
14813.jpg,Normal,116.2,128.0,128.0,-90.0,Type_VI
14816.jpg,Normal,8.95,131.09,130.8,-86.55,Type_VI
14818.jpg,Normal,124.1,149.08,147.96,-3.82,Type_V
14819.jpg,Normal,178.31,134.47,151.15,40.72,Type_III
1482.jpg,Normal,188.01,143.26,135.29,72.92,Type_I
14823.jpg,Normal,132.91,140.72,144.72,7.22,Type_V
14826.jpg,Normal,179.08,143.68,148.07,45.22,Type_II
14827.jpg,Normal,96.88,150.32,146.41,-33.11,Type_VI
14897.jpg,Normal,55.58,139.8,132.48,-80.97,Type_VI
14975.jpg,Normal,143.82,148.2,145.66,19.92,Type_IV
14985.jpg,Normal,237.05,127.37,146.98,66.16,Type_I
14990.jpg,Normal,123.82,148.45,153.7,-3.22,Type_V
14997.jpg,Normal,138.29,143.29,137.84,23.26,Type_IV
14998.jpg,Normal,134.58,152.76,125.53,-48.34,Type_VI
15000.jpg,Normal,131.22,147.93,152.92,3.35,Type_V
15103.jpg,Normal,62.08,149.18,149.94,-49.46,Type_VI
15109.jpg,Normal,109.16,147.7,148.07,-19.72,Type_V
15116.jpg,Normal,128.93,140.26,129.1,26.9,Type_IV
15119.jpg,Normal,146.12,149.67,142.71,26.41,Type_IV
15124.jpg,Normal,90.85,148.1,149.96,-33.21,Type_VI
15222.jpg,Normal,65.68,136.25,135.27,-73.31,Type_VI
15224.jpg,Normal,110.33,155.19,157.25,-12.96,Type_V
15233.jpg,Normal,91.59,140.05,140.89,-47.53,Type_VI
15239.jpg,Normal,119.75,152.21,150.14,-7.82,Type_V
15242.jpg,Normal,137.82,140.51,142.27,15.84,Type_IV
15338.jpg,Normal,168.56,145.62,151.63,34.27,Type_III
15409.jpg,Normal,113.45,153.8,152.34,-12.76,Type_V
15410.jpg,Normal,75.69,139.03,141.66,-56.09,Type_VI
15413.jpg,Normal,64.97,145.86,141.68,-60.85,Type_VI
15553.jpg,Normal,53.46,149.1,145.35,-59.14,Type_VI
15561.jpg,Normal,84.16,149.83,159.78,-28.14,Type_V
15572.jpg,Normal,115.37,138.98,145.53,-15.19,Type_V
15696.jpg,Normal,134.93,146.97,147.82,8.36,Type_V
15700.jpg,Normal,93.42,144.67,144.85,-38.42,Type_VI
15707.jpg,Normal,134.76,137.56,136.52,18.48,Type_IV
15885.jpg,Normal,104.81,148.42,146.94,-25.16,Type_V
15889.jpg,Normal,169.84,128.45,131.68,77.51,Type_I
15890.jpg,Normal,127.94,145.1,150.18,0.44,Type_V
15899.jpg,Normal,209.89,140.71,141.67,67.08,Type_I
15903.jpg,Normal,111.79,133.77,129.71,-74.51,Type_VI
15906.jpg,Normal,102.68,151.93,144.09,-31.17,Type_VI
16001.jpg,Normal,96.57,160.04,158.39,-21.76,Type_V
16002.jpg,Normal,99.84,141.02,146.78,-30.01,Type_VI
16013.jpg,Normal,81.78,139.39,147.21,-43.03,Type_VI
16018.jpg,Normal,74.64,142.4,142.44,-55.13,Type_VI
1602.jpg,Normal,94.18,142.73,147.65,-33.63,Type_VI
16093.jpg,Normal,171.06,147.52,146.83,42.21,Type_II
16094.jpg,Normal,128.55,155.74,162.86,0.68,Type_V
16097.jpg,Normal,73.84,141.29,145.62,-50.06,Type_VI
16103.jpg,Normal,159.74,148.86,155.71,24.52,Type_IV
16104.jpg,Normal,114.28,137.52,146.93,-15.31,Type_V
16109.jpg,Normal,159.56,139.64,133.44,66.62,Type_I
16110.jpg,Normal,61.93,148.74,147.4,-52.97,Type_VI
16119.jpg,Normal,147.63,133.98,140.11,33.11,Type_III
16121.jpg,Normal,119.26,141.17,171.19,-4.28,Type_V
16153.jpg,Normal,161.67,143.93,147.52,34.47,Type_III
16181.jpg,Normal,179.03,143.62,142.05,55.19,Type_I
16221.jpg,Normal,41.34,137.68,135.29,-77.82,Type_VI
16226.jpg,Normal,187.84,146.99,144.98,54.34,Type_II
16245.jpg,Normal,64.23,143.62,144.78,-55.92,Type_VI
16247.jpg,Normal,92.78,139.71,143.06,-42.12,Type_VI
16400.jpg,Normal,56.96,146.45,145.43,-57.79,Type_VI
16405.jpg,Normal,105.26,149.71,144.33,-28.11,Type_V
16407.jpg,Normal,121.91,128.63,132.18,-27.72,Type_V
16410.jpg,Normal,47.22,141.8,138.45,-71.63,Type_VI
16411.jpg,Normal,100.83,145.05,144.12,-32.98,Type_VI
16414.jpg,Normal,198.74,137.47,143.75,60.59,Type_I
16463.jpg,Normal,83.24,144.52,133.89,-71.25,Type_VI
16551.jpg,Normal,98.55,155.69,164.67,-17.2,Type_V
1656.jpg,Normal,112.06,146.48,140.85,-25.23,Type_V
16567.jpg,Normal,151.89,149.6,146.53,27.3,Type_IV
16570.jpg,Normal,96.07,138.01,138.7,-49.03,Type_VI
16573.jpg,Normal,158.6,138.16,142.92,39.27,Type_III
16574.jpg,Normal,126.41,149.04,155.7,-0.88,Type_V
16576.jpg,Normal,149.64,155.95,119.78,-46.57,Type_VI
16620.jpg,Normal,33.06,129.61,127.56,89.31,Type_I
16642.jpg,Normal,129.85,148.57,147.36,2.72,Type_V
16643.jpg,Normal,87.92,144.03,150.78,-34.27,Type_VI
16647.jpg,Normal,154.49,145.46,152.27,23.56,Type_IV
16648.jpg,Normal,96.4,138.07,144.23,-36.93,Type_VI
1666.jpg,Normal,140.28,140.6,145.79,15.73,Type_IV
16661.jpg,Normal,125.65,148.63,150.82,-1.82,Type_V
16748.jpg,Normal,100.16,158.92,163.95,-16.6,Type_V
16750.jpg,Normal,143.04,183.15,188.66,5.74,Type_V
16753.jpg,Normal,148.03,139.26,145.6,24.58,Type_IV
16838.jpg,Normal,91.54,128.0,128.0,-90.0,Type_VI
16844.jpg,Normal,178.41,138.68,145.7,48.44,Type_II
16845.jpg,Normal,82.04,146.42,148.32,-41.26,Type_VI
16851.jpg,Normal,131.36,150.61,163.34,2.45,Type_V
16853.jpg,Normal,133.24,148.66,152.11,5.33,Type_V
16891.jpg,Normal,70.89,142.45,140.38,-60.86,Type_VI
16910.jpg,Normal,136.1,145.68,145.26,11.06,Type_IV
16917.jpg,Normal,134.17,154.75,152.0,6.22,Type_V
16923.jpg,Normal,63.75,140.95,147.82,-51.59,Type_VI
16925.jpg,Normal,131.51,135.42,156.76,3.13,Type_V
17032.jpg,Normal,102.43,143.58,142.76,-33.68,Type_VI
17034.jpg,Normal,98.88,147.3,147.98,-29.33,Type_V
17039.jpg,Normal,137.24,149.85,158.84,7.06,Type_V
1704.jpg,Normal,146.27,138.74,137.08,39.03,Type_III
17046.jpg,Normal,188.35,145.49,137.04,69.26,Type_I
17052.jpg,Normal,102.97,152.08,150.8,-22.87,Type_V
17125.jpg,Normal,27.91,131.61,129.65,-87.58,Type_VI
17134.jpg,Normal,126.02,148.74,150.22,-1.5,Type_V
17139.jpg,Normal,126.73,128.0,128.0,-90.0,Type_VI
17148.jpg,Normal,67.63,146.08,151.43,-45.06,Type_VI
17215.jpg,Normal,99.36,138.75,141.01,-40.3,Type_VI
17319.jpg,Normal,168.77,149.02,144.62,44.24,Type_II
17324.jpg,Normal,92.28,147.2,146.3,-37.04,Type_VI
17443.jpg,Normal,84.29,137.94,136.7,-62.82,Type_VI
1745.jpg,Normal,126.15,156.7,148.43,-1.48,Type_V
17451.jpg,Normal,158.71,148.29,151.09,27.92,Type_IV
17455.jpg,Normal,134.69,141.01,141.98,11.4,Type_IV
17462.jpg,Normal,100.72,150.73,151.14,-24.41,Type_V
17591.jpg,Normal,117.2,147.78,151.85,-9.62,Type_V
17598.jpg,Normal,171.5,145.26,144.46,46.35,Type_II
17603.jpg,Normal,115.12,147.92,146.89,-14.41,Type_V
17604.jpg,Normal,173.95,131.23,138.16,60.86,Type_I
1761.jpg,Normal,161.11,144.16,143.58,40.23,Type_III
1768.jpg,Normal,74.0,135.28,140.57,-59.06,Type_VI
17688.jpg,Normal,152.96,127.48,133.08,63.02,Type_I
177.jpg,Normal,119.48,134.57,150.59,-7.92,Type_V
17708.jpg,Normal,174.75,138.34,137.23,63.52,Type_I
17745.jpg,Normal,115.82,146.97,145.99,-14.29,Type_V
17746.jpg,Normal,99.61,141.82,141.09,-39.89,Type_VI
17749.jpg,Normal,70.47,152.31,152.69,-42.17,Type_VI
17761.jpg,Normal,87.75,139.71,154.04,-30.91,Type_VI
17762.jpg,Normal,75.56,133.97,138.56,-62.6,Type_VI
1784.jpg,Normal,108.23,141.97,140.95,-30.26,Type_VI
17844.jpg,Normal,114.74,128.51,149.94,-12.85,Type_V
17857.jpg,Normal,210.42,140.75,148.11,58.26,Type_I
1786.jpg,Normal,139.1,149.12,143.57,16.29,Type_IV
17862.jpg,Normal,62.48,138.71,141.39,-62.29,Type_VI
17863.jpg,Normal,145.85,145.52,149.27,18.7,Type_IV
17900.jpg,Normal,127.33,136.57,130.3,-1.64,Type_V
17905.jpg,Normal,110.92,144.47,140.37,-27.71,Type_V
17915.jpg,Normal,198.52,141.54,137.17,71.78,Type_I
17919.jpg,Normal,92.56,142.82,135.08,-62.67,Type_VI
17922.jpg,Normal,164.58,138.71,135.34,63.21,Type_I
1803.jpg,Normal,184.3,137.35,129.81,85.35,Type_I
18031.jpg,Normal,163.4,144.09,134.06,66.72,Type_I
18032.jpg,Normal,140.29,138.55,142.75,18.78,Type_IV
18034.jpg,Normal,202.18,136.11,176.98,30.88,Type_III
18039.jpg,Normal,174.45,150.59,150.22,39.65,Type_III
18047.jpg,Normal,131.99,146.23,151.53,4.28,Type_V
18113.jpg,Normal,139.38,142.68,137.59,25.9,Type_IV
18119.jpg,Normal,68.01,142.62,141.47,-59.99,Type_VI
18129.jpg,Normal,145.33,154.89,150.47,17.29,Type_IV
18133.jpg,Normal,61.03,138.16,139.34,-66.49,Type_VI
18139.jpg,Normal,137.02,148.46,152.66,8.61,Type_V
18303.jpg,Normal,125.04,144.7,147.28,-2.87,Type_V
18307.jpg,Normal,133.89,144.57,141.75,10.32,Type_IV
18310.jpg,Normal,186.71,138.37,131.26,82.01,Type_I
18315.jpg,Normal,49.35,140.79,146.12,-59.41,Type_VI
18318.jpg,Normal,174.38,134.22,148.09,42.46,Type_II
18321.jpg,Normal,110.05,150.21,157.05,-13.26,Type_V
18326.jpg,Normal,100.23,143.52,145.81,-30.98,Type_VI
18452.jpg,Normal,171.07,151.06,150.76,36.9,Type_III
18453.jpg,Normal,212.06,139.66,138.44,72.52,Type_I
18456.jpg,Normal,61.82,133.34,139.38,-66.16,Type_VI
18466.jpg,Normal,127.88,148.75,179.93,0.16,Type_V
18469.jpg,Normal,80.79,140.55,144.66,-47.72,Type_VI
1855.jpg,Normal,125.16,128.0,128.0,-90.0,Type_VI
18550.jpg,Normal,156.19,145.64,153.34,23.94,Type_IV
18633.jpg,Normal,132.93,146.05,149.05,5.77,Type_V
18636.jpg,Normal,112.33,135.99,144.37,-19.98,Type_V
18638.jpg,Normal,30.52,140.11,135.36,-79.04,Type_VI
18721.jpg,Normal,130.55,151.73,151.0,2.97,Type_V
18886.jpg,Normal,143.8,138.04,141.57,25.21,Type_IV
18889.jpg,Normal,81.56,140.74,138.14,-60.62,Type_VI
18984.jpg,Normal,125.96,138.42,152.33,-1.42,Type_V
18985.jpg,Normal,81.38,148.22,152.23,-36.74,Type_VI
18986.jpg,Normal,118.21,146.79,153.58,-8.11,Type_V
18988.jpg,Normal,136.17,139.29,160.02,6.06,Type_V
1899.jpg,Normal,65.31,135.0,134.26,-75.61,Type_VI
18991.jpg,Normal,125.36,147.43,148.03,-2.39,Type_V
18994.jpg,Normal,68.47,141.47,146.4,-51.52,Type_VI
18997.jpg,Normal,148.05,145.58,127.32,-85.16,Type_VI
18999.jpg,Normal,112.23,139.66,143.42,-21.22,Type_V
190.jpg,Normal,96.76,142.55,135.5,-58.11,Type_VI
19007.jpg,Normal,113.45,147.06,146.8,-16.34,Type_V
19102.jpg,Normal,123.57,144.47,138.81,-8.11,Type_V
19104.jpg,Normal,106.02,128.91,128.82,-84.46,Type_VI
19111.jpg,Normal,114.84,128.0,128.0,-90.0,Type_VI
19117.jpg,Normal,48.37,151.66,124.58,83.72,Type_I
19120.jpg,Normal,162.78,148.66,153.38,28.6,Type_III
19125.jpg,Normal,168.61,143.81,150.12,36.09,Type_III
19203.jpg,Normal,76.19,134.79,136.16,-67.94,Type_VI
19217.jpg,Normal,204.16,142.75,149.48,54.45,Type_II
19219.jpg,Normal,126.8,156.62,161.33,-0.47,Type_V
19225.jpg,Normal,125.37,144.98,145.12,-2.8,Type_V
19227.jpg,Normal,104.88,133.65,136.9,-44.89,Type_VI
19232.jpg,Normal,118.54,141.14,150.32,-8.95,Type_V
1926.jpg,Normal,88.13,142.88,139.35,-53.67,Type_VI
19291.jpg,Normal,73.06,122.93,147.83,-47.11,Type_VI
19298.jpg,Normal,90.47,151.82,149.69,-33.8,Type_VI
193.jpg,Normal,161.2,152.56,160.16,22.34,Type_IV
19418.jpg,Normal,119.94,148.19,138.97,-15.12,Type_V
19419.jpg,Normal,84.96,170.62,165.68,-23.88,Type_V
19469.jpg,Normal,168.41,147.64,153.43,32.25,Type_III
19530.jpg,Normal,123.56,148.62,149.81,-4.05,Type_V
19532.jpg,Normal,164.56,132.22,136.89,58.56,Type_I
19536.jpg,Normal,112.48,143.28,148.56,-15.98,Type_V
19541.jpg,Normal,148.62,140.24,148.54,21.96,Type_IV
19547.jpg,Normal,114.68,133.46,130.04,-67.95,Type_VI
19594.jpg,Normal,129.09,156.95,144.59,2.15,Type_V
19610.jpg,Normal,148.47,145.59,148.06,22.29,Type_IV
19611.jpg,Normal,115.59,154.58,137.45,-26.3,Type_V
19616.jpg,Normal,153.67,151.15,154.1,21.46,Type_IV
19623.jpg,Normal,84.95,158.05,163.67,-25.07,Type_V
19627.jpg,Normal,115.33,135.07,138.89,-23.68,Type_V
19628.jpg,Normal,71.89,130.84,139.76,-61.67,Type_VI
19629.jpg,Normal,105.83,149.62,165.28,-12.84,Type_V
19673.jpg,Normal,31.28,146.77,145.06,-65.68,Type_VI
19721.jpg,Normal,176.46,135.84,138.69,60.89,Type_I
19726.jpg,Normal,145.74,130.93,153.71,15.54,Type_IV
1973.jpg,Normal,109.14,137.99,153.55,-15.74,Type_V
19730.jpg,Normal,84.44,134.8,148.71,-39.19,Type_VI
19736.jpg,Normal,156.89,128.0,128.0,90.0,Type_I
19743.jpg,Normal,107.0,137.6,144.35,-26.18,Type_V
19748.jpg,Normal,138.65,147.21,145.35,14.15,Type_IV
19894.jpg,Normal,120.91,138.59,157.12,-5.07,Type_V
19895.jpg,Normal,122.6,138.0,137.11,-11.9,Type_V
19897.jpg,Normal,163.94,132.81,131.36,76.77,Type_I
19898.jpg,Normal,82.39,148.97,136.37,-64.69,Type_VI
19910.jpg,Normal,176.21,144.78,152.42,38.03,Type_III
20001.jpg,Normal,97.66,136.73,145.8,-33.31,Type_VI
20017.jpg,Normal,160.83,143.61,143.59,39.97,Type_III
20022.jpg,Normal,106.98,128.0,128.0,-90.0,Type_VI
20023.jpg,Normal,118.86,139.89,142.64,-13.03,Type_V
20118.jpg,Normal,54.39,141.05,144.66,-59.83,Type_VI
20119.jpg,Normal,77.95,140.0,137.25,-64.53,Type_VI
20128.jpg,Normal,156.15,140.91,139.3,44.83,Type_II
20129.jpg,Normal,87.03,136.48,153.2,-32.2,Type_VI
20246.jpg,Normal,93.27,145.79,144.71,-38.79,Type_VI
20247.jpg,Normal,165.89,132.34,150.27,34.06,Type_III
20250.jpg,Normal,213.71,138.35,132.71,82.07,Type_I
20251.jpg,Normal,151.0,141.16,156.25,18.06,Type_IV
20254.jpg,Normal,161.41,145.38,145.08,37.91,Type_III
20262.jpg,Normal,83.08,142.76,133.37,-72.86,Type_VI
20268.jpg,Normal,131.72,137.03,137.74,9.66,Type_V
20270.jpg,Normal,57.93,139.84,139.22,-67.64,Type_VI
20273.jpg,Normal,82.61,134.07,141.16,-53.22,Type_VI
20389.jpg,Normal,36.29,142.29,141.76,-68.96,Type_VI
20394.jpg,Normal,176.98,145.72,151.8,39.19,Type_III
2040.jpg,Normal,99.44,155.84,166.4,-15.99,Type_V
20404.jpg,Normal,150.82,144.73,150.77,21.88,Type_IV
20492.jpg,Normal,121.68,137.7,137.11,-14.07,Type_V
20495.jpg,Normal,110.77,145.18,155.53,-13.41,Type_V
20499.jpg,Normal,117.97,146.18,142.19,-14.76,Type_V
20506.jpg,Normal,164.16,141.08,113.3,-44.36,Type_VI
20513.jpg,Normal,124.37,139.09,144.52,-4.25,Type_V
2052.jpg,Normal,88.82,141.56,145.41,-41.07,Type_VI
20520.jpg,Normal,96.02,142.27,144.42,-36.93,Type_VI
20612.jpg,Normal,118.14,140.86,139.55,-17.62,Type_V
20614.jpg,Normal,46.89,135.57,137.35,-73.52,Type_VI
20622.jpg,Normal,119.15,154.75,158.62,-6.1,Type_V
20628.jpg,Normal,93.57,147.34,153.0,-28.03,Type_V
20775.jpg,Normal,112.83,144.88,153.69,-12.63,Type_V
20784.jpg,Normal,182.82,128.0,128.0,90.0,Type_I
2079.jpg,Normal,175.62,147.41,148.2,43.04,Type_II
20794.jpg,Normal,78.85,139.86,135.27,-69.13,Type_VI
20922.jpg,Normal,157.78,152.61,119.42,-54.14,Type_VI
20927.jpg,Normal,158.87,155.01,150.37,28.81,Type_III
21056.jpg,Normal,174.44,142.34,142.05,52.64,Type_II
21060.jpg,Normal,117.98,139.34,132.71,-38.42,Type_VI
21065.jpg,Normal,78.01,137.35,131.2,-80.63,Type_VI
21066.jpg,Normal,71.68,147.06,144.66,-52.73,Type_VI
21242.jpg,Normal,187.15,148.64,147.05,50.84,Type_II
21311.jpg,Normal,92.84,135.26,130.92,-77.87,Type_VI
21319.jpg,Normal,115.21,140.76,140.88,-20.51,Type_V
21330.jpg,Normal,98.01,141.7,143.99,-35.87,Type_VI
21368.jpg,Normal,73.52,138.87,138.69,-63.21,Type_VI
21369.jpg,Normal,182.08,144.38,145.59,50.59,Type_II
21372.jpg,Normal,110.37,147.28,152.35,-15.42,Type_V
21468.jpg,Normal,76.22,138.84,146.03,-48.12,Type_VI
21469.jpg,Normal,90.21,145.89,139.24,-52.46,Type_VI
21488.jpg,Normal,135.36,139.34,130.5,50.97,Type_II
2149.jpg,Normal,91.13,145.62,150.25,-32.66,Type_VI
21582.jpg,Normal,98.38,133.21,145.82,-32.65,Type_VI
21588.jpg,Normal,77.07,139.86,134.59,-71.57,Type_VI
2159.jpg,Normal,66.91,136.55,141.21,-60.93,Type_VI
21596.jpg,Normal,173.53,142.89,150.3,38.99,Type_III
21597.jpg,Normal,72.66,140.18,140.29,-60.25,Type_VI
21598.jpg,Normal,116.02,145.81,136.1,-29.08,Type_V
21600.jpg,Normal,102.49,162.33,118.14,44.86,Type_II
2161.jpg,Normal,176.29,131.3,134.08,72.38,Type_I
21722.jpg,Normal,95.57,140.48,145.12,-36.19,Type_VI
21724.jpg,Normal,151.08,146.13,151.55,21.44,Type_IV
21726.jpg,Normal,133.97,142.73,139.57,12.36,Type_IV
21728.jpg,Normal,105.61,143.11,134.66,-52.2,Type_VI
2173.jpg,Normal,61.45,135.28,146.94,-53.83,Type_VI
21738.jpg,Normal,81.01,141.35,144.42,-47.98,Type_VI
21864.jpg,Normal,67.77,142.45,143.0,-57.36,Type_VI
21869.jpg,Normal,95.17,141.35,150.09,-29.86,Type_V
2187.jpg,Normal,71.73,135.28,147.25,-48.65,Type_VI
21875.jpg,Normal,188.23,141.37,180.3,24.48,Type_IV
21877.jpg,Normal,137.59,147.13,142.79,14.97,Type_IV
21882.jpg,Normal,75.4,137.57,136.39,-67.68,Type_VI
21884.jpg,Normal,45.98,127.87,128.47,-89.16,Type_VI
21885.jpg,Normal,68.07,128.0,128.0,-90.0,Type_VI
21886.jpg,Normal,89.97,145.53,149.0,-35.03,Type_VI
21888.jpg,Normal,141.34,143.31,140.58,23.34,Type_IV
22000.jpg,Normal,132.57,139.06,140.84,8.8,Type_V
22012.jpg,Normal,161.28,138.64,155.17,25.99,Type_IV
22013.jpg,Normal,102.64,138.11,137.83,-44.77,Type_VI
22014.jpg,Normal,173.53,129.39,137.55,62.11,Type_I
22018.jpg,Normal,91.98,141.13,142.55,-43.75,Type_VI
22020.jpg,Normal,181.16,151.13,148.02,46.43,Type_II
22115.jpg,Normal,117.93,140.58,137.97,-20.63,Type_V
22126.jpg,Normal,193.61,134.4,145.73,55.63,Type_I
22133.jpg,Normal,184.07,135.51,140.51,60.59,Type_I
22235.jpg,Normal,70.86,138.5,137.2,-67.5,Type_VI
22238.jpg,Normal,129.05,128.85,137.16,3.8,Type_V
22239.jpg,Normal,87.58,144.19,153.39,-31.66,Type_VI
22240.jpg,Normal,132.29,153.86,155.0,3.98,Type_V
22244.jpg,Normal,131.45,137.02,154.8,3.3,Type_V
22330.jpg,Normal,119.61,154.96,157.71,-5.95,Type_V
22344.jpg,Normal,90.31,145.2,138.64,-53.9,Type_VI
22410.jpg,Normal,78.23,157.92,146.59,-46.1,Type_VI
22524.jpg,Normal,114.52,149.37,154.13,-11.02,Type_V
22529.jpg,Normal,107.18,138.78,137.22,-40.82,Type_VI
22532.jpg,Normal,144.89,139.45,143.75,23.4,Type_IV
22533.jpg,Normal,131.74,130.74,150.24,4.28,Type_V
22645.jpg,Normal,145.32,145.62,139.22,31.92,Type_III
22646.jpg,Normal,140.21,142.78,131.2,57.32,Type_I
2265.jpg,Normal,101.34,132.91,140.44,-39.51,Type_VI
22654.jpg,Normal,110.04,141.43,141.24,-27.35,Type_V
22658.jpg,Normal,104.37,148.33,143.9,-29.71,Type_V
22726.jpg,Normal,62.04,138.58,136.43,-71.82,Type_VI
22728.jpg,Normal,147.69,136.65,142.0,29.48,Type_III
22736.jpg,Normal,154.99,140.59,146.97,29.61,Type_III
22744.jpg,Normal,72.82,151.15,151.63,-42.22,Type_VI
22746.jpg,Normal,122.52,148.09,155.75,-4.02,Type_V
22747.jpg,Normal,174.97,139.66,153.76,35.86,Type_III
22863.jpg,Normal,96.1,128.0,128.0,-90.0,Type_VI
22873.jpg,Normal,136.31,140.55,134.74,27.14,Type_IV
22875.jpg,Normal,124.05,148.36,144.18,-4.79,Type_V
22881.jpg,Normal,143.43,162.41,176.42,7.35,Type_V
22882.jpg,Normal,119.55,141.32,148.33,-8.72,Type_V
22929.jpg,Normal,68.26,136.37,132.86,-78.18,Type_VI
22972.jpg,Normal,57.48,143.7,143.83,-60.03,Type_VI
22975.jpg,Normal,183.84,148.62,148.05,47.77,Type_II
22979.jpg,Normal,140.31,138.8,143.7,17.75,Type_IV
22980.jpg,Normal,99.79,150.55,152.02,-24.34,Type_V
22982.jpg,Normal,85.23,143.32,139.8,-54.56,Type_VI
22989.jpg,Normal,105.33,147.48,146.2,-25.52,Type_V
22990.jpg,Normal,136.94,168.89,158.43,6.93,Type_V
22991.jpg,Normal,85.73,142.21,145.04,-43.87,Type_VI
23078.jpg,Normal,148.48,146.55,160.5,14.21,Type_IV
23095.jpg,Normal,116.48,144.04,137.64,-24.13,Type_V
23146.jpg,Normal,88.66,145.12,146.26,-39.84,Type_VI
23149.jpg,Normal,107.37,141.21,140.82,-31.61,Type_VI
2315.jpg,Normal,174.82,148.58,154.58,34.92,Type_III
23151.jpg,Normal,213.8,134.42,133.52,80.73,Type_I
23153.jpg,Normal,152.51,144.25,150.38,23.66,Type_IV
23161.jpg,Normal,205.85,134.45,135.1,76.99,Type_I
23166.jpg,Normal,85.96,145.28,145.9,-42.31,Type_VI
23167.jpg,Normal,118.87,150.43,141.55,-14.02,Type_V
23168.jpg,Normal,111.27,148.94,132.95,-52.12,Type_VI
23286.jpg,Normal,102.01,138.6,138.92,-42.48,Type_VI
23287.jpg,Normal,103.18,146.84,147.04,-26.61,Type_V
2329.jpg,Normal,23.56,135.79,138.07,-76.12,Type_VI
23296.jpg,Normal,63.68,128.0,128.0,-90.0,Type_VI
23299.jpg,Normal,123.25,144.06,146.88,-5.04,Type_V
23439.jpg,Normal,146.75,151.9,143.07,26.61,Type_IV
23445.jpg,Normal,217.87,134.48,161.26,46.82,Type_II
23446.jpg,Normal,170.0,140.68,142.2,49.58,Type_II
23517.jpg,Normal,128.27,142.17,152.16,0.72,Type_V
23523.jpg,Normal,137.21,151.68,156.97,7.49,Type_V
23621.jpg,Normal,66.75,146.11,141.88,-59.78,Type_VI
23622.jpg,Normal,190.54,147.16,151.75,46.15,Type_II
23624.jpg,Normal,141.04,148.23,147.59,15.16,Type_IV
23627.jpg,Normal,93.01,166.7,158.12,-24.19,Type_V
23629.jpg,Normal,143.03,147.8,152.64,13.89,Type_IV
23631.jpg,Normal,135.23,134.91,151.37,7.39,Type_V
23632.jpg,Normal,120.69,142.98,131.95,-34.08,Type_VI
23633.jpg,Normal,120.46,144.36,138.86,-14.27,Type_V
23639.jpg,Normal,165.04,142.86,150.28,33.46,Type_III
23640.jpg,Normal,56.47,135.94,138.17,-69.93,Type_VI
23641.jpg,Normal,107.93,148.02,150.19,-19.08,Type_V
23644.jpg,Normal,153.76,144.84,146.15,29.57,Type_III
23746.jpg,Normal,71.57,152.04,146.81,-49.39,Type_VI
23753.jpg,Normal,153.64,148.14,143.04,34.28,Type_III
23824.jpg,Normal,84.66,137.63,137.42,-60.72,Type_VI
23893.jpg,Normal,110.2,137.5,138.88,-31.94,Type_VI
23895.jpg,Normal,167.3,137.69,151.2,33.93,Type_III
23899.jpg,Normal,149.49,146.62,145.27,26.54,Type_IV
23900.jpg,Normal,111.19,139.52,145.32,-20.26,Type_V
23907.jpg,Normal,153.54,145.01,146.89,28.4,Type_III
23909.jpg,Normal,144.38,150.02,151.91,15.48,Type_IV
23912.jpg,Normal,127.21,142.62,139.86,-0.54,Type_V
23914.jpg,Normal,122.28,147.6,151.66,-4.94,Type_V
24025.jpg,Normal,111.97,153.21,150.08,-15.42,Type_V
24026.jpg,Normal,62.29,140.83,139.77,-65.29,Type_VI
24027.jpg,Normal,161.82,131.72,137.92,53.59,Type_II
24029.jpg,Normal,242.15,125.08,145.26,69.0,Type_I
24032.jpg,Normal,125.35,144.13,134.08,-7.91,Type_V
24039.jpg,Normal,131.11,155.67,147.96,4.06,Type_V
24040.jpg,Normal,72.05,129.16,140.35,-60.41,Type_VI
24171.jpg,Normal,119.64,151.9,152.84,-7.07,Type_V
24183.jpg,Normal,118.82,141.81,145.33,-11.1,Type_V
24185.jpg,Normal,171.28,128.87,129.76,84.14,Type_I
24233.jpg,Normal,73.07,142.94,144.05,-53.06,Type_VI
24235.jpg,Normal,64.1,135.8,141.34,-61.78,Type_VI
24240.jpg,Normal,148.22,150.61,150.32,20.01,Type_IV
24241.jpg,Normal,53.67,142.76,147.05,-56.66,Type_VI
24242.jpg,Normal,106.19,144.82,154.73,-17.37,Type_V
24253.jpg,Normal,104.47,139.46,129.77,-78.92,Type_VI
24487.jpg,Normal,85.4,135.97,144.17,-45.6,Type_VI
24488.jpg,Normal,97.43,139.42,148.6,-29.79,Type_V
24495.jpg,Normal,148.99,138.44,151.1,20.05,Type_IV
24496.jpg,Normal,79.5,155.74,137.85,-62.38,Type_VI
245.jpg,Normal,164.48,144.99,162.94,22.54,Type_IV
2450.jpg,Normal,138.75,150.28,162.48,7.3,Type_V
24500.jpg,Normal,136.1,145.31,146.48,10.35,Type_IV
24505.jpg,Normal,148.29,142.35,123.87,-63.11,Type_VI
24509.jpg,Normal,161.45,141.54,151.75,29.28,Type_III
24514.jpg,Normal,124.89,146.32,158.09,-1.95,Type_V
24594.jpg,Normal,163.59,128.0,128.0,90.0,Type_I
24597.jpg,Normal,140.03,141.21,147.37,14.23,Type_IV
24600.jpg,Normal,198.93,147.44,140.44,66.06,Type_I
24606.jpg,Normal,51.26,139.59,144.29,-61.42,Type_VI
24608.jpg,Normal,125.98,143.68,157.61,-1.15,Type_V
24609.jpg,Normal,153.59,128.57,123.32,-65.43,Type_VI
24612.jpg,Normal,126.57,139.46,141.31,-1.57,Type_V
2474.jpg,Normal,89.34,151.16,154.66,-29.3,Type_V
24740.jpg,Normal,124.47,146.96,149.96,-3.1,Type_V
24748.jpg,Normal,169.03,149.65,127.02,-86.55,Type_VI
24753.jpg,Normal,38.63,135.85,144.37,-64.85,Type_VI
24755.jpg,Normal,123.51,145.82,151.41,-3.82,Type_V
24759.jpg,Normal,119.63,157.04,146.61,-9.42,Type_V
2476.jpg,Normal,156.21,137.74,153.62,23.72,Type_IV
24869.jpg,Normal,128.76,145.7,143.1,1.88,Type_V
24873.jpg,Normal,119.71,149.47,153.78,-6.76,Type_V
24876.jpg,Normal,97.65,148.08,154.46,-23.86,Type_V
24883.jpg,Normal,95.62,137.91,141.6,-42.58,Type_VI
24888.jpg,Normal,102.44,141.08,155.12,-19.92,Type_V
24958.jpg,Normal,53.22,134.15,134.41,-77.6,Type_VI
2496.jpg,Normal,167.48,156.39,148.33,37.64,Type_III
24962.jpg,Normal,123.73,145.34,147.48,-4.34,Type_V
24966.jpg,Normal,75.64,140.15,121.34,71.86,Type_I
24968.jpg,Normal,170.85,149.26,151.25,36.18,Type_III
25110.jpg,Normal,31.53,131.73,132.53,-83.14,Type_VI
25115.jpg,Normal,60.92,145.42,148.19,-52.29,Type_VI
25121.jpg,Normal,194.15,128.0,128.0,90.0,Type_I
25122.jpg,Normal,40.24,139.78,137.01,-75.25,Type_VI
25123.jpg,Normal,174.2,144.28,159.6,30.1,Type_III
25124.jpg,Normal,146.71,153.78,159.78,13.34,Type_IV
25126.jpg,Normal,139.77,148.45,156.71,9.52,Type_V
25212.jpg,Normal,137.28,140.05,136.69,23.8,Type_IV
25224.jpg,Normal,167.23,135.05,128.65,87.6,Type_I
25226.jpg,Normal,185.75,136.1,152.58,42.91,Type_II
25228.jpg,Normal,96.79,145.8,136.86,-53.64,Type_VI
2523.jpg,Normal,88.98,143.86,148.01,-37.05,Type_VI
25237.jpg,Normal,83.18,136.14,127.46,88.21,Type_I
25245.jpg,Normal,117.57,148.55,147.75,-11.15,Type_V
25268.jpg,Normal,182.18,125.24,145.55,50.71,Type_II
25304.jpg,Normal,150.34,146.31,159.58,15.83,Type_IV
25305.jpg,Normal,88.01,140.31,142.49,-46.91,Type_VI
25312.jpg,Normal,114.28,144.62,150.51,-12.97,Type_V
25318.jpg,Normal,189.16,141.63,145.24,54.5,Type_II
25319.jpg,Normal,128.5,144.92,141.9,1.62,Type_V
25404.jpg,Normal,172.66,144.03,144.94,46.28,Type_II
25434.jpg,Normal,127.26,167.0,168.86,-0.13,Type_V
25438.jpg,Normal,126.96,145.84,161.25,-0.37,Type_V
25446.jpg,Normal,120.05,135.43,143.3,-10.82,Type_V
25447.jpg,Normal,124.01,143.17,147.92,-3.93,Type_V
25536.jpg,Normal,150.78,137.6,136.85,45.89,Type_II
25540.jpg,Normal,153.14,149.96,157.73,18.69,Type_IV
25549.jpg,Normal,194.22,144.16,149.5,50.59,Type_II
25589.jpg,Normal,158.15,144.78,139.02,47.47,Type_II
25656.jpg,Normal,87.11,145.16,151.3,-34.21,Type_VI
25795.jpg,Normal,177.38,138.79,139.89,58.7,Type_I
25796.jpg,Normal,30.79,134.97,139.47,-73.17,Type_VI
25798.jpg,Normal,31.91,132.59,130.75,-85.81,Type_VI
25804.jpg,Normal,85.19,143.59,141.79,-50.26,Type_VI
25806.jpg,Normal,151.94,142.57,142.64,33.21,Type_III
2581.jpg,Normal,56.38,135.35,133.77,-78.3,Type_VI
25810.jpg,Normal,120.93,157.1,157.02,-5.07,Type_V
25925.jpg,Normal,157.32,142.12,147.16,31.4,Type_III
25926.jpg,Normal,176.12,150.97,155.11,35.11,Type_III
25928.jpg,Normal,147.0,134.07,139.16,34.43,Type_III
25930.jpg,Normal,71.57,151.29,145.04,-52.15,Type_VI
25932.jpg,Normal,131.46,149.12,149.51,4.13,Type_V
25935.jpg,Normal,123.18,139.14,134.29,-15.08,Type_V
25942.jpg,Normal,198.49,135.34,139.21,68.07,Type_I
25944.jpg,Normal,193.53,144.89,146.69,54.17,Type_II
25945.jpg,Normal,88.32,138.8,126.15,83.13,Type_I
26024.jpg,Normal,180.64,134.84,154.71,37.96,Type_III
26028.jpg,Normal,90.2,142.36,137.86,-56.03,Type_VI
26031.jpg,Normal,112.25,151.09,152.62,-13.65,Type_V
26032.jpg,Normal,202.61,145.02,106.61,-54.01,Type_VI
26044.jpg,Normal,187.36,142.5,137.95,67.03,Type_I
26047.jpg,Normal,112.48,182.92,181.76,-6.25,Type_V
26048.jpg,Normal,201.94,134.52,142.76,63.17,Type_I
26050.jpg,Normal,177.29,140.36,143.86,50.91,Type_II
26085.jpg,Normal,187.5,150.37,156.36,39.68,Type_III
26148.jpg,Normal,174.1,144.62,145.85,45.68,Type_II
26149.jpg,Normal,61.07,142.77,140.74,-63.93,Type_VI
26281.jpg,Normal,109.34,151.42,149.63,-18.23,Type_V
26283.jpg,Normal,149.55,145.7,143.28,29.5,Type_III
26284.jpg,Normal,32.55,138.7,140.12,-71.96,Type_VI
26288.jpg,Normal,99.55,132.31,131.21,-73.67,Type_VI
26289.jpg,Normal,69.91,135.39,134.84,-73.16,Type_VI
2629.jpg,Normal,110.72,152.79,137.04,-36.06,Type_VI
26290.jpg,Normal,108.12,141.81,144.29,-25.01,Type_V
26292.jpg,Normal,154.82,146.52,154.99,21.65,Type_IV
26384.jpg,Normal,136.42,153.61,154.86,7.42,Type_V
26390.jpg,Normal,104.37,145.51,142.77,-31.56,Type_VI
26391.jpg,Normal,105.62,140.14,138.14,-40.24,Type_VI
26396.jpg,Normal,116.85,146.03,146.57,-12.67,Type_V
26397.jpg,Normal,81.22,136.93,111.79,48.23,Type_II
26401.jpg,Normal,181.46,140.18,148.72,45.6,Type_II
26405.jpg,Normal,181.07,145.68,132.75,77.26,Type_I
26530.jpg,Normal,114.75,141.47,146.07,-15.46,Type_V
26532.jpg,Normal,153.73,147.48,145.76,30.07,Type_III
26533.jpg,Normal,93.88,157.62,161.75,-21.34,Type_V
26545.jpg,Normal,97.7,151.62,155.0,-23.41,Type_V
26561.jpg,Normal,158.7,148.54,146.89,32.94,Type_III
26562.jpg,Normal,174.51,140.31,136.42,65.44,Type_I
2661.jpg,Normal,66.85,145.93,148.89,-48.71,Type_VI
26686.jpg,Normal,120.2,139.82,138.38,-15.41,Type_V
26833.jpg,Normal,178.25,142.14,147.62,45.41,Type_II
26834.jpg,Normal,42.45,138.03,143.78,-64.68,Type_VI
26840.jpg,Normal,131.88,149.39,142.47,6.77,Type_V
26843.jpg,Normal,89.4,140.94,146.78,-38.5,Type_VI
26909.jpg,Normal,154.98,146.22,142.38,36.85,Type_III
26915.jpg,Normal,141.11,147.48,167.01,7.79,Type_V
26919.jpg,Normal,166.26,143.79,143.95,43.62,Type_II
2692.jpg,Normal,150.62,148.24,145.44,27.47,Type_IV
26923.jpg,Normal,160.38,149.21,135.6,59.48,Type_I
26925.jpg,Normal,125.64,151.91,152.7,-1.7,Type_V
26998.jpg,Normal,110.87,151.18,144.73,-21.3,Type_V
27002.jpg,Normal,185.92,145.89,153.01,42.49,Type_II
27010.jpg,Normal,165.9,149.08,149.72,34.73,Type_III
27014.jpg,Normal,177.45,145.26,144.69,49.56,Type_II
27016.jpg,Normal,111.0,139.31,140.73,-26.95,Type_V
271.jpg,Normal,144.64,143.86,139.55,30.19,Type_III
27101.jpg,Normal,121.66,145.54,140.51,-10.38,Type_V
2720.jpg,Normal,92.52,151.95,148.78,-33.43,Type_VI
27201.jpg,Normal,102.06,133.2,137.83,-45.42,Type_VI
27203.jpg,Normal,99.84,136.66,145.94,-31.16,Type_VI
27287.jpg,Normal,135.38,141.02,138.54,16.34,Type_IV
27289.jpg,Normal,164.47,142.44,139.81,50.84,Type_II
27298.jpg,Normal,100.65,141.01,138.17,-45.99,Type_VI
27301.jpg,Normal,86.11,139.51,135.01,-66.63,Type_VI
27302.jpg,Normal,159.66,142.78,142.64,40.75,Type_III
27360.jpg,Normal,103.52,144.89,136.64,-47.44,Type_VI
27386.jpg,Normal,58.87,136.75,141.07,-64.1,Type_VI
27397.jpg,Normal,151.73,141.47,140.87,36.44,Type_III
27398.jpg,Normal,115.85,141.04,135.59,-31.04,Type_VI
27461.jpg,Normal,75.29,135.31,134.85,-71.52,Type_VI
27492.jpg,Normal,53.02,139.34,137.25,-72.43,Type_VI
27528.jpg,Normal,118.44,154.91,171.63,-4.65,Type_V
27565.jpg,Normal,122.19,143.37,153.36,-4.7,Type_V
276.jpg,Normal,99.97,138.75,128.08,-89.56,Type_VI
2760.jpg,Normal,107.88,147.71,150.36,-18.99,Type_V
27604.jpg,Normal,207.99,130.02,137.04,74.01,Type_I
27609.jpg,Normal,139.97,134.68,145.53,15.59,Type_IV
27610.jpg,Normal,177.5,147.89,152.25,38.96,Type_III
27615.jpg,Normal,208.18,138.81,143.66,63.67,Type_I
27616.jpg,Normal,108.94,141.84,139.09,-33.28,Type_VI
2762.jpg,Normal,102.73,150.45,151.68,-22.3,Type_V
27620.jpg,Normal,131.43,147.25,141.71,6.42,Type_V
27622.jpg,Normal,157.91,150.57,146.8,32.38,Type_III
27625.jpg,Normal,138.05,147.84,160.49,7.26,Type_V
27627.jpg,Normal,124.0,149.14,146.68,-4.2,Type_V
2771.jpg,Normal,110.66,136.9,148.09,-18.2,Type_V
27711.jpg,Normal,104.2,133.82,150.65,-21.97,Type_V
27715.jpg,Normal,84.57,143.28,142.27,-49.71,Type_VI
27719.jpg,Normal,140.46,154.24,173.44,6.38,Type_V
27720.jpg,Normal,98.62,138.96,142.26,-38.45,Type_VI
27836.jpg,Normal,162.45,147.77,155.3,26.66,Type_IV
27840.jpg,Normal,130.65,142.81,137.6,7.33,Type_V
27846.jpg,Normal,142.11,150.18,141.95,22.32,Type_IV
27852.jpg,Normal,109.88,151.33,154.72,-14.5,Type_V
27858.jpg,Normal,159.15,144.23,139.68,46.74,Type_II
27952.jpg,Normal,177.63,142.48,137.04,65.31,Type_I
27953.jpg,Normal,87.26,128.22,137.56,-58.78,Type_VI
27954.jpg,Normal,139.62,174.12,148.12,13.29,Type_IV
27955.jpg,Normal,138.86,131.22,138.29,23.43,Type_IV
27956.jpg,Normal,183.44,149.3,154.05,40.09,Type_III
2796.jpg,Normal,148.46,146.14,148.39,21.96,Type_IV
27960.jpg,Normal,121.47,140.47,151.29,-5.8,Type_V
27961.jpg,Normal,136.49,128.88,145.39,11.46,Type_IV
27963.jpg,Normal,65.51,132.5,129.95,-85.41,Type_VI
28023.jpg,Normal,75.1,136.24,140.78,-58.12,Type_VI
28024.jpg,Normal,142.95,139.6,141.21,24.63,Type_IV
28035.jpg,Normal,141.0,151.3,150.14,13.45,Type_IV
28047.jpg,Normal,84.38,141.75,143.78,-46.97,Type_VI
28122.jpg,Normal,103.42,149.0,151.52,-21.87,Type_V
28130.jpg,Normal,94.98,146.82,143.07,-40.25,Type_VI
28233.jpg,Normal,170.89,145.57,151.22,36.24,Type_III
2831.jpg,Normal,87.19,139.42,136.23,-62.51,Type_VI
28311.jpg,Normal,175.68,145.15,157.87,32.31,Type_III
28313.jpg,Normal,80.76,137.35,134.75,-69.8,Type_VI
28318.jpg,Normal,128.67,146.06,148.34,1.29,Type_V
28320.jpg,Normal,58.54,138.58,144.23,-59.02,Type_VI
28323.jpg,Normal,55.5,138.23,144.64,-59.49,Type_VI
2833.jpg,Normal,144.77,143.18,145.07,21.65,Type_IV
28334.jpg,Normal,130.22,161.83,175.9,1.28,Type_V
28412.jpg,Normal,92.86,144.46,154.26,-27.35,Type_V
28416.jpg,Normal,107.15,145.42,147.04,-22.74,Type_V
28417.jpg,Normal,164.99,150.28,153.75,29.73,Type_III
28418.jpg,Normal,143.36,139.57,158.62,11.49,Type_IV
28423.jpg,Normal,122.89,140.32,147.84,-5.2,Type_V
28523.jpg,Normal,70.06,143.62,128.15,-89.63,Type_VI
28530.jpg,Normal,127.07,142.29,146.75,-0.51,Type_V
28531.jpg,Normal,64.88,138.13,140.28,-63.43,Type_VI
28537.jpg,Normal,32.3,139.26,138.6,-74.16,Type_VI
28601.jpg,Normal,135.86,138.39,139.49,15.93,Type_IV
28607.jpg,Normal,128.3,155.23,152.72,0.73,Type_V
28611.jpg,Normal,52.13,137.14,142.8,-63.41,Type_VI
28616.jpg,Normal,110.02,146.23,146.15,-20.69,Type_V
28619.jpg,Normal,214.04,140.07,139.93,70.63,Type_I
28692.jpg,Normal,117.77,138.32,140.92,-16.45,Type_V
28693.jpg,Normal,163.72,138.22,145.76,38.65,Type_III
2870.jpg,Normal,57.95,135.13,134.61,-76.37,Type_VI
28702.jpg,Normal,124.69,140.05,168.17,-1.57,Type_V
28704.jpg,Normal,123.6,151.47,126.5,45.49,Type_II
28714.jpg,Normal,57.55,138.39,139.53,-67.19,Type_VI
2884.jpg,Normal,94.26,130.28,119.08,55.62,Type_I
28842.jpg,Normal,176.47,140.78,139.38,59.34,Type_I
28844.jpg,Normal,130.48,146.84,165.6,1.78,Type_V
2885.jpg,Normal,148.59,150.08,149.41,21.12,Type_IV
28852.jpg,Normal,92.51,147.46,155.29,-26.69,Type_V
2886.jpg,Normal,48.36,140.08,139.76,-69.25,Type_VI
28863.jpg,Normal,120.27,145.1,145.64,-9.13,Type_V
2887.jpg,Normal,138.71,139.66,154.95,9.26,Type_V
28871.jpg,Normal,141.13,141.52,146.46,16.14,Type_IV
28942.jpg,Normal,159.55,143.9,148.9,31.02,Type_III
28953.jpg,Normal,91.77,146.38,154.26,-28.09,Type_V
29028.jpg,Normal,132.02,150.99,154.95,3.76,Type_V
29032.jpg,Normal,148.93,146.46,159.9,14.76,Type_IV
29034.jpg,Normal,84.56,144.28,141.52,-51.25,Type_VI
29039.jpg,Normal,150.96,146.99,144.37,29.34,Type_III
29042.jpg,Normal,88.24,140.14,150.14,-34.81,Type_VI
29043.jpg,Normal,89.4,144.44,151.63,-32.3,Type_VI
29113.jpg,Normal,129.23,144.41,140.54,3.09,Type_V
29127.jpg,Normal,206.37,137.86,146.24,59.47,Type_I
29153.jpg,Normal,214.62,138.2,149.47,57.85,Type_I
29226.jpg,Normal,136.2,144.35,141.85,13.84,Type_IV
29231.jpg,Normal,182.98,142.84,144.16,53.4,Type_II
29233.jpg,Normal,79.83,132.72,139.14,-59.22,Type_VI
29241.jpg,Normal,125.16,134.89,139.51,-4.56,Type_V
29267.jpg,Normal,91.42,139.86,135.07,-63.44,Type_VI
29298.jpg,Normal,111.56,128.0,128.0,-90.0,Type_VI
29300.jpg,Normal,65.05,148.25,136.35,-71.18,Type_VI
29313.jpg,Normal,173.18,145.24,150.06,39.08,Type_III
29314.jpg,Normal,89.63,162.14,159.44,-25.28,Type_V
29339.jpg,Normal,116.86,146.18,152.05,-9.85,Type_V
294.jpg,Normal,111.12,148.46,155.01,-13.38,Type_V
29400.jpg,Normal,110.54,140.34,138.57,-32.2,Type_VI
29401.jpg,Normal,78.87,143.65,137.76,-62.9,Type_VI
29402.jpg,Normal,162.15,142.23,140.03,48.48,Type_II
29403.jpg,Normal,54.64,141.69,136.28,-73.84,Type_VI
29411.jpg,Normal,92.09,140.97,140.42,-48.18,Type_VI
29413.jpg,Normal,90.25,127.63,136.33,-60.32,Type_VI
29524.jpg,Normal,114.59,143.01,136.52,-30.71,Type_VI
29525.jpg,Normal,127.05,128.0,128.0,-90.0,Type_VI
29530.jpg,Normal,96.05,147.48,145.68,-34.9,Type_VI
29532.jpg,Normal,117.56,140.08,147.97,-11.05,Type_V
29534.jpg,Normal,117.7,134.41,138.97,-19.29,Type_V
29610.jpg,Normal,104.94,141.83,138.61,-39.81,Type_VI
29611.jpg,Normal,104.33,137.12,145.19,-27.86,Type_V
29618.jpg,Normal,127.08,128.0,128.0,-90.0,Type_VI
29686.jpg,Normal,83.1,146.29,150.36,-37.9,Type_VI
29689.jpg,Normal,146.37,144.4,145.75,22.63,Type_IV
29692.jpg,Normal,180.83,149.36,156.23,36.54,Type_III
29693.jpg,Normal,189.65,128.0,128.0,90.0,Type_I
29699.jpg,Normal,37.29,141.47,145.48,-63.7,Type_VI
2970.jpg,Normal,131.75,142.47,140.97,7.32,Type_V
29768.jpg,Normal,109.35,158.49,149.43,-18.37,Type_V
29770.jpg,Normal,118.48,147.85,142.02,-14.15,Type_V
29777.jpg,Normal,136.51,159.41,149.43,9.36,Type_V
29865.jpg,Normal,160.93,137.6,147.8,33.51,Type_III
29962.jpg,Normal,71.94,143.03,145.85,-50.67,Type_VI
29963.jpg,Normal,35.92,136.69,143.61,-66.5,Type_VI
29967.jpg,Normal,94.87,137.97,138.62,-50.31,Type_VI
29987.jpg,Normal,149.73,136.67,130.84,71.98,Type_I
30082.jpg,Normal,183.02,128.0,128.0,90.0,Type_I
30086.jpg,Normal,193.76,134.36,136.37,72.15,Type_I
30088.jpg,Normal,146.04,147.13,151.84,16.96,Type_IV
301.jpg,Normal,87.59,140.94,142.03,-48.13,Type_VI
30102.jpg,Normal,60.31,138.88,136.75,-71.64,Type_VI
3021.jpg,Normal,78.66,144.49,141.06,-55.71,Type_VI
30210.jpg,Normal,101.04,147.38,141.6,-37.33,Type_VI
30211.jpg,Normal,107.54,140.76,136.09,-44.06,Type_VI
3022.jpg,Normal,162.77,143.32,131.25,76.77,Type_I
30222.jpg,Normal,146.89,148.73,150.87,18.39,Type_IV
30291.jpg,Normal,64.26,139.6,135.82,-72.51,Type_VI
30296.jpg,Normal,70.32,145.01,139.0,-63.87,Type_VI
30297.jpg,Normal,117.05,128.25,130.43,-59.31,Type_VI
30301.jpg,Normal,81.15,151.24,158.68,-30.64,Type_VI
30302.jpg,Normal,159.08,145.58,152.29,27.01,Type_IV
30303.jpg,Normal,158.99,139.21,142.11,41.2,Type_II
30306.jpg,Normal,59.08,145.69,138.86,-67.96,Type_VI
30382.jpg,Normal,146.37,143.81,148.03,20.28,Type_IV
30387.jpg,Normal,143.88,147.9,163.75,10.19,Type_IV
30389.jpg,Normal,101.52,144.56,147.77,-27.26,Type_V
30395.jpg,Normal,112.31,149.13,144.56,-19.79,Type_V
30499.jpg,Normal,87.73,145.19,138.11,-57.05,Type_VI
30503.jpg,Normal,85.22,144.37,142.94,-47.98,Type_VI
30624.jpg,Normal,70.79,140.2,142.25,-57.35,Type_VI
30636.jpg,Normal,154.75,146.28,147.32,28.96,Type_III
30640.jpg,Normal,98.4,135.08,140.6,-42.17,Type_VI
30642.jpg,Normal,127.39,146.63,162.47,-0.07,Type_V
30651.jpg,Normal,122.64,140.67,144.52,-6.58,Type_V
30862.jpg,Normal,139.39,136.27,131.02,57.04,Type_I
30943.jpg,Normal,39.53,133.58,135.02,-78.5,Type_VI
3095.jpg,Normal,161.05,149.76,159.93,22.4,Type_IV
30955.jpg,Normal,38.38,138.58,129.12,-88.17,Type_VI
3096.jpg,Normal,146.98,148.43,154.71,15.96,Type_IV
31043.jpg,Normal,162.39,133.43,138.56,52.34,Type_II
31044.jpg,Normal,120.63,134.64,141.88,-10.98,Type_V
31045.jpg,Normal,136.42,161.76,182.18,3.69,Type_V
31047.jpg,Normal,138.87,145.09,138.29,23.42,Type_IV
31051.jpg,Normal,114.89,145.91,162.52,-8.15,Type_V
31057.jpg,Normal,136.5,148.78,151.91,8.4,Type_V
3106.jpg,Normal,109.04,141.08,142.78,-26.09,Type_V
31136.jpg,Normal,45.08,134.45,137.66,-73.36,Type_VI
31149.jpg,Normal,62.47,138.38,146.79,-53.62,Type_VI
3121.jpg,Normal,160.51,141.78,150.74,29.65,Type_III
31216.jpg,Normal,123.59,155.64,147.92,-4.4,Type_V
31220.jpg,Normal,134.53,145.08,148.95,7.5,Type_V
31222.jpg,Normal,60.73,137.0,136.74,-71.54,Type_VI
31223.jpg,Normal,144.91,158.14,149.45,17.66,Type_IV
31226.jpg,Normal,115.67,140.93,141.66,-18.76,Type_V
31334.jpg,Normal,152.07,154.44,118.03,-44.02,Type_VI
31337.jpg,Normal,140.37,149.91,162.31,8.37,Type_V
31343.jpg,Normal,109.8,141.35,145.28,-21.88,Type_V
31354.jpg,Normal,49.49,140.9,143.09,-63.75,Type_VI
31522.jpg,Normal,77.54,142.79,139.41,-59.78,Type_VI
31524.jpg,Normal,138.02,144.44,149.29,10.97,Type_IV
31529.jpg,Normal,146.45,146.57,153.24,16.4,Type_IV
31544.jpg,Normal,118.93,144.39,149.63,-8.84,Type_V
31550.jpg,Normal,196.81,141.9,159.09,41.16,Type_II
31670.jpg,Normal,195.75,143.47,144.97,57.62,Type_I
31673.jpg,Normal,129.97,142.24,141.13,4.22,Type_V
31682.jpg,Normal,80.37,142.63,139.04,-59.15,Type_VI
31688.jpg,Normal,138.33,142.77,152.34,9.9,Type_V
31690.jpg,Normal,128.74,134.62,134.67,4.18,Type_V
3181.jpg,Normal,163.84,150.28,147.4,36.3,Type_III
31817.jpg,Normal,95.08,150.61,145.69,-35.72,Type_VI
31825.jpg,Normal,138.08,153.1,157.29,8.07,Type_V
31924.jpg,Normal,159.48,146.34,143.31,39.32,Type_III
31927.jpg,Normal,127.39,148.29,151.61,-0.1,Type_V
31928.jpg,Normal,103.7,140.68,139.39,-39.32,Type_VI
31930.jpg,Normal,123.85,148.62,146.54,-4.41,Type_V
31933.jpg,Normal,159.1,150.09,154.66,24.93,Type_IV
31940.jpg,Normal,97.72,140.35,143.32,-37.32,Type_VI
31942.jpg,Normal,122.94,136.69,149.69,-4.71,Type_V
32082.jpg,Normal,97.97,142.61,147.01,-31.35,Type_VI
3209.jpg,Normal,139.47,142.6,150.47,11.8,Type_IV
32091.jpg,Normal,146.95,139.7,139.5,33.55,Type_III
32094.jpg,Normal,146.41,140.45,149.5,19.03,Type_IV
32192.jpg,Normal,115.83,145.48,153.72,-10.09,Type_V
32193.jpg,Normal,142.22,143.89,152.95,13.02,Type_IV
32195.jpg,Normal,195.43,134.09,131.27,82.99,Type_I
32202.jpg,Normal,135.43,136.65,152.17,7.33,Type_V
32203.jpg,Normal,73.52,146.57,149.7,-44.3,Type_VI
32210.jpg,Normal,213.66,138.71,153.09,53.4,Type_II
32318.jpg,Normal,58.2,156.21,134.08,-77.39,Type_VI
32321.jpg,Normal,105.2,140.76,149.11,-22.51,Type_V
32322.jpg,Normal,195.73,142.13,148.13,53.05,Type_II
32329.jpg,Normal,84.85,142.3,149.44,-37.95,Type_VI
32330.jpg,Normal,105.52,153.19,151.87,-19.85,Type_V
32331.jpg,Normal,114.23,147.48,131.15,-58.83,Type_VI
32341.jpg,Normal,149.77,148.64,145.4,26.65,Type_IV
32469.jpg,Normal,89.94,136.88,141.56,-47.36,Type_VI
32471.jpg,Normal,104.02,149.66,158.67,-16.71,Type_V
32474.jpg,Normal,153.71,144.86,146.67,28.83,Type_III
32478.jpg,Normal,118.62,142.92,147.26,-10.24,Type_V
32487.jpg,Normal,106.81,137.66,138.77,-36.98,Type_VI
32580.jpg,Normal,35.15,145.74,138.78,-73.42,Type_VI
3266.jpg,Normal,64.91,128.0,128.0,-90.0,Type_VI
32662.jpg,Normal,152.33,139.88,157.53,18.25,Type_IV
32665.jpg,Normal,72.19,152.63,154.37,-39.44,Type_VI
32675.jpg,Normal,90.44,161.74,162.71,-22.72,Type_V
32676.jpg,Normal,176.19,144.67,143.19,51.49,Type_II
32681.jpg,Normal,172.91,144.65,142.81,50.25,Type_II
32684.jpg,Normal,84.67,144.51,141.25,-51.73,Type_VI
32686.jpg,Normal,147.91,141.05,141.99,29.78,Type_III
3276.jpg,Normal,108.59,131.99,129.58,-77.94,Type_VI
32782.jpg,Normal,132.09,143.5,154.43,3.9,Type_V
32856.jpg,Normal,109.58,152.74,152.41,-16.06,Type_V
32868.jpg,Normal,180.04,146.6,142.73,54.44,Type_II
32874.jpg,Normal,148.81,148.44,145.95,24.96,Type_IV
33044.jpg,Normal,158.21,139.19,143.05,38.66,Type_III
33045.jpg,Normal,61.63,135.44,137.11,-70.58,Type_VI
33055.jpg,Normal,96.06,144.28,138.31,-50.09,Type_VI
33056.jpg,Normal,161.43,139.69,137.49,54.51,Type_II
33063.jpg,Normal,132.17,147.0,147.78,5.29,Type_V
33140.jpg,Normal,114.35,157.25,145.41,-16.5,Type_V
33142.jpg,Normal,67.88,137.1,136.01,-71.1,Type_VI
33145.jpg,Normal,37.49,135.59,130.78,-85.5,Type_VI
33149.jpg,Normal,101.78,149.52,147.1,-27.83,Type_V
33150.jpg,Normal,25.11,134.96,132.09,-84.19,Type_VI
33158.jpg,Normal,31.91,145.92,140.3,-71.83,Type_VI
33159.jpg,Normal,141.4,146.49,157.7,10.4,Type_IV
33166.jpg,Normal,164.66,136.43,145.88,39.19,Type_III
33204.jpg,Normal,100.14,141.81,134.17,-60.11,Type_VI
33209.jpg,Normal,168.56,139.29,131.06,79.25,Type_I
33217.jpg,Normal,91.1,144.06,137.7,-55.8,Type_VI
33221.jpg,Normal,89.71,139.6,144.87,-41.3,Type_VI
33292.jpg,Normal,110.78,149.7,148.25,-17.94,Type_V
33304.jpg,Normal,121.87,144.94,159.71,-3.98,Type_V
33305.jpg,Normal,96.25,150.81,147.94,-31.58,Type_VI
33380.jpg,Normal,59.91,135.88,142.44,-61.42,Type_VI
33513.jpg,Normal,149.34,149.11,148.81,22.37,Type_IV
3352.jpg,Normal,148.8,145.05,150.29,20.54,Type_IV
33520.jpg,Normal,62.13,139.22,135.46,-73.77,Type_VI
33524.jpg,Normal,78.99,147.35,155.02,-35.15,Type_VI
33528.jpg,Normal,171.03,145.11,139.72,55.52,Type_I
33532.jpg,Normal,129.16,138.15,134.6,5.64,Type_V
33536.jpg,Normal,169.61,145.96,143.27,47.24,Type_II
33537.jpg,Normal,206.65,128.92,166.43,38.93,Type_III
3363.jpg,Normal,142.49,143.41,144.4,19.72,Type_IV
33636.jpg,Normal,197.75,144.35,143.67,60.36,Type_I
33638.jpg,Normal,83.41,134.71,133.14,-73.43,Type_VI
33641.jpg,Normal,70.8,144.13,149.32,-46.2,Type_VI
33642.jpg,Normal,90.02,139.15,142.16,-46.06,Type_VI
33650.jpg,Normal,131.99,144.1,149.39,4.71,Type_V
33756.jpg,Normal,140.87,145.24,142.04,20.48,Type_IV
33760.jpg,Normal,127.91,148.06,155.02,0.34,Type_V
33903.jpg,Normal,127.27,138.65,143.63,-0.34,Type_V
33908.jpg,Normal,200.6,130.86,149.17,53.55,Type_II
33920.jpg,Normal,163.77,150.43,145.03,39.86,Type_III
33923.jpg,Normal,162.56,145.87,151.03,30.84,Type_III
34007.jpg,Normal,137.56,136.32,146.6,11.98,Type_IV
34012.jpg,Normal,121.09,164.27,175.8,-3.01,Type_V
34014.jpg,Normal,74.54,144.81,149.49,-44.02,Type_VI
34015.jpg,Normal,89.57,128.45,130.93,-78.87,Type_VI
34017.jpg,Normal,173.73,140.81,136.72,64.3,Type_I
34018.jpg,Normal,151.18,147.2,139.89,37.99,Type_III
3402.jpg,Normal,94.76,149.21,147.51,-33.34,Type_VI
34023.jpg,Normal,89.93,140.8,136.28,-60.67,Type_VI
34025.jpg,Normal,73.43,142.38,127.42,88.44,Type_I
34038.jpg,Normal,156.33,136.36,134.57,59.84,Type_I
34149.jpg,Normal,188.64,147.18,147.04,51.55,Type_II
34157.jpg,Normal,42.37,145.23,136.92,-75.04,Type_VI
34161.jpg,Normal,147.48,151.8,150.67,19.07,Type_IV
34166.jpg,Normal,142.35,152.61,153.6,12.82,Type_IV
34168.jpg,Normal,143.25,141.24,140.78,25.8,Type_IV
34249.jpg,Normal,120.02,142.25,133.46,-28.24,Type_V
34251.jpg,Normal,117.02,139.04,139.37,-19.87,Type_V
34252.jpg,Normal,125.69,149.15,142.41,-2.82,Type_V
34257.jpg,Normal,117.83,147.44,152.29,-8.87,Type_V
34258.jpg,Normal,117.01,128.85,127.46,82.47,Type_I
34263.jpg,Normal,77.45,144.41,141.71,-55.07,Type_VI
34270.jpg,Normal,99.0,145.43,145.89,-31.99,Type_VI
34273.jpg,Normal,89.82,149.2,152.4,-31.2,Type_VI
34274.jpg,Normal,230.29,136.26,134.57,80.75,Type_I
34275.jpg,Normal,149.63,143.35,146.82,24.76,Type_IV
34277.jpg,Normal,125.03,141.13,146.99,-2.92,Type_V
34376.jpg,Normal,105.54,144.25,146.2,-25.32,Type_V
34378.jpg,Normal,192.29,136.86,146.39,54.1,Type_II
34392.jpg,Normal,85.28,141.76,141.5,-50.81,Type_VI
34399.jpg,Normal,58.02,143.95,138.3,-69.3,Type_VI
34401.jpg,Normal,182.48,147.15,146.61,49.2,Type_II
34511.jpg,Normal,184.94,143.08,135.09,72.53,Type_I
34512.jpg,Normal,78.19,141.67,139.84,-58.52,Type_VI
34513.jpg,Normal,135.46,141.16,142.94,11.81,Type_IV
34521.jpg,Normal,153.79,138.39,137.15,48.39,Type_II
34598.jpg,Normal,29.13,135.47,137.65,-75.96,Type_VI
34609.jpg,Normal,80.58,141.73,146.16,-45.38,Type_VI
34620.jpg,Normal,159.77,146.1,142.49,41.14,Type_II
34729.jpg,Normal,99.72,134.65,154.74,-22.17,Type_V
34732.jpg,Normal,151.33,143.36,158.33,17.13,Type_IV
3482.jpg,Normal,121.9,139.61,134.3,-19.23,Type_V
34822.jpg,Normal,99.01,144.88,153.4,-23.74,Type_V
34826.jpg,Normal,132.09,146.79,156.56,3.61,Type_V
34830.jpg,Normal,160.91,138.96,144.47,38.5,Type_III
34837.jpg,Normal,106.75,139.41,150.26,-20.08,Type_V
34840.jpg,Normal,88.55,141.6,143.25,-45.05,Type_VI
34841.jpg,Normal,165.39,131.84,141.62,47.49,Type_II
34843.jpg,Normal,47.85,145.97,143.58,-63.49,Type_VI
34844.jpg,Normal,146.32,140.87,137.58,37.61,Type_III
34845.jpg,Normal,71.52,140.82,142.84,-55.95,Type_VI
34847.jpg,Normal,113.88,142.34,144.94,-17.51,Type_V
34962.jpg,Normal,144.2,143.67,141.88,25.26,Type_IV
34963.jpg,Normal,80.4,143.0,141.2,-54.44,Type_VI
34964.jpg,Normal,131.54,148.55,143.67,5.78,Type_V
34971.jpg,Normal,189.12,151.35,168.76,30.66,Type_III
34972.jpg,Normal,136.31,154.86,137.61,19.77,Type_IV
34974.jpg,Normal,80.69,149.17,138.72,-59.73,Type_VI
34975.jpg,Normal,53.01,143.15,143.86,-61.51,Type_VI
35037.jpg,Normal,148.92,153.07,150.15,20.77,Type_IV
35038.jpg,Normal,122.24,147.68,152.71,-4.78,Type_V
35106.jpg,Normal,152.46,133.08,136.92,47.66,Type_II
35107.jpg,Normal,114.17,158.02,165.49,-7.94,Type_V
35108.jpg,Normal,137.75,140.71,142.4,15.59,Type_IV
35110.jpg,Normal,104.91,153.29,159.42,-15.75,Type_V
35116.jpg,Normal,107.06,158.14,155.08,-16.49,Type_V
35117.jpg,Normal,72.58,133.8,131.88,-79.79,Type_VI
35120.jpg,Normal,70.31,128.0,128.0,-90.0,Type_VI
3520.jpg,Normal,102.63,140.74,144.44,-30.68,Type_VI
35219.jpg,Normal,108.4,138.93,136.65,-40.88,Type_VI
3522.jpg,Normal,120.69,161.66,154.81,-5.69,Type_V
35222.jpg,Normal,119.5,143.4,159.96,-5.6,Type_V
35227.jpg,Normal,104.43,147.19,144.0,-29.49,Type_V
35228.jpg,Normal,137.16,147.33,149.67,9.92,Type_V
35264.jpg,Normal,107.11,139.75,140.76,-32.06,Type_VI
35269.jpg,Normal,148.39,144.04,145.97,24.5,Type_IV
35277.jpg,Normal,171.23,140.65,133.73,71.53,Type_I
35286.jpg,Normal,94.36,148.08,138.08,-52.21,Type_VI
35367.jpg,Normal,139.2,155.66,151.56,11.02,Type_IV
35368.jpg,Normal,59.0,136.61,133.56,-78.3,Type_VI
3538.jpg,Normal,181.99,149.18,169.01,27.52,Type_IV
35385.jpg,Normal,99.78,132.37,141.1,-39.69,Type_VI
35392.jpg,Normal,157.26,137.54,147.89,30.41,Type_III
35511.jpg,Normal,100.24,137.29,138.17,-46.43,Type_VI
35512.jpg,Normal,120.75,135.94,126.44,59.53,Type_I
35516.jpg,Normal,112.26,144.91,142.12,-22.95,Type_V
35591.jpg,Normal,137.37,137.8,135.5,27.3,Type_IV
35615.jpg,Normal,61.55,142.36,139.46,-66.11,Type_VI
35630.jpg,Normal,144.41,145.22,138.25,32.91,Type_III
35633.jpg,Normal,176.15,142.86,149.08,42.15,Type_II
35635.jpg,Normal,69.06,140.42,137.57,-67.33,Type_VI
35636.jpg,Normal,73.91,128.08,127.79,89.41,Type_I
35637.jpg,Normal,99.17,159.79,150.06,-26.74,Type_V
3564.jpg,Normal,143.86,144.39,146.92,18.74,Type_IV
35712.jpg,Normal,81.8,147.86,147.94,-41.95,Type_VI
35718.jpg,Normal,120.7,143.99,141.58,-11.1,Type_V
35796.jpg,Normal,103.56,142.43,146.07,-27.45,Type_V
35798.jpg,Normal,143.14,129.46,149.6,15.85,Type_IV
35799.jpg,Normal,195.05,135.87,136.96,71.31,Type_I
3580.jpg,Normal,86.04,142.73,146.03,-42.04,Type_VI
35800.jpg,Normal,157.56,141.27,135.54,57.39,Type_I
35804.jpg,Normal,109.97,139.05,156.16,-13.72,Type_V
35808.jpg,Normal,103.66,134.12,119.86,48.96,Type_II
35876.jpg,Normal,110.17,141.99,138.28,-33.46,Type_VI
35947.jpg,Normal,65.9,139.2,134.88,-74.1,Type_VI
35953.jpg,Normal,126.48,144.39,146.39,-1.24,Type_V
35957.jpg,Normal,179.48,130.68,127.18,-87.7,Type_VI
35960.jpg,Normal,127.88,147.65,156.88,0.3,Type_V
36027.jpg,Normal,159.4,132.31,133.53,66.17,Type_I
36030.jpg,Normal,110.71,149.89,150.48,-16.33,Type_V
36037.jpg,Normal,93.82,145.88,140.82,-45.86,Type_VI
36045.jpg,Normal,126.92,152.56,155.31,-0.48,Type_V
36049.jpg,Normal,182.24,130.07,122.58,-75.83,Type_VI
36119.jpg,Normal,133.95,148.68,162.72,4.17,Type_V
36121.jpg,Normal,144.66,145.91,162.9,10.91,Type_IV
36122.jpg,Normal,137.26,144.54,136.9,23.26,Type_IV
36123.jpg,Normal,116.59,150.54,146.81,-12.81,Type_V
36128.jpg,Normal,146.63,148.03,159.71,13.31,Type_IV
36134.jpg,Normal,88.09,148.84,146.33,-40.14,Type_VI
36230.jpg,Normal,101.48,144.73,159.93,-17.72,Type_V
36233.jpg,Normal,125.25,136.31,122.22,8.67,Type_V
36236.jpg,Normal,134.74,139.57,147.56,8.26,Type_V
36250.jpg,Normal,83.25,134.87,138.58,-58.63,Type_VI
36347.jpg,Normal,112.97,145.8,157.72,-10.85,Type_V
3635.jpg,Normal,73.99,162.36,137.63,-65.34,Type_VI
36357.jpg,Normal,116.25,136.97,132.27,-45.94,Type_VI
36362.jpg,Normal,119.0,143.94,140.7,-14.71,Type_V
36367.jpg,Normal,112.64,156.06,149.67,-15.05,Type_V
36368.jpg,Normal,161.38,140.02,137.07,55.69,Type_I
36476.jpg,Normal,82.47,151.58,148.61,-40.59,Type_VI
36479.jpg,Normal,193.03,143.52,147.62,52.64,Type_II
36483.jpg,Normal,149.87,151.25,145.54,26.58,Type_IV
36503.jpg,Normal,136.21,138.94,128.25,85.84,Type_I
36641.jpg,Normal,117.29,137.05,145.27,-13.05,Type_V
36643.jpg,Normal,92.44,139.85,141.73,-45.04,Type_VI
36649.jpg,Normal,104.09,146.1,146.19,-26.79,Type_V
36773.jpg,Normal,94.08,143.22,139.96,-47.61,Type_VI
36777.jpg,Normal,94.45,148.08,142.97,-40.89,Type_VI
36782.jpg,Normal,140.79,148.11,153.65,11.48,Type_IV
36791.jpg,Normal,163.5,149.1,150.82,31.75,Type_III
36792.jpg,Normal,173.23,144.66,147.99,41.89,Type_II
36795.jpg,Normal,67.95,150.14,148.76,-48.36,Type_VI
368.jpg,Normal,132.74,140.68,138.26,11.34,Type_IV
36875.jpg,Normal,184.44,143.19,143.82,54.68,Type_II
36877.jpg,Normal,70.68,154.39,156.54,-37.98,Type_VI
36881.jpg,Normal,139.99,139.9,142.69,18.44,Type_IV
36960.jpg,Normal,130.4,154.11,153.82,2.52,Type_V
36969.jpg,Normal,124.94,142.21,137.05,-6.32,Type_V
36977.jpg,Normal,131.55,141.88,137.85,9.16,Type_V
36981.jpg,Normal,66.89,136.64,134.43,-74.85,Type_VI
36982.jpg,Normal,151.16,149.56,159.74,16.29,Type_IV
37135.jpg,Normal,188.8,134.55,151.65,45.46,Type_II
37143.jpg,Normal,146.17,139.24,149.81,18.55,Type_IV
37250.jpg,Normal,110.59,152.99,143.15,-23.64,Type_V
37256.jpg,Normal,115.68,138.23,136.64,-28.21,Type_V
3726.jpg,Normal,118.33,132.27,129.76,-63.89,Type_VI
37264.jpg,Normal,84.16,139.42,137.2,-61.57,Type_VI
37440.jpg,Normal,194.71,142.39,147.13,54.02,Type_II
37442.jpg,Normal,165.96,140.42,128.59,87.76,Type_I
37448.jpg,Normal,125.07,142.38,139.23,-4.86,Type_V
37621.jpg,Normal,75.43,136.29,136.79,-66.71,Type_VI
37628.jpg,Normal,139.95,141.75,154.5,10.44,Type_IV
3777.jpg,Normal,62.74,142.48,156.82,-41.39,Type_VI
37772.jpg,Normal,174.31,144.68,159.73,30.05,Type_III
37917.jpg,Normal,81.68,140.18,144.43,-47.57,Type_VI
37922.jpg,Normal,21.89,133.85,132.02,-84.46,Type_VI
37923.jpg,Normal,78.52,140.92,137.78,-63.02,Type_VI
37924.jpg,Normal,154.62,146.09,152.54,23.43,Type_IV
37928.jpg,Normal,147.91,142.02,144.75,25.54,Type_IV
37930.jpg,Normal,153.44,145.21,138.04,45.39,Type_II
37931.jpg,Normal,128.43,145.39,124.03,-5.27,Type_V
37933.jpg,Normal,186.28,153.93,168.83,29.45,Type_III
37935.jpg,Normal,114.25,148.59,165.2,-7.95,Type_V
37937.jpg,Normal,78.36,148.64,148.14,-43.74,Type_VI
37943.jpg,Normal,81.25,128.0,128.0,-90.0,Type_VI
38015.jpg,Normal,102.4,142.43,150.94,-23.22,Type_V
38018.jpg,Normal,78.69,150.49,145.02,-48.36,Type_VI
38033.jpg,Normal,38.26,136.13,139.85,-71.29,Type_VI
38037.jpg,Normal,111.49,149.04,146.14,-19.09,Type_V
3812.jpg,Normal,90.44,138.54,141.08,-48.01,Type_VI
38153.jpg,Normal,169.57,155.21,164.49,24.33,Type_IV
38154.jpg,Normal,137.92,141.53,142.59,15.64,Type_IV
38163.jpg,Normal,80.85,148.22,145.19,-46.78,Type_VI
38164.jpg,Normal,188.62,147.1,148.74,49.14,Type_II
38165.jpg,Normal,165.37,137.03,154.54,29.23,Type_III
38170.jpg,Normal,216.43,138.04,149.69,58.12,Type_I
38223.jpg,Normal,154.6,143.55,148.31,27.62,Type_IV
38343.jpg,Normal,66.15,136.46,139.76,-63.94,Type_VI
38344.jpg,Normal,74.97,142.11,140.6,-58.54,Type_VI
3835.jpg,Normal,97.8,158.63,158.24,-21.06,Type_V
38365.jpg,Normal,117.82,141.72,133.23,-35.97,Type_VI
3851.jpg,Normal,158.8,142.26,140.16,45.26,Type_II
38510.jpg,Normal,69.78,156.1,148.91,-47.27,Type_VI
38515.jpg,Normal,88.2,144.73,151.76,-32.97,Type_VI
38522.jpg,Normal,145.82,153.84,171.88,9.3,Type_V
38525.jpg,Normal,179.56,138.32,141.16,57.19,Type_I
38531.jpg,Normal,68.17,129.48,147.45,-50.11,Type_VI
38536.jpg,Normal,102.84,128.0,128.0,-90.0,Type_VI
38540.jpg,Normal,128.41,155.14,161.65,0.61,Type_V
38541.jpg,Normal,93.91,136.26,146.81,-35.0,Type_VI
38628.jpg,Normal,102.45,141.13,136.93,-47.71,Type_VI
3864.jpg,Normal,208.02,135.72,137.52,73.23,Type_I
38640.jpg,Normal,89.77,141.81,149.89,-34.05,Type_VI
38644.jpg,Normal,82.1,152.33,146.57,-43.8,Type_VI
38743.jpg,Normal,192.22,148.76,151.74,46.91,Type_II
38744.jpg,Normal,45.01,136.52,136.7,-74.95,Type_VI
38748.jpg,Normal,84.64,140.51,138.93,-56.95,Type_VI
38877.jpg,Normal,112.41,142.96,126.8,78.57,Type_I
38880.jpg,Normal,184.05,144.16,149.48,45.92,Type_II
38883.jpg,Normal,77.46,132.68,134.38,-71.98,Type_VI
38885.jpg,Normal,100.71,143.68,153.7,-22.24,Type_V
3889.jpg,Normal,63.93,143.55,141.93,-60.8,Type_VI
38978.jpg,Normal,162.34,145.62,150.95,30.77,Type_III
38983.jpg,Normal,71.37,137.85,145.1,-52.16,Type_VI
38986.jpg,Normal,178.52,140.45,142.9,53.32,Type_II
38991.jpg,Normal,150.04,138.59,140.88,34.45,Type_III
39053.jpg,Normal,152.72,154.52,166.7,14.33,Type_IV
39059.jpg,Normal,155.81,135.51,138.9,45.53,Type_II
39061.jpg,Normal,154.15,141.72,128.33,88.17,Type_I
39066.jpg,Normal,121.76,154.2,160.14,-4.01,Type_V
3907.jpg,Normal,85.58,146.8,140.49,-52.77,Type_VI
39070.jpg,Normal,75.28,144.96,134.42,-72.59,Type_VI
39076.jpg,Normal,129.59,152.47,148.54,2.29,Type_V
39077.jpg,Normal,139.89,144.32,142.87,18.1,Type_IV
39078.jpg,Normal,87.25,139.02,155.97,-29.44,Type_V
39186.jpg,Normal,179.23,124.8,141.87,55.63,Type_I
39187.jpg,Normal,190.44,128.0,128.0,90.0,Type_I
39188.jpg,Normal,96.45,144.14,143.47,-38.21,Type_VI
39193.jpg,Normal,127.02,151.28,151.5,-0.46,Type_V
39194.jpg,Normal,78.63,145.98,154.57,-35.81,Type_VI
39196.jpg,Normal,180.62,148.98,150.44,42.87,Type_II
39299.jpg,Normal,59.5,150.09,148.69,-52.19,Type_VI
39303.jpg,Normal,86.45,144.01,144.52,-44.26,Type_VI
39412.jpg,Normal,135.7,152.29,150.76,8.04,Type_V
39419.jpg,Normal,137.57,146.05,149.84,10.25,Type_IV
39423.jpg,Normal,109.03,144.64,147.72,-20.17,Type_V
39432.jpg,Normal,95.45,144.81,148.47,-31.55,Type_VI
3953.jpg,Normal,212.87,140.46,141.4,68.19,Type_I
39536.jpg,Normal,140.18,147.79,154.87,10.48,Type_IV
39540.jpg,Normal,176.95,148.45,154.61,36.08,Type_III
39542.jpg,Normal,134.3,146.32,152.95,6.1,Type_V
39545.jpg,Normal,243.97,128.54,124.82,-86.02,Type_VI
39546.jpg,Normal,109.05,144.25,154.39,-15.33,Type_V
39638.jpg,Normal,136.38,140.48,157.76,6.68,Type_V
39646.jpg,Normal,72.57,142.52,140.83,-59.23,Type_VI
3965.jpg,Normal,158.02,152.18,146.02,33.59,Type_III
39651.jpg,Normal,48.52,123.26,143.61,-63.26,Type_VI
39654.jpg,Normal,131.57,148.59,165.99,2.41,Type_V
39655.jpg,Normal,43.89,145.7,143.29,-64.99,Type_VI
39659.jpg,Normal,44.73,133.49,129.35,-87.62,Type_VI
39732.jpg,Normal,136.69,140.71,120.95,-27.08,Type_V
39738.jpg,Normal,108.47,136.94,135.46,-45.01,Type_VI
39744.jpg,Normal,154.48,140.84,148.15,27.7,Type_IV
39747.jpg,Normal,101.73,144.27,145.98,-29.34,Type_V
39816.jpg,Normal,140.83,146.7,148.9,14.04,Type_IV
39825.jpg,Normal,61.18,137.59,135.96,-72.98,Type_VI
39826.jpg,Normal,100.99,139.53,136.66,-50.2,Type_VI
39830.jpg,Normal,59.93,136.11,132.4,-80.58,Type_VI
3984.jpg,Normal,201.86,144.78,140.6,66.63,Type_I
3988.jpg,Normal,120.74,142.45,137.72,-15.25,Type_V
39881.jpg,Normal,116.05,146.05,153.25,-10.08,Type_V
3989.jpg,Normal,33.66,136.34,137.19,-75.98,Type_VI
39892.jpg,Normal,124.7,149.6,149.15,-2.98,Type_V
39895.jpg,Normal,59.91,148.29,139.31,-66.89,Type_VI
39972.jpg,Normal,56.01,138.55,136.6,-72.95,Type_VI
39976.jpg,Normal,108.49,147.14,147.6,-20.82,Type_V
40063.jpg,Normal,103.28,141.37,133.62,-59.4,Type_VI
40071.jpg,Normal,170.74,137.7,147.51,40.99,Type_III
4008.jpg,Normal,80.55,143.92,145.34,-46.71,Type_VI
40083.jpg,Normal,121.36,152.29,145.25,-7.95,Type_V
40088.jpg,Normal,95.83,140.96,141.14,-43.38,Type_VI
4018.jpg,Normal,131.58,146.75,159.84,2.88,Type_V
40180.jpg,Normal,62.07,138.51,138.82,-67.15,Type_VI
40185.jpg,Normal,142.58,149.06,156.52,11.71,Type_IV
40186.jpg,Normal,118.91,146.16,143.24,-12.47,Type_V
40188.jpg,Normal,53.97,141.27,139.0,-69.12,Type_VI
40193.jpg,Normal,125.96,136.09,143.45,-2.23,Type_V
40196.jpg,Normal,86.36,140.05,142.99,-47.11,Type_VI
40197.jpg,Normal,97.61,134.73,137.85,-49.97,Type_VI
40346.jpg,Normal,181.63,138.38,128.33,89.11,Type_I
40356.jpg,Normal,118.93,152.07,158.47,-6.29,Type_V
40387.jpg,Normal,72.63,132.28,131.37,-81.1,Type_VI
40449.jpg,Normal,166.43,142.41,147.17,38.53,Type_III
40450.jpg,Normal,128.63,151.61,149.24,1.19,Type_V
40460.jpg,Normal,112.72,142.18,139.71,-26.33,Type_V
40471.jpg,Normal,89.74,144.76,137.14,-58.31,Type_VI
40496.jpg,Normal,120.93,127.8,127.74,84.31,Type_I
40583.jpg,Normal,146.47,142.82,139.95,31.9,Type_III
40612.jpg,Normal,61.85,132.55,122.84,78.66,Type_I
40617.jpg,Normal,133.83,139.91,140.1,11.6,Type_IV
40626.jpg,Normal,156.86,140.66,147.17,31.0,Type_III
40657.jpg,Normal,89.09,155.17,159.14,-25.81,Type_V
40708.jpg,Normal,89.71,136.44,139.24,-52.82,Type_VI
4071.jpg,Normal,144.99,144.38,138.64,32.82,Type_III
40714.jpg,Normal,184.51,140.33,140.67,60.46,Type_I
40715.jpg,Normal,91.34,148.74,143.26,-42.89,Type_VI
40719.jpg,Normal,135.45,130.89,134.39,26.03,Type_IV
40745.jpg,Normal,125.37,150.9,137.42,-5.07,Type_V
40773.jpg,Normal,104.33,139.47,141.47,-34.01,Type_VI
4085.jpg,Normal,104.1,141.72,144.53,-29.05,Type_V
40853.jpg,Normal,158.53,146.37,143.16,38.75,Type_III
40854.jpg,Normal,122.65,139.49,141.67,-7.92,Type_V
40863.jpg,Normal,53.67,135.43,133.47,-79.31,Type_VI
40864.jpg,Normal,162.09,150.31,160.67,22.55,Type_IV
40969.jpg,Normal,132.32,152.54,150.39,4.82,Type_V
40973.jpg,Normal,131.69,148.57,145.05,5.51,Type_V
40981.jpg,Normal,67.33,139.82,143.27,-57.09,Type_VI
40986.jpg,Normal,64.61,139.29,142.67,-59.25,Type_VI
4099.jpg,Normal,12.88,134.18,130.72,-86.53,Type_VI
40991.jpg,Normal,136.93,140.59,150.24,9.44,Type_V
40995.jpg,Normal,111.14,144.7,135.26,-41.47,Type_VI
40996.jpg,Normal,142.6,130.39,131.75,57.69,Type_I
41127.jpg,Normal,148.55,140.17,136.07,45.64,Type_II
4113.jpg,Normal,100.31,141.77,135.03,-56.59,Type_VI
41136.jpg,Normal,196.04,144.31,159.18,40.76,Type_III
41138.jpg,Normal,102.4,143.79,143.57,-32.29,Type_VI
41141.jpg,Normal,155.02,145.22,149.2,26.98,Type_IV
41208.jpg,Normal,54.34,148.24,148.67,-54.23,Type_VI
41216.jpg,Normal,148.3,148.12,144.68,26.07,Type_IV
41292.jpg,Normal,28.65,134.42,134.4,-80.63,Type_VI
41299.jpg,Normal,42.17,140.47,139.63,-70.84,Type_VI
41301.jpg,Normal,75.18,136.18,147.1,-47.05,Type_VI
41302.jpg,Normal,106.0,148.15,141.67,-31.67,Type_VI
41308.jpg,Normal,121.02,141.37,139.61,-12.35,Type_V
41309.jpg,Normal,85.99,147.01,129.38,-85.16,Type_VI
41399.jpg,Normal,156.97,148.47,139.91,44.14,Type_II
4140.jpg,Normal,141.77,147.18,158.68,10.34,Type_IV
41401.jpg,Normal,106.79,142.1,147.31,-22.81,Type_V
41402.jpg,Normal,132.09,145.01,152.98,4.12,Type_V
41525.jpg,Normal,194.32,139.59,141.98,61.92,Type_I
41602.jpg,Normal,59.14,137.84,138.27,-69.04,Type_VI
41659.jpg,Normal,143.23,152.68,152.01,14.4,Type_IV
41665.jpg,Normal,163.65,146.84,143.1,43.19,Type_II
41668.jpg,Normal,209.29,138.73,145.78,61.0,Type_I
41763.jpg,Normal,129.86,136.78,148.99,2.53,Type_V
41764.jpg,Normal,71.92,148.15,144.11,-53.53,Type_VI
41766.jpg,Normal,108.17,148.28,154.89,-15.74,Type_V
41769.jpg,Normal,132.35,142.25,144.83,6.45,Type_V
4177.jpg,Normal,135.61,138.7,133.63,29.45,Type_III
41771.jpg,Normal,117.75,168.32,177.19,-4.44,Type_V
41773.jpg,Normal,46.03,145.07,143.72,-63.81,Type_VI
41838.jpg,Normal,129.06,144.86,145.96,1.95,Type_V
41921.jpg,Normal,129.71,139.98,144.41,3.02,Type_V
41923.jpg,Normal,156.8,133.06,141.73,39.91,Type_III
41924.jpg,Normal,163.11,139.15,142.76,43.41,Type_II
41932.jpg,Normal,160.87,140.29,142.12,42.82,Type_II
42034.jpg,Normal,160.74,153.65,133.07,68.75,Type_I
42045.jpg,Normal,138.44,147.94,144.38,14.68,Type_IV
42057.jpg,Normal,142.61,152.65,171.28,7.79,Type_V
42062.jpg,Normal,187.09,140.03,154.64,41.26,Type_II
42168.jpg,Normal,110.43,147.27,148.41,-18.16,Type_V
42175.jpg,Normal,178.97,140.04,143.49,52.5,Type_II
42287.jpg,Normal,124.11,144.17,138.43,-7.26,Type_V
4229.jpg,Normal,154.5,140.99,146.54,29.73,Type_III
42292.jpg,Normal,126.92,142.11,140.0,-1.08,Type_V
42295.jpg,Normal,148.32,151.14,145.64,24.83,Type_IV
42298.jpg,Normal,92.13,151.72,146.96,-36.19,Type_VI
4230.jpg,Normal,122.81,148.3,151.67,-4.44,Type_V
42300.jpg,Normal,174.44,147.25,152.47,36.96,Type_III
42301.jpg,Normal,132.25,140.3,135.63,13.72,Type_IV
42407.jpg,Normal,131.71,135.87,145.2,5.48,Type_V
42408.jpg,Normal,90.88,146.51,149.66,-33.55,Type_VI
42409.jpg,Normal,96.01,141.03,138.74,-49.0,Type_VI
42410.jpg,Normal,106.57,140.48,133.24,-57.44,Type_VI
42427.jpg,Normal,74.39,145.48,133.81,-74.42,Type_VI
42523.jpg,Normal,110.21,148.95,149.4,-17.58,Type_V
4253.jpg,Normal,120.11,139.37,132.84,-30.92,Type_VI
42534.jpg,Normal,172.39,141.91,138.82,58.42,Type_I
42535.jpg,Normal,151.09,147.71,152.67,20.55,Type_IV
42541.jpg,Normal,143.5,144.92,139.05,29.59,Type_III
42542.jpg,Normal,125.69,129.04,136.96,-4.53,Type_V
42639.jpg,Normal,127.17,142.49,141.57,-0.54,Type_V
42644.jpg,Normal,130.27,147.57,141.05,4.76,Type_V
42721.jpg,Normal,154.83,140.56,146.29,30.37,Type_III
42726.jpg,Normal,47.81,135.29,134.42,-78.38,Type_VI
42727.jpg,Normal,74.02,143.45,138.96,-62.41,Type_VI
42730.jpg,Normal,171.23,128.0,128.0,90.0,Type_I
42736.jpg,Normal,76.36,140.72,136.76,-66.41,Type_VI
42741.jpg,Normal,130.21,149.07,146.41,3.3,Type_V
42749.jpg,Normal,135.21,144.68,146.37,9.35,Type_V
42895.jpg,Normal,144.34,147.6,143.63,22.91,Type_IV
4299.jpg,Normal,70.5,137.63,147.59,-48.76,Type_VI
42990.jpg,Normal,177.77,150.17,156.3,34.86,Type_III
42997.jpg,Normal,139.75,141.24,143.49,17.24,Type_IV
42999.jpg,Normal,69.01,138.67,139.45,-63.47,Type_VI
43011.jpg,Normal,78.55,137.26,138.13,-62.18,Type_VI
43109.jpg,Normal,115.87,140.72,131.76,-50.47,Type_VI
43116.jpg,Normal,104.06,139.02,147.79,-24.92,Type_V
43118.jpg,Normal,142.51,137.6,148.92,15.71,Type_IV
43174.jpg,Normal,60.71,143.18,142.52,-61.0,Type_VI
43206.jpg,Normal,77.02,133.59,133.27,-75.1,Type_VI
4321.jpg,Normal,148.07,133.66,154.04,17.21,Type_IV
43211.jpg,Normal,41.27,140.97,144.77,-63.63,Type_VI
43212.jpg,Normal,84.74,139.75,142.34,-49.45,Type_VI
43213.jpg,Normal,116.37,156.3,157.21,-8.5,Type_V
43216.jpg,Normal,70.59,127.32,139.48,-62.78,Type_VI
43219.jpg,Normal,140.51,140.58,150.97,12.53,Type_IV
4323.jpg,Normal,64.87,144.76,143.94,-57.03,Type_VI
43308.jpg,Normal,102.33,128.0,128.0,-90.0,Type_VI
43311.jpg,Normal,107.69,150.14,154.11,-16.57,Type_V
43316.jpg,Normal,106.61,147.56,143.42,-27.97,Type_V
43319.jpg,Normal,103.73,143.7,149.84,-23.12,Type_V
43322.jpg,Normal,163.54,143.37,134.14,66.54,Type_I
43327.jpg,Normal,59.64,140.8,140.19,-65.4,Type_VI
43410.jpg,Normal,87.61,162.21,157.2,-28.18,Type_V
43413.jpg,Normal,150.67,142.22,142.3,32.43,Type_III
43417.jpg,Normal,164.13,136.97,141.16,47.51,Type_II
43436.jpg,Normal,145.94,141.47,153.62,15.76,Type_IV
43514.jpg,Normal,124.22,144.75,138.88,-6.75,Type_V
43521.jpg,Normal,15.49,129.44,132.14,-84.62,Type_VI
43673.jpg,Normal,115.76,151.16,158.35,-8.63,Type_V
43681.jpg,Normal,56.88,135.09,132.36,-81.05,Type_VI
43687.jpg,Normal,98.52,143.96,142.78,-37.55,Type_VI
43689.jpg,Normal,148.06,143.06,152.22,18.41,Type_IV
4369.jpg,Normal,105.58,152.8,157.52,-16.24,Type_V
43830.jpg,Normal,166.16,146.04,156.05,28.4,Type_III
43832.jpg,Normal,165.75,147.33,152.54,31.43,Type_III
43840.jpg,Normal,139.09,139.54,148.44,12.53,Type_IV
43901.jpg,Normal,109.7,141.48,146.96,-20.2,Type_V
43915.jpg,Normal,114.17,135.03,136.4,-31.88,Type_VI
43997.jpg,Normal,154.43,149.17,147.96,27.89,Type_IV
44004.jpg,Normal,144.38,140.97,150.1,16.67,Type_IV
44007.jpg,Normal,79.46,139.07,133.61,-73.42,Type_VI
44016.jpg,Normal,78.53,147.74,142.79,-52.4,Type_VI
44098.jpg,Normal,118.01,146.2,131.89,-43.77,Type_VI
44105.jpg,Normal,82.09,141.37,148.52,-40.96,Type_VI
44114.jpg,Normal,45.87,148.12,141.87,-66.57,Type_VI
44115.jpg,Normal,136.85,156.3,161.39,6.27,Type_V
44116.jpg,Normal,72.0,142.41,142.91,-55.58,Type_VI
44256.jpg,Normal,181.02,148.24,136.71,67.47,Type_I
4426.jpg,Normal,137.16,147.02,155.14,7.95,Type_V
44261.jpg,Normal,123.03,139.74,144.82,-5.95,Type_V
44269.jpg,Normal,86.8,137.72,141.08,-50.67,Type_VI
4428.jpg,Normal,101.05,150.68,151.44,-23.87,Type_V
44419.jpg,Normal,206.46,137.39,131.54,83.47,Type_I
44420.jpg,Normal,140.34,149.37,147.96,14.16,Type_IV
44432.jpg,Normal,156.26,136.44,137.14,50.99,Type_II
44506.jpg,Normal,89.96,128.06,139.57,-51.83,Type_VI
44511.jpg,Normal,135.98,141.98,143.84,11.86,Type_IV
44513.jpg,Normal,183.98,140.48,136.38,69.27,Type_I
44520.jpg,Normal,123.72,145.9,141.37,-6.33,Type_V
44594.jpg,Normal,126.25,142.53,152.65,-1.14,Type_V
44596.jpg,Normal,50.12,140.22,141.62,-65.83,Type_VI
44599.jpg,Normal,167.69,132.57,130.94,79.43,Type_I
44609.jpg,Normal,106.84,142.51,141.71,-30.59,Type_VI
44610.jpg,Normal,64.06,155.18,136.71,-70.72,Type_VI
44617.jpg,Normal,145.2,134.7,141.87,26.58,Type_IV
44618.jpg,Normal,129.1,129.78,136.12,4.42,Type_V
44621.jpg,Normal,77.8,134.63,128.07,-89.79,Type_VI
44708.jpg,Normal,59.67,160.61,160.4,-39.39,Type_VI
44713.jpg,Normal,92.04,141.64,145.07,-39.16,Type_VI
44714.jpg,Normal,83.25,137.93,146.74,-42.79,Type_VI
44718.jpg,Normal,144.76,150.62,151.02,16.38,Type_IV
44719.jpg,Normal,142.65,141.36,149.65,15.34,Type_IV
44725.jpg,Normal,184.17,142.44,141.73,58.29,Type_I
4481.jpg,Normal,86.63,148.36,152.61,-33.07,Type_VI
44819.jpg,Normal,79.07,146.58,133.17,-74.78,Type_VI
44822.jpg,Normal,84.38,142.32,145.06,-44.74,Type_VI
44910.jpg,Normal,161.59,141.52,127.91,-89.63,Type_VI
44913.jpg,Normal,153.71,144.69,143.67,33.26,Type_III
44923.jpg,Normal,166.1,132.8,129.82,83.13,Type_I
45000.jpg,Normal,99.69,147.67,154.97,-22.02,Type_V
45002.jpg,Normal,82.9,138.36,130.95,-80.42,Type_VI
45004.jpg,Normal,23.18,131.76,119.53,78.3,Type_I
45011.jpg,Normal,94.41,154.46,147.44,-33.72,Type_VI
45012.jpg,Normal,177.8,128.0,128.0,90.0,Type_I
45014.jpg,Normal,123.12,141.03,146.91,-5.19,Type_V
45023.jpg,Normal,113.5,145.4,137.53,-29.93,Type_V
45061.jpg,Normal,115.92,146.23,146.06,-14.11,Type_V
45063.jpg,Normal,89.57,146.98,145.27,-40.73,Type_VI
45075.jpg,Normal,114.7,145.68,157.41,-9.69,Type_V
45078.jpg,Normal,129.01,138.99,144.28,2.09,Type_V
45081.jpg,Normal,113.24,143.36,142.76,-20.75,Type_V
45168.jpg,Normal,162.68,137.3,141.51,45.61,Type_II
45175.jpg,Normal,121.95,128.0,128.0,-90.0,Type_VI
45255.jpg,Normal,135.25,152.57,161.84,5.13,Type_V
45260.jpg,Normal,152.55,136.03,145.64,29.12,Type_III
45262.jpg,Normal,73.61,140.94,138.43,-63.73,Type_VI
45272.jpg,Normal,151.22,135.32,138.34,41.97,Type_II
45277.jpg,Normal,90.58,164.96,168.64,-19.61,Type_V
45391.jpg,Normal,129.32,150.74,157.82,1.37,Type_V
4551.jpg,Normal,172.38,145.66,158.34,30.12,Type_III
45511.jpg,Normal,119.85,139.88,138.33,-16.2,Type_V
45516.jpg,Normal,119.29,139.55,146.52,-9.86,Type_V
45521.jpg,Normal,140.26,128.0,128.0,90.0,Type_I
45523.jpg,Normal,137.52,141.22,138.14,21.18,Type_IV
45525.jpg,Normal,125.25,149.52,153.52,-1.98,Type_V
4553.jpg,Normal,95.85,138.85,145.91,-34.72,Type_VI
45631.jpg,Normal,110.38,137.77,149.62,-17.25,Type_V
45643.jpg,Normal,69.33,135.83,135.83,-71.05,Type_VI
45734.jpg,Normal,115.13,136.61,139.16,-23.49,Type_V
45755.jpg,Normal,73.88,137.86,137.45,-65.81,Type_VI
45780.jpg,Normal,67.05,132.0,132.54,-79.15,Type_VI
45785.jpg,Normal,106.3,138.32,144.49,-26.76,Type_V
45786.jpg,Normal,172.45,142.81,131.32,79.32,Type_I
45790.jpg,Normal,93.22,136.47,142.31,-43.22,Type_VI
45793.jpg,Normal,215.37,151.74,128.76,88.73,Type_I
45797.jpg,Normal,71.48,142.62,137.99,-65.55,Type_VI
45800.jpg,Normal,123.15,135.13,132.56,-20.48,Type_V
45805.jpg,Normal,63.37,138.86,137.79,-68.72,Type_VI
45892.jpg,Normal,78.5,146.51,156.18,-34.29,Type_VI
45898.jpg,Normal,69.46,149.63,147.29,-49.72,Type_VI
45899.jpg,Normal,182.65,136.3,141.15,58.7,Type_I
45910.jpg,Normal,86.9,140.56,129.13,-85.95,Type_VI
45911.jpg,Normal,167.17,145.65,149.83,35.48,Type_III
46012.jpg,Normal,139.61,145.21,154.18,10.28,Type_IV
46015.jpg,Normal,166.28,145.26,140.64,50.28,Type_II
46016.jpg,Normal,144.48,143.32,153.02,14.9,Type_IV
46019.jpg,Normal,108.4,141.1,148.4,-20.16,Type_V
46023.jpg,Normal,132.54,133.94,142.11,7.97,Type_V
46029.jpg,Normal,80.35,139.57,134.83,-69.73,Type_VI
46031.jpg,Normal,136.04,145.34,145.39,10.89,Type_IV
46039.jpg,Normal,182.36,155.63,155.01,38.54,Type_III
46040.jpg,Normal,125.35,150.98,155.77,-1.74,Type_V
46162.jpg,Normal,203.55,140.54,150.93,52.44,Type_II
46163.jpg,Normal,61.71,144.18,142.96,-59.89,Type_VI
46165.jpg,Normal,45.47,140.26,133.32,-80.61,Type_VI
46174.jpg,Normal,89.03,144.33,149.52,-35.03,Type_VI
46258.jpg,Normal,112.02,149.56,152.41,-13.97,Type_V
46264.jpg,Normal,30.77,148.04,142.94,-68.5,Type_VI
46267.jpg,Normal,148.99,143.1,139.95,35.18,Type_III
46272.jpg,Normal,138.64,140.06,142.2,17.1,Type_IV
4628.jpg,Normal,125.56,145.81,139.7,-3.72,Type_V
46343.jpg,Normal,99.69,143.55,147.25,-29.54,Type_V
46346.jpg,Normal,122.96,138.35,143.41,-6.59,Type_V
46461.jpg,Normal,196.07,145.07,146.95,54.83,Type_II
46465.jpg,Normal,102.98,144.43,145.48,-28.82,Type_V
46467.jpg,Normal,129.02,141.79,141.58,2.52,Type_V
46473.jpg,Normal,98.72,143.08,145.01,-33.56,Type_VI
46477.jpg,Normal,180.86,128.0,128.0,90.0,Type_I
46478.jpg,Normal,126.28,141.07,139.05,-2.49,Type_V
46482.jpg,Normal,109.98,147.6,140.3,-29.19,Type_V
46590.jpg,Normal,131.36,147.93,152.0,3.61,Type_V
46593.jpg,Normal,85.51,137.66,130.22,-82.31,Type_VI
46596.jpg,Normal,122.91,144.15,138.92,-9.35,Type_V
46612.jpg,Normal,137.61,139.93,143.78,14.1,Type_IV
46617.jpg,Normal,92.92,139.67,146.12,-36.81,Type_VI
46762.jpg,Normal,36.28,140.5,135.23,-78.57,Type_VI
46764.jpg,Normal,94.31,147.39,147.08,-34.29,Type_VI
46912.jpg,Normal,116.42,142.05,152.86,-9.91,Type_V
46915.jpg,Normal,47.68,157.53,150.86,-53.86,Type_VI
47100.jpg,Normal,124.54,128.0,128.0,-90.0,Type_VI
47112.jpg,Normal,146.19,140.3,141.36,28.75,Type_III
47256.jpg,Normal,168.26,152.31,149.13,37.1,Type_III
47257.jpg,Normal,79.54,133.0,148.09,-43.11,Type_VI
47260.jpg,Normal,95.53,149.47,142.08,-41.68,Type_VI
47264.jpg,Normal,61.69,137.97,133.42,-78.14,Type_VI
4727.jpg,Normal,199.48,133.04,145.29,58.51,Type_I
47277.jpg,Normal,121.84,150.96,138.78,-11.63,Type_V
4728.jpg,Normal,100.16,150.39,146.16,-30.56,Type_VI
47281.jpg,Normal,152.93,128.0,128.0,90.0,Type_I
47285.jpg,Normal,94.66,145.13,138.92,-49.7,Type_VI
47337.jpg,Normal,137.31,137.67,141.37,16.05,Type_IV
47338.jpg,Normal,143.55,145.28,149.27,16.48,Type_IV
47347.jpg,Normal,126.17,145.65,137.92,-3.0,Type_V
47348.jpg,Normal,152.43,128.0,128.0,90.0,Type_I
4735.jpg,Normal,141.14,141.25,142.74,19.95,Type_IV
47426.jpg,Normal,115.76,137.45,143.5,-16.54,Type_V
47442.jpg,Normal,163.2,141.31,144.71,39.95,Type_III
47443.jpg,Normal,120.92,146.45,156.84,-5.11,Type_V
47493.jpg,Normal,85.8,145.65,128.36,-88.73,Type_VI
475.jpg,Normal,186.24,132.28,143.43,56.18,Type_I
47567.jpg,Normal,82.77,143.25,151.81,-36.38,Type_VI
47570.jpg,Normal,128.84,141.57,153.2,1.2,Type_V
47579.jpg,Normal,133.67,144.15,148.34,6.79,Type_V
47581.jpg,Normal,130.54,157.89,160.75,2.08,Type_V
4759.jpg,Normal,112.52,149.64,156.48,-11.65,Type_V
47591.jpg,Normal,133.57,141.91,147.84,6.84,Type_V
47594.jpg,Normal,57.62,147.19,145.76,-57.05,Type_VI
47684.jpg,Normal,160.18,150.5,151.42,28.69,Type_III
4769.jpg,Normal,96.89,142.89,146.84,-32.5,Type_VI
47692.jpg,Normal,98.55,156.95,149.5,-27.84,Type_V
47838.jpg,Normal,100.28,131.08,134.3,-59.45,Type_VI
47841.jpg,Normal,107.37,128.0,128.0,-90.0,Type_VI
47842.jpg,Normal,195.41,148.41,153.53,46.21,Type_II
47847.jpg,Normal,186.57,132.35,137.06,68.65,Type_I
47848.jpg,Normal,142.14,137.42,148.02,16.0,Type_IV
47903.jpg,Normal,128.0,132.86,132.64,2.4,Type_V
47954.jpg,Normal,170.58,135.77,152.82,34.24,Type_III
47957.jpg,Normal,145.95,138.96,147.08,20.77,Type_IV
47958.jpg,Normal,169.12,141.41,160.04,27.0,Type_IV
47960.jpg,Normal,154.5,128.0,128.0,90.0,Type_I
47961.jpg,Normal,99.85,146.9,148.71,-27.64,Type_V
47968.jpg,Normal,115.3,140.14,136.39,-29.7,Type_V
48030.jpg,Normal,75.68,139.81,145.91,-48.6,Type_VI
4804.jpg,Normal,136.92,147.88,147.64,10.66,Type_IV
48044.jpg,Normal,143.39,128.0,128.0,90.0,Type_I
48048.jpg,Normal,96.68,144.51,153.82,-25.08,Type_V
48049.jpg,Normal,130.22,144.91,159.36,1.95,Type_V
48051.jpg,Normal,142.02,128.0,128.0,90.0,Type_I
48131.jpg,Normal,126.05,140.18,136.69,-3.73,Type_V
48217.jpg,Normal,115.18,145.27,179.53,-5.36,Type_V
48220.jpg,Normal,180.27,144.56,160.97,32.12,Type_III
48232.jpg,Normal,163.58,140.73,140.55,48.43,Type_II
48239.jpg,Normal,153.15,140.08,146.89,28.04,Type_III
48318.jpg,Normal,72.55,134.0,132.48,-78.27,Type_VI
48320.jpg,Normal,70.83,138.34,129.4,-86.4,Type_VI
48323.jpg,Normal,126.93,154.29,173.82,-0.28,Type_V
48324.jpg,Normal,117.21,147.09,169.26,-5.59,Type_V
48334.jpg,Normal,124.5,152.64,146.89,-3.56,Type_V
48338.jpg,Normal,109.43,149.28,143.47,-24.61,Type_V
48375.jpg,Normal,175.94,139.33,143.99,49.9,Type_II
48399.jpg,Normal,186.48,139.66,136.94,68.87,Type_I
484.jpg,Normal,186.64,142.08,144.98,53.79,Type_II
4840.jpg,Normal,67.57,128.0,128.0,-90.0,Type_VI
48408.jpg,Normal,30.71,139.91,138.05,-75.17,Type_VI
48413.jpg,Normal,128.72,137.02,170.56,0.64,Type_V
48418.jpg,Normal,177.9,140.73,149.4,42.73,Type_II
48421.jpg,Normal,112.32,150.92,154.31,-12.75,Type_V
48493.jpg,Normal,101.77,139.54,140.78,-38.3,Type_VI
48494.jpg,Normal,132.05,135.12,140.75,7.97,Type_V
48498.jpg,Normal,115.69,145.59,148.18,-12.93,Type_V
48500.jpg,Normal,141.76,140.21,137.32,30.97,Type_III
48508.jpg,Normal,76.34,137.27,140.33,-58.41,Type_VI
4851.jpg,Normal,153.73,146.81,159.02,18.35,Type_IV
48632.jpg,Normal,100.0,145.25,143.24,-35.29,Type_VI
48635.jpg,Normal,70.5,142.11,144.93,-52.86,Type_VI
48639.jpg,Normal,89.15,141.44,141.57,-47.93,Type_VI
48644.jpg,Normal,149.66,144.82,146.98,24.61,Type_IV
48656.jpg,Normal,46.2,137.14,131.22,-84.23,Type_VI
48658.jpg,Normal,99.64,149.57,136.24,-52.97,Type_VI
48661.jpg,Normal,130.13,149.66,154.79,2.2,Type_V
4875.jpg,Normal,110.04,140.05,145.38,-21.51,Type_V
48753.jpg,Normal,56.29,143.03,139.39,-67.81,Type_VI
48757.jpg,Normal,142.35,134.08,139.56,26.73,Type_IV
48765.jpg,Normal,81.97,144.09,145.47,-45.63,Type_VI
48768.jpg,Normal,92.39,141.23,138.46,-52.78,Type_VI
48770.jpg,Normal,161.5,144.21,150.86,30.25,Type_III
48774.jpg,Normal,166.42,144.07,140.65,50.34,Type_II
48776.jpg,Normal,206.11,139.76,145.65,60.21,Type_I
4878.jpg,Normal,43.56,143.69,138.24,-72.71,Type_VI
48882.jpg,Normal,62.32,143.55,134.94,-74.82,Type_VI
48887.jpg,Normal,224.05,128.72,129.86,87.19,Type_I
48928.jpg,Normal,132.16,140.1,152.42,4.28,Type_V
48930.jpg,Normal,160.26,134.26,139.44,48.31,Type_II
48933.jpg,Normal,141.47,136.24,131.61,56.65,Type_I
48940.jpg,Normal,119.82,138.62,144.88,-10.12,Type_V
4895.jpg,Normal,102.98,129.07,131.88,-68.0,Type_VI
48950.jpg,Normal,157.16,138.33,132.58,68.52,Type_I
48954.jpg,Normal,193.85,147.03,139.51,66.13,Type_I
49027.jpg,Normal,58.07,149.75,152.15,-48.43,Type_VI
49028.jpg,Normal,161.35,142.66,160.45,22.25,Type_IV
49040.jpg,Normal,168.34,152.47,134.61,67.57,Type_I
49042.jpg,Normal,61.96,159.9,162.14,-36.98,Type_VI
49170.jpg,Normal,128.43,137.88,148.26,1.04,Type_V
49179.jpg,Normal,141.48,148.08,158.84,10.08,Type_IV
49189.jpg,Normal,121.33,128.0,128.0,-90.0,Type_VI
49194.jpg,Normal,131.55,148.2,143.37,5.9,Type_V
4930.jpg,Normal,192.11,128.0,128.0,90.0,Type_I
49304.jpg,Normal,110.1,147.01,149.48,-17.63,Type_V
49306.jpg,Normal,89.63,136.78,144.91,-41.28,Type_VI
49308.jpg,Normal,65.42,136.2,134.41,-75.24,Type_VI
4931.jpg,Normal,122.39,140.78,149.42,-5.35,Type_V
49486.jpg,Normal,116.09,147.78,148.51,-12.31,Type_V
49489.jpg,Normal,177.34,138.96,125.74,-83.39,Type_VI
49576.jpg,Normal,118.57,140.66,145.09,-11.58,Type_V
49583.jpg,Normal,112.94,139.24,150.31,-14.36,Type_V
49588.jpg,Normal,123.07,139.1,139.22,-8.8,Type_V
49590.jpg,Normal,165.2,153.19,153.82,29.79,Type_III
49591.jpg,Normal,74.33,142.01,142.67,-54.88,Type_VI
49671.jpg,Normal,49.72,139.11,142.61,-64.41,Type_VI
49682.jpg,Normal,92.53,139.32,138.13,-53.56,Type_VI
49686.jpg,Normal,162.49,156.69,178.79,15.12,Type_IV
49688.jpg,Normal,142.73,145.61,145.0,19.36,Type_IV
49695.jpg,Normal,79.48,141.31,140.92,-55.56,Type_VI
49765.jpg,Normal,242.28,131.02,128.48,89.39,Type_I
4977.jpg,Normal,170.09,149.45,149.16,38.29,Type_III
49771.jpg,Normal,123.85,147.84,146.95,-4.32,Type_V
49773.jpg,Normal,96.52,141.28,138.24,-49.87,Type_VI
49779.jpg,Normal,159.02,144.94,153.17,26.15,Type_IV
49853.jpg,Normal,213.67,139.14,148.75,58.45,Type_I
49860.jpg,Normal,41.25,143.21,141.06,-68.89,Type_VI
49861.jpg,Normal,99.36,142.13,148.18,-28.67,Type_V
49863.jpg,Normal,60.39,135.96,132.05,-81.26,Type_VI
49864.jpg,Normal,129.22,140.83,138.03,3.84,Type_V
49867.jpg,Normal,135.08,145.84,162.51,4.92,Type_V
49869.jpg,Normal,86.39,146.45,142.13,-48.77,Type_VI
49872.jpg,Normal,117.13,141.56,143.23,-14.95,Type_V
49966.jpg,Normal,84.57,137.63,134.49,-68.93,Type_VI
49969.jpg,Normal,188.13,151.93,130.98,82.87,Type_I
49970.jpg,Normal,69.32,156.29,154.89,-40.31,Type_VI
49974.jpg,Normal,54.82,141.92,139.05,-68.8,Type_VI
49977.jpg,Normal,136.89,145.75,144.93,12.27,Type_IV
49981.jpg,Normal,87.0,142.03,131.07,-79.07,Type_VI
49983.jpg,Normal,154.53,139.29,142.21,36.71,Type_III
49985.jpg,Normal,178.05,145.76,151.45,40.21,Type_III
50055.jpg,Normal,54.9,142.45,140.56,-66.19,Type_VI
50058.jpg,Normal,98.92,144.81,147.88,-29.41,Type_V
5006.jpg,Normal,182.53,140.63,134.02,74.41,Type_I
50060.jpg,Normal,163.18,148.17,151.22,31.07,Type_III
50064.jpg,Normal,204.69,138.02,144.57,61.3,Type_I
50075.jpg,Normal,123.28,140.85,150.78,-4.16,Type_V
50163.jpg,Normal,109.96,147.43,147.49,-19.44,Type_V
50166.jpg,Normal,118.16,139.1,135.97,-24.69,Type_V
50171.jpg,Normal,66.22,147.28,150.25,-47.2,Type_VI
50180.jpg,Normal,133.08,165.85,172.73,2.8,Type_V
50181.jpg,Normal,131.81,128.0,128.0,90.0,Type_I
50274.jpg,Normal,171.54,139.48,157.08,30.71,Type_III
50275.jpg,Normal,150.77,141.03,154.63,18.91,Type_IV
50276.jpg,Normal,149.3,147.42,154.38,17.96,Type_IV
50279.jpg,Normal,49.32,139.67,140.54,-67.75,Type_VI
50280.jpg,Normal,110.05,142.54,142.76,-24.86,Type_V
50287.jpg,Normal,131.46,145.02,146.15,4.89,Type_V
50289.jpg,Normal,149.6,148.12,149.32,22.12,Type_IV
50355.jpg,Normal,140.82,141.86,127.76,-87.33,Type_VI
50359.jpg,Normal,195.93,140.03,142.1,62.28,Type_I
5036.jpg,Normal,184.34,130.98,145.4,52.02,Type_II
50365.jpg,Normal,96.95,139.3,141.85,-40.87,Type_VI
50367.jpg,Normal,111.12,140.8,139.41,-29.39,Type_V
50368.jpg,Normal,167.06,143.13,162.55,24.18,Type_IV
50370.jpg,Normal,105.76,144.04,160.78,-14.58,Type_V
50372.jpg,Normal,168.63,148.38,151.69,34.25,Type_III
50380.jpg,Normal,74.6,135.77,140.33,-59.27,Type_VI
50457.jpg,Normal,82.78,137.65,150.06,-38.49,Type_VI
50458.jpg,Normal,110.73,142.0,149.52,-16.99,Type_V
50468.jpg,Normal,109.84,150.92,151.18,-16.64,Type_V
50469.jpg,Normal,116.64,143.36,145.77,-13.48,Type_V
50472.jpg,Normal,84.28,135.58,135.51,-66.09,Type_VI
50595.jpg,Normal,126.65,142.28,137.96,-1.91,Type_V
50600.jpg,Normal,122.37,142.05,143.79,-7.26,Type_V
50601.jpg,Normal,163.71,138.93,140.27,49.18,Type_II
50602.jpg,Normal,131.84,143.75,147.67,4.95,Type_V
50603.jpg,Normal,101.08,138.53,152.19,-23.19,Type_V
50605.jpg,Normal,145.75,140.51,145.27,22.51,Type_IV
50606.jpg,Normal,170.77,153.03,153.23,33.92,Type_III
50610.jpg,Normal,133.49,145.16,144.7,8.01,Type_V
50611.jpg,Normal,98.15,134.17,140.73,-42.12,Type_VI
50616.jpg,Normal,167.54,139.65,140.93,50.54,Type_II
50723.jpg,Normal,152.08,140.79,138.75,41.9,Type_II
5073.jpg,Normal,129.9,144.47,140.59,4.28,Type_V
50737.jpg,Normal,105.42,139.76,150.22,-21.28,Type_V
50815.jpg,Normal,70.88,148.77,153.56,-40.98,Type_VI
50865.jpg,Normal,66.62,143.51,141.87,-59.84,Type_VI
5091.jpg,Normal,143.88,143.31,153.52,14.13,Type_IV
50913.jpg,Normal,156.64,143.43,141.81,39.62,Type_III
50915.jpg,Normal,86.0,137.87,129.81,-83.64,Type_VI
50916.jpg,Normal,45.23,135.13,135.68,-76.61,Type_VI
50918.jpg,Normal,138.08,144.42,138.89,20.85,Type_IV
51004.jpg,Normal,170.18,127.26,134.62,68.42,Type_I
51065.jpg,Normal,123.56,144.88,152.52,-3.6,Type_V
51068.jpg,Normal,119.41,141.21,147.18,-9.4,Type_V
51071.jpg,Normal,177.15,148.99,143.71,51.11,Type_II
5108.jpg,Normal,85.77,137.68,133.85,-70.33,Type_VI
51254.jpg,Normal,107.42,145.09,148.15,-21.34,Type_V
51259.jpg,Normal,109.3,155.36,138.98,-33.03,Type_VI
51339.jpg,Normal,168.48,143.9,154.3,31.42,Type_III
51360.jpg,Normal,148.28,149.79,149.7,20.58,Type_IV
51448.jpg,Normal,144.45,143.24,150.72,16.3,Type_IV
51449.jpg,Normal,132.22,141.67,128.28,81.44,Type_I
51450.jpg,Normal,161.34,147.68,162.74,20.91,Type_IV
51453.jpg,Normal,184.03,144.37,143.32,55.35,Type_I
51456.jpg,Normal,92.23,128.07,128.48,-88.01,Type_VI
51466.jpg,Normal,175.06,145.35,152.3,37.51,Type_III
51569.jpg,Normal,55.39,138.35,142.79,-62.39,Type_VI
51572.jpg,Normal,138.32,155.73,137.97,23.07,Type_IV
51575.jpg,Normal,141.85,133.52,143.76,19.65,Type_IV
51577.jpg,Normal,51.82,135.73,132.72,-80.97,Type_VI
51578.jpg,Normal,81.48,129.08,132.8,-75.11,Type_VI
51581.jpg,Normal,153.16,146.34,144.89,30.79,Type_III
51656.jpg,Normal,170.43,128.0,128.0,90.0,Type_I
51660.jpg,Normal,136.03,141.75,141.16,14.26,Type_IV
51663.jpg,Normal,130.52,150.54,145.96,3.77,Type_V
51665.jpg,Normal,148.35,145.49,144.3,26.64,Type_IV
51666.jpg,Normal,145.92,148.75,155.46,14.74,Type_IV
51734.jpg,Normal,138.3,143.01,161.58,7.19,Type_V
5174.jpg,Normal,52.58,137.83,139.3,-68.97,Type_VI
51740.jpg,Normal,119.77,145.05,149.86,-7.9,Type_V
51750.jpg,Normal,186.24,132.39,134.06,75.25,Type_I
51753.jpg,Normal,137.19,137.48,141.04,16.25,Type_IV
51842.jpg,Normal,88.57,145.14,133.94,-68.72,Type_VI
51843.jpg,Normal,107.14,142.73,145.13,-24.99,Type_V
51844.jpg,Normal,174.98,144.01,149.33,41.12,Type_II
51846.jpg,Normal,132.78,145.84,151.45,5.04,Type_V
51858.jpg,Normal,110.09,157.67,116.52,30.74,Type_III
51859.jpg,Normal,64.58,147.07,140.47,-63.19,Type_VI
51860.jpg,Normal,131.17,128.0,128.0,90.0,Type_I
51861.jpg,Normal,107.75,146.44,148.43,-20.76,Type_V
51862.jpg,Normal,87.54,140.85,147.61,-38.64,Type_VI
51865.jpg,Normal,132.2,146.17,136.74,11.91,Type_IV
51940.jpg,Normal,114.5,150.33,138.98,-24.9,Type_V
51948.jpg,Normal,131.94,141.84,144.22,6.12,Type_V
51957.jpg,Normal,157.02,147.89,154.71,23.43,Type_IV
51962.jpg,Normal,148.72,133.23,150.17,20.57,Type_IV
51965.jpg,Normal,135.29,153.02,165.05,4.71,Type_V
52052.jpg,Normal,163.87,152.55,148.79,34.45,Type_III
52055.jpg,Normal,115.89,132.26,133.92,-37.54,Type_VI
52060.jpg,Normal,176.41,140.43,139.16,59.8,Type_I
52076.jpg,Normal,172.96,151.44,148.22,41.4,Type_II
52077.jpg,Normal,65.72,145.71,145.06,-54.86,Type_VI
52222.jpg,Normal,110.33,142.8,152.82,-15.17,Type_V
52223.jpg,Normal,92.64,159.93,160.38,-22.89,Type_V
52243.jpg,Normal,110.62,136.18,140.6,-27.71,Type_V
52244.jpg,Normal,122.84,128.0,128.0,-90.0,Type_VI
52245.jpg,Normal,180.37,147.51,151.77,41.09,Type_II
52324.jpg,Normal,64.95,145.0,126.53,86.58,Type_I
52329.jpg,Normal,128.54,140.33,143.48,1.52,Type_V
5233.jpg,Normal,142.85,149.48,147.94,16.8,Type_IV
52330.jpg,Normal,163.37,139.9,113.53,-44.18,Type_VI
52335.jpg,Normal,200.09,130.78,146.49,57.0,Type_I
52434.jpg,Normal,86.48,143.69,152.62,-33.16,Type_VI
52437.jpg,Normal,33.68,128.0,128.0,-90.0,Type_VI
52438.jpg,Normal,99.33,142.57,138.8,-45.64,Type_VI
52554.jpg,Normal,177.01,130.31,137.98,62.79,Type_I
52558.jpg,Normal,82.18,149.68,146.73,-43.49,Type_VI
52559.jpg,Normal,91.4,141.97,136.79,-58.17,Type_VI
5256.jpg,Normal,187.05,139.52,145.79,52.7,Type_II
52561.jpg,Normal,122.32,147.35,146.66,-6.21,Type_V
52563.jpg,Normal,121.87,139.83,135.1,-17.27,Type_V
52571.jpg,Normal,103.83,136.93,136.49,-47.55,Type_VI
52576.jpg,Normal,66.5,138.33,139.53,-64.26,Type_VI
52710.jpg,Normal,100.34,129.8,134.69,-57.88,Type_VI
52712.jpg,Normal,61.18,140.91,140.42,-64.47,Type_VI
52719.jpg,Normal,127.83,149.03,145.79,0.42,Type_V
52729.jpg,Normal,155.61,139.76,147.25,29.8,Type_III
52792.jpg,Normal,118.94,145.36,145.07,-11.13,Type_V
52798.jpg,Normal,83.76,158.73,159.41,-28.64,Type_V
52799.jpg,Normal,119.07,142.48,139.93,-15.49,Type_V
5280.jpg,Normal,123.78,154.91,153.83,-3.23,Type_V
52800.jpg,Normal,100.42,142.56,140.52,-40.29,Type_VI
52804.jpg,Normal,155.24,128.0,128.0,90.0,Type_I
52891.jpg,Normal,210.06,138.72,150.71,54.96,Type_II
52893.jpg,Normal,192.47,142.24,145.04,56.23,Type_I
52898.jpg,Normal,65.56,136.85,141.74,-60.5,Type_VI
5291.jpg,Normal,105.72,148.1,149.61,-21.56,Type_V
52916.jpg,Normal,115.43,143.15,148.36,-13.09,Type_V
5302.jpg,Normal,145.31,136.84,151.84,16.34,Type_IV
53023.jpg,Normal,126.83,143.54,143.94,-0.95,Type_V
53025.jpg,Normal,115.77,145.91,145.64,-14.62,Type_V
53027.jpg,Normal,146.76,134.59,129.66,77.61,Type_I
53030.jpg,Normal,132.91,148.47,163.92,3.38,Type_V
53035.jpg,Normal,141.18,135.14,143.08,19.58,Type_IV
53172.jpg,Normal,74.92,152.27,152.66,-39.9,Type_VI
53177.jpg,Normal,211.03,139.64,138.11,72.84,Type_I
53194.jpg,Normal,61.56,139.43,139.29,-66.41,Type_VI
53292.jpg,Normal,76.42,148.79,151.85,-40.03,Type_VI
53297.jpg,Normal,94.01,153.34,150.65,-30.11,Type_VI
53308.jpg,Normal,62.18,133.82,135.79,-73.09,Type_VI
53310.jpg,Normal,140.14,162.18,167.22,7.2,Type_V
53403.jpg,Normal,108.43,146.28,140.33,-31.24,Type_VI
53407.jpg,Normal,154.85,134.99,130.88,74.98,Type_I
53425.jpg,Normal,178.25,149.18,152.51,39.08,Type_III
53461.jpg,Normal,113.98,160.44,160.96,-9.14,Type_V
53462.jpg,Normal,214.72,137.55,141.4,68.6,Type_I
53465.jpg,Normal,150.0,143.5,128.6,86.12,Type_I
53468.jpg,Normal,192.84,133.44,133.95,76.92,Type_I
53469.jpg,Normal,222.55,132.95,133.54,81.55,Type_I
53472.jpg,Normal,146.21,133.22,147.15,20.96,Type_IV
53482.jpg,Normal,106.22,146.9,145.94,-24.95,Type_V
53517.jpg,Normal,55.97,147.17,149.37,-52.7,Type_VI
53558.jpg,Normal,111.05,141.28,135.69,-40.0,Type_VI
53587.jpg,Normal,103.43,153.62,148.18,-25.07,Type_V
53593.jpg,Normal,179.49,143.42,145.11,50.0,Type_II
53597.jpg,Normal,138.37,139.77,138.68,21.76,Type_IV
53598.jpg,Normal,162.1,152.7,149.22,32.6,Type_III
53674.jpg,Normal,79.4,136.16,139.59,-58.43,Type_VI
53756.jpg,Normal,176.06,142.94,144.47,49.15,Type_II
53862.jpg,Normal,130.01,147.34,142.28,3.94,Type_V
53869.jpg,Normal,200.67,150.35,151.48,50.7,Type_II
53872.jpg,Normal,52.64,149.37,156.22,-46.13,Type_VI
53879.jpg,Normal,133.92,149.89,161.02,4.36,Type_V
53886.jpg,Normal,120.11,161.32,164.9,-4.49,Type_V
53887.jpg,Normal,133.65,141.92,156.99,4.76,Type_V
53889.jpg,Normal,158.76,145.65,149.72,29.44,Type_III
53926.jpg,Normal,78.74,140.7,133.28,-74.56,Type_VI
53933.jpg,Normal,41.96,135.56,134.35,-79.29,Type_VI
53936.jpg,Normal,189.16,140.57,136.23,71.19,Type_I
54010.jpg,Normal,136.18,141.13,140.6,15.13,Type_IV
5402.jpg,Normal,157.72,154.2,158.49,21.24,Type_IV
54021.jpg,Normal,117.08,148.81,145.93,-12.83,Type_V
54022.jpg,Normal,113.77,149.99,154.6,-11.44,Type_V
54024.jpg,Normal,62.1,151.43,152.49,-46.32,Type_VI
54159.jpg,Normal,50.0,132.12,135.18,-76.7,Type_VI
54170.jpg,Normal,62.15,139.89,144.71,-56.9,Type_VI
54172.jpg,Normal,150.17,140.9,143.95,29.13,Type_III
54173.jpg,Normal,184.45,143.21,154.46,40.16,Type_III
54174.jpg,Normal,155.74,138.21,130.53,77.15,Type_I
54175.jpg,Normal,151.96,135.91,134.29,56.73,Type_I
54176.jpg,Normal,102.04,145.35,148.25,-26.24,Type_V
54289.jpg,Normal,58.57,133.28,133.0,-79.51,Type_VI
5430.jpg,Normal,39.19,148.78,140.02,-70.86,Type_VI
54300.jpg,Normal,122.41,138.62,153.01,-4.56,Type_V
54302.jpg,Normal,32.94,130.75,133.22,-81.99,Type_VI
54439.jpg,Normal,89.98,137.76,138.54,-54.38,Type_VI
54443.jpg,Normal,134.29,144.5,155.1,5.61,Type_V
54445.jpg,Normal,162.83,141.74,156.51,25.92,Type_IV
5445.jpg,Normal,128.1,149.58,145.84,0.76,Type_V
54453.jpg,Normal,140.25,150.57,153.63,11.04,Type_IV
54553.jpg,Normal,113.63,145.76,145.52,-17.25,Type_V
54559.jpg,Normal,48.9,142.21,150.04,-54.44,Type_VI
54560.jpg,Normal,118.71,155.09,148.36,-9.61,Type_V
54680.jpg,Normal,181.67,142.2,143.82,53.32,Type_II
54684.jpg,Normal,137.24,142.08,148.25,10.68,Type_IV
54688.jpg,Normal,177.5,134.8,135.38,69.39,Type_I
54690.jpg,Normal,82.44,143.36,143.02,-49.64,Type_VI
54692.jpg,Normal,163.29,138.0,141.5,46.11,Type_II
54693.jpg,Normal,140.79,151.33,147.86,14.7,Type_IV
54746.jpg,Normal,106.04,149.86,152.24,-19.14,Type_V
54757.jpg,Normal,135.14,141.48,146.09,9.4,Type_V
54760.jpg,Normal,132.69,144.56,159.53,3.7,Type_V
54763.jpg,Normal,152.59,152.97,149.03,25.07,Type_IV
54764.jpg,Normal,149.29,138.0,153.86,18.28,Type_IV
54918.jpg,Normal,81.06,139.28,154.59,-34.41,Type_VI
55054.jpg,Normal,116.6,149.98,157.95,-8.12,Type_V
55141.jpg,Normal,95.83,153.72,152.59,-26.8,Type_V
55143.jpg,Normal,146.56,128.0,128.0,90.0,Type_I
55146.jpg,Normal,124.23,140.92,147.37,-3.79,Type_V
55148.jpg,Normal,50.84,128.17,135.19,-76.55,Type_VI
55149.jpg,Normal,103.83,139.22,143.12,-31.54,Type_VI
55163.jpg,Normal,169.2,140.67,162.18,25.57,Type_IV
55164.jpg,Normal,138.33,144.16,143.73,15.11,Type_IV
55165.jpg,Normal,173.97,143.8,134.4,70.64,Type_I
55172.jpg,Normal,136.51,140.64,135.4,25.55,Type_IV
55251.jpg,Normal,109.55,128.0,128.0,-90.0,Type_VI
55252.jpg,Normal,86.78,146.44,139.33,-54.64,Type_VI
55255.jpg,Normal,90.92,144.82,141.03,-47.76,Type_VI
55263.jpg,Normal,121.31,152.81,158.24,-4.59,Type_V
55265.jpg,Normal,158.43,150.06,136.38,55.35,Type_I
55271.jpg,Normal,93.4,141.4,144.1,-39.72,Type_VI
55390.jpg,Normal,107.01,149.97,162.23,-13.21,Type_V
5540.jpg,Normal,158.61,150.04,161.07,20.25,Type_IV
55406.jpg,Normal,116.85,144.5,144.31,-14.35,Type_V
55413.jpg,Normal,163.51,146.01,153.85,28.65,Type_III
55417.jpg,Normal,93.6,139.38,133.84,-66.27,Type_VI
55478.jpg,Normal,129.94,147.14,143.93,3.44,Type_V
55488.jpg,Normal,71.33,146.97,155.75,-38.44,Type_VI
5549.jpg,Normal,128.25,145.97,145.98,0.93,Type_V
55493.jpg,Normal,135.54,154.14,157.16,6.17,Type_V
55494.jpg,Normal,136.34,131.3,131.39,45.67,Type_II
55495.jpg,Normal,107.81,140.02,140.25,-32.23,Type_VI
55638.jpg,Normal,79.59,158.45,163.97,-27.58,Type_V
55640.jpg,Normal,103.5,137.16,131.95,-67.23,Type_VI
55641.jpg,Normal,133.01,128.0,128.0,90.0,Type_I
55652.jpg,Normal,45.04,136.96,138.21,-72.48,Type_VI
55653.jpg,Normal,62.38,142.2,146.63,-53.88,Type_VI
55657.jpg,Normal,164.13,139.25,145.51,39.36,Type_III
55658.jpg,Normal,99.89,145.57,147.44,-29.12,Type_V
55756.jpg,Normal,149.66,140.53,144.51,27.77,Type_IV
55758.jpg,Normal,168.49,148.61,154.37,31.36,Type_III
55759.jpg,Normal,114.12,139.03,153.36,-11.69,Type_V
55765.jpg,Normal,71.33,136.1,128.9,-87.66,Type_VI
55770.jpg,Normal,173.95,141.02,141.99,52.47,Type_II
55885.jpg,Normal,119.25,144.87,143.03,-12.15,Type_V
55886.jpg,Normal,108.59,139.53,148.85,-19.57,Type_V
55896.jpg,Normal,152.14,144.89,145.22,29.3,Type_III
5593.jpg,Normal,127.04,136.39,138.75,-0.96,Type_V
5595.jpg,Normal,153.5,154.07,159.14,18.13,Type_IV
55974.jpg,Normal,171.86,150.25,148.13,40.83,Type_III
55977.jpg,Normal,113.15,141.05,147.89,-15.8,Type_V
5598.jpg,Normal,221.41,133.56,142.72,68.21,Type_I
55991.jpg,Normal,103.24,135.22,137.32,-45.58,Type_VI
56027.jpg,Normal,54.74,142.51,132.1,-81.82,Type_VI
56089.jpg,Normal,200.96,148.12,149.91,52.75,Type_II
56099.jpg,Normal,180.67,141.83,169.82,26.5,Type_IV
56141.jpg,Normal,100.79,145.46,154.13,-21.85,Type_V
56206.jpg,Normal,216.05,136.05,135.33,78.08,Type_I
56209.jpg,Normal,70.85,139.88,143.53,-55.05,Type_VI
56219.jpg,Normal,165.03,139.1,133.86,68.3,Type_I
5623.jpg,Normal,122.12,150.67,156.61,-4.22,Type_V
56232.jpg,Normal,152.13,150.42,153.41,20.81,Type_IV
56265.jpg,Normal,102.93,158.45,157.63,-18.01,Type_V
56268.jpg,Normal,53.68,140.22,143.72,-61.49,Type_VI
56269.jpg,Normal,185.49,144.24,152.07,43.37,Type_II
56271.jpg,Normal,57.58,143.61,137.88,-70.18,Type_VI
56276.jpg,Normal,206.9,142.2,156.04,48.0,Type_II
56279.jpg,Normal,112.03,146.12,143.15,-21.82,Type_V
56282.jpg,Normal,61.07,143.57,136.22,-72.48,Type_VI
56288.jpg,Normal,155.39,133.25,131.11,74.14,Type_I
56290.jpg,Normal,94.47,136.55,135.39,-60.3,Type_VI
56297.jpg,Normal,218.39,130.58,143.73,66.19,Type_I
56352.jpg,Normal,97.46,141.42,164.15,-18.05,Type_V
56412.jpg,Normal,149.84,143.9,146.07,25.87,Type_IV
56416.jpg,Normal,39.56,138.75,130.67,-85.56,Type_VI
56418.jpg,Normal,155.65,137.72,132.64,67.18,Type_I
56419.jpg,Normal,173.3,138.04,133.16,73.98,Type_I
56420.jpg,Normal,204.57,134.96,132.57,81.41,Type_I
56430.jpg,Normal,159.24,152.19,167.42,17.52,Type_IV
56431.jpg,Normal,130.48,148.93,146.2,3.67,Type_V
56526.jpg,Normal,113.93,135.93,130.56,-64.35,Type_VI
56530.jpg,Normal,187.73,147.26,150.38,46.54,Type_II
56532.jpg,Normal,169.48,145.07,166.55,23.12,Type_IV
56533.jpg,Normal,60.83,146.43,143.25,-59.75,Type_VI
56535.jpg,Normal,176.38,146.28,141.82,54.2,Type_II
56540.jpg,Normal,121.23,144.74,148.54,-6.82,Type_V
5655.jpg,Normal,186.38,139.61,138.22,66.12,Type_I
56558.jpg,Normal,134.18,140.06,162.71,4.31,Type_V
56634.jpg,Normal,151.51,132.27,148.2,24.99,Type_IV
56635.jpg,Normal,155.44,150.63,149.89,26.59,Type_IV
56637.jpg,Normal,144.09,145.17,147.3,18.64,Type_IV
56639.jpg,Normal,158.02,133.84,155.57,23.46,Type_IV
56641.jpg,Normal,121.3,138.58,133.2,-25.06,Type_V
56643.jpg,Normal,160.91,144.25,142.78,41.55,Type_II
56644.jpg,Normal,152.3,135.42,160.49,16.66,Type_IV
56648.jpg,Normal,75.93,135.31,149.03,-43.88,Type_VI
56651.jpg,Normal,65.76,142.15,136.58,-70.49,Type_VI
56653.jpg,Normal,111.3,148.34,160.95,-10.91,Type_V
56771.jpg,Normal,86.1,143.48,140.38,-52.67,Type_VI
56775.jpg,Normal,97.49,142.71,125.5,77.99,Type_I
56779.jpg,Normal,56.32,130.04,133.7,-78.46,Type_VI
56785.jpg,Normal,168.73,141.82,147.26,40.01,Type_III
56788.jpg,Normal,93.88,140.85,139.52,-48.84,Type_VI
56789.jpg,Normal,112.71,127.8,138.47,-28.99,Type_V
56799.jpg,Normal,103.12,147.09,148.48,-25.03,Type_V
56878.jpg,Normal,182.18,143.99,152.9,40.74,Type_III
56880.jpg,Normal,118.56,149.28,178.18,-4.0,Type_V
56884.jpg,Normal,57.26,137.64,138.64,-68.88,Type_VI
56886.jpg,Normal,117.25,136.64,139.08,-19.95,Type_V
56890.jpg,Normal,130.91,146.74,144.83,4.54,Type_V
56894.jpg,Normal,143.47,142.74,151.0,15.23,Type_IV
56896.jpg,Normal,112.31,140.43,153.8,-13.01,Type_V
569.jpg,Normal,101.88,132.05,139.72,-40.61,Type_VI
56903.jpg,Normal,129.28,148.81,150.35,1.79,Type_V
56995.jpg,Normal,137.22,147.99,144.06,13.35,Type_IV
56998.jpg,Normal,109.58,139.63,126.73,79.77,Type_I
57.jpg,Normal,98.36,140.44,137.14,-51.33,Type_VI
5700.jpg,Normal,221.75,134.65,137.25,75.96,Type_I
57001.jpg,Normal,133.98,144.0,141.46,10.69,Type_IV
57156.jpg,Normal,124.47,139.73,141.51,-5.02,Type_V
57161.jpg,Normal,52.34,139.2,134.61,-77.37,Type_VI
57162.jpg,Normal,159.85,142.34,146.78,34.03,Type_III
57163.jpg,Normal,106.64,144.95,149.22,-21.08,Type_V
57172.jpg,Normal,87.73,143.53,142.16,-47.76,Type_VI
57178.jpg,Normal,90.15,148.79,147.1,-37.48,Type_VI
57180.jpg,Normal,144.4,152.32,148.26,18.11,Type_IV
57181.jpg,Normal,61.25,141.9,148.32,-51.97,Type_VI
57318.jpg,Normal,108.67,139.93,132.25,-60.1,Type_VI
57322.jpg,Normal,106.96,148.5,133.79,-54.31,Type_VI
57326.jpg,Normal,143.23,128.0,128.0,90.0,Type_I
57329.jpg,Normal,134.21,154.68,142.9,10.01,Type_IV
57440.jpg,Normal,47.95,139.97,144.23,-62.52,Type_VI
57447.jpg,Normal,182.02,137.6,136.44,68.47,Type_I
57458.jpg,Normal,129.13,142.91,135.51,4.87,Type_V
5746.jpg,Normal,51.56,136.42,135.53,-75.81,Type_VI
57460.jpg,Normal,37.81,140.33,139.41,-72.02,Type_VI
57605.jpg,Normal,160.11,149.8,156.38,24.25,Type_IV
57607.jpg,Normal,78.77,148.26,140.54,-56.72,Type_VI
57628.jpg,Normal,66.08,142.0,137.65,-68.16,Type_VI
57715.jpg,Normal,81.54,144.74,151.65,-37.31,Type_VI
5772.jpg,Normal,98.77,151.63,146.8,-30.93,Type_VI
57720.jpg,Normal,112.63,146.2,155.4,-12.02,Type_V
57726.jpg,Normal,134.92,142.26,135.99,20.01,Type_IV
57732.jpg,Normal,69.66,136.6,139.54,-63.03,Type_VI
57733.jpg,Normal,62.85,160.02,129.5,-86.62,Type_VI
57813.jpg,Normal,146.06,146.01,146.71,21.26,Type_IV
5792.jpg,Normal,104.42,151.55,145.26,-27.66,Type_V
57930.jpg,Normal,91.62,141.36,136.47,-58.94,Type_VI
57934.jpg,Normal,129.28,136.99,137.43,4.23,Type_V
57940.jpg,Normal,158.58,142.2,147.06,32.6,Type_III
57943.jpg,Normal,86.0,171.26,151.33,-34.9,Type_VI
58006.jpg,Normal,121.78,150.46,155.9,-4.6,Type_V
58008.jpg,Normal,173.02,145.43,138.68,59.1,Type_I
5801.jpg,Normal,148.6,137.88,131.77,65.53,Type_I
58010.jpg,Normal,90.22,147.91,148.99,-34.86,Type_VI
58012.jpg,Normal,145.64,147.78,158.27,13.22,Type_IV
58021.jpg,Normal,88.56,149.03,151.74,-32.75,Type_VI
58022.jpg,Normal,127.96,143.57,140.08,0.86,Type_V
58027.jpg,Normal,200.98,128.0,128.0,90.0,Type_I
58028.jpg,Normal,128.45,128.0,128.0,90.0,Type_I
58032.jpg,Normal,151.48,165.3,140.6,36.73,Type_III
58122.jpg,Normal,93.18,148.41,151.67,-29.63,Type_V
58123.jpg,Normal,152.38,144.85,146.39,27.95,Type_IV
58126.jpg,Normal,131.96,163.36,178.73,1.97,Type_V
58131.jpg,Normal,82.33,145.65,153.35,-34.94,Type_VI
58136.jpg,Normal,195.08,140.67,128.16,89.65,Type_I
58141.jpg,Normal,125.86,144.97,148.6,-1.79,Type_V
58143.jpg,Normal,148.49,139.93,141.39,31.58,Type_III
58144.jpg,Normal,154.66,145.08,143.23,34.96,Type_III
58148.jpg,Normal,111.27,143.18,143.64,-22.15,Type_V
58150.jpg,Normal,153.04,143.08,136.61,49.33,Type_II
5823.jpg,Normal,109.53,134.65,142.08,-26.59,Type_V
58237.jpg,Normal,194.22,130.89,130.82,83.86,Type_I
5824.jpg,Normal,158.07,139.15,154.8,24.1,Type_IV
58244.jpg,Normal,107.27,158.23,146.96,-22.7,Type_V
58246.jpg,Normal,103.64,143.29,141.58,-34.55,Type_VI
58256.jpg,Normal,125.22,141.16,141.32,-3.84,Type_V
58260.jpg,Normal,95.74,144.19,137.59,-52.41,Type_VI
58349.jpg,Normal,144.16,156.16,150.69,16.06,Type_IV
5835.jpg,Normal,68.13,139.52,137.77,-67.24,Type_VI
58354.jpg,Normal,161.52,146.23,131.17,76.65,Type_I
58362.jpg,Normal,143.03,149.32,156.56,12.04,Type_IV
58363.jpg,Normal,119.6,146.1,142.93,-11.73,Type_V
585.jpg,Normal,184.53,139.51,131.12,82.05,Type_I
58502.jpg,Normal,175.95,146.4,148.47,42.86,Type_II
58509.jpg,Normal,153.53,134.36,168.11,14.28,Type_IV
58624.jpg,Normal,150.38,141.17,142.62,31.53,Type_III
58627.jpg,Normal,130.94,142.12,149.53,3.58,Type_V
58629.jpg,Normal,170.4,141.45,133.93,70.59,Type_I
58714.jpg,Normal,146.94,169.0,169.7,10.36,Type_IV
58719.jpg,Normal,93.63,148.08,153.87,-27.18,Type_V
58733.jpg,Normal,161.75,141.06,143.85,40.27,Type_III
58737.jpg,Normal,155.58,143.07,138.02,47.69,Type_II
58777.jpg,Normal,130.1,137.82,154.6,2.19,Type_V
58779.jpg,Normal,106.42,137.47,135.28,-48.62,Type_VI
58785.jpg,Normal,87.96,145.11,141.84,-48.25,Type_VI
5879.jpg,Normal,202.25,139.35,128.24,89.54,Type_I
58891.jpg,Normal,132.5,152.44,146.85,5.94,Type_V
58893.jpg,Normal,87.47,146.03,148.78,-37.07,Type_VI
58898.jpg,Normal,136.65,143.35,155.14,7.53,Type_V
589.jpg,Normal,74.5,137.38,134.09,-73.67,Type_VI
58906.jpg,Normal,45.48,142.66,142.7,-65.44,Type_VI
58981.jpg,Normal,142.61,144.06,139.68,26.91,Type_IV
5899.jpg,Normal,179.87,131.14,133.75,74.36,Type_I
58992.jpg,Normal,69.5,141.49,154.09,-41.08,Type_VI
58999.jpg,Normal,74.53,142.36,143.77,-52.79,Type_VI
59.jpg,Normal,51.53,140.35,124.76,83.8,Type_I
59107.jpg,Normal,116.2,142.04,142.4,-17.11,Type_V
59108.jpg,Normal,106.74,147.15,161.96,-13.48,Type_V
59109.jpg,Normal,176.69,142.31,148.34,43.49,Type_II
59113.jpg,Normal,57.63,133.66,132.08,-81.53,Type_VI
59117.jpg,Normal,148.2,143.41,145.1,25.39,Type_IV
5912.jpg,Normal,117.33,143.81,137.13,-23.6,Type_V
59250.jpg,Normal,105.46,145.16,134.39,-53.51,Type_VI
59262.jpg,Normal,149.68,126.66,140.84,34.12,Type_III
59265.jpg,Normal,155.12,137.84,143.38,35.16,Type_III
59392.jpg,Normal,74.87,143.92,150.44,-42.61,Type_VI
59394.jpg,Normal,105.29,142.54,143.71,-29.0,Type_V
59402.jpg,Normal,124.98,146.24,142.68,-3.85,Type_V
59403.jpg,Normal,125.75,145.7,156.62,-1.37,Type_V
59404.jpg,Normal,171.44,144.88,150.94,36.91,Type_III
59411.jpg,Normal,54.44,125.16,142.9,-62.53,Type_VI
59525.jpg,Normal,140.36,155.6,165.92,7.58,Type_V
59612.jpg,Normal,60.73,138.3,138.72,-67.74,Type_VI
59616.jpg,Normal,161.32,155.69,148.23,33.25,Type_III
59618.jpg,Normal,82.06,139.98,137.6,-61.68,Type_VI
59621.jpg,Normal,134.6,143.79,144.31,9.69,Type_V
59777.jpg,Normal,102.85,144.39,149.06,-24.66,Type_V
59778.jpg,Normal,128.63,139.76,139.75,2.16,Type_V
59783.jpg,Normal,91.16,143.32,138.28,-54.19,Type_VI
59797.jpg,Normal,197.48,147.24,145.43,57.58,Type_I
59917.jpg,Normal,121.41,149.19,143.32,-8.86,Type_V
59918.jpg,Normal,141.31,155.59,157.68,10.34,Type_IV
59919.jpg,Normal,150.21,128.39,128.38,87.57,Type_I
59931.jpg,Normal,196.41,152.46,153.71,46.42,Type_II
59934.jpg,Normal,136.28,145.29,152.22,8.09,Type_V
59972.jpg,Normal,164.83,147.89,141.03,48.32,Type_II
59976.jpg,Normal,160.76,135.07,148.21,32.83,Type_III
59978.jpg,Normal,86.84,155.26,142.22,-48.27,Type_VI
5998.jpg,Normal,117.89,149.53,155.66,-7.76,Type_V
59983.jpg,Normal,122.76,143.84,146.87,-5.63,Type_V
60150.jpg,Normal,120.42,146.27,138.72,-14.52,Type_V
60152.jpg,Normal,203.98,146.22,141.77,65.35,Type_I
60154.jpg,Normal,104.23,134.71,162.86,-14.67,Type_V
60157.jpg,Normal,94.4,145.54,145.19,-37.06,Type_VI
60159.jpg,Normal,153.43,144.29,145.51,30.15,Type_III
60167.jpg,Normal,67.92,141.34,139.35,-64.1,Type_VI
60302.jpg,Normal,154.59,136.44,134.87,57.12,Type_I
60304.jpg,Normal,131.15,139.78,144.13,5.07,Type_V
60306.jpg,Normal,150.25,146.45,136.35,46.88,Type_II
60310.jpg,Normal,144.94,140.76,137.55,35.6,Type_III
60316.jpg,Normal,119.44,128.59,132.58,-34.62,Type_VI
6032.jpg,Normal,183.73,140.81,140.71,60.04,Type_I
60320.jpg,Normal,91.65,167.73,163.81,-21.44,Type_V
60327.jpg,Normal,224.96,133.78,135.01,79.61,Type_I
6033.jpg,Normal,163.77,138.15,139.93,50.01,Type_II
60413.jpg,Normal,76.09,146.35,148.51,-44.51,Type_VI
60433.jpg,Normal,74.47,150.95,161.66,-31.71,Type_VI
60573.jpg,Normal,184.51,147.47,155.11,39.51,Type_III
60579.jpg,Normal,101.98,138.93,143.81,-32.34,Type_VI
6058.jpg,Normal,71.74,130.55,131.94,-79.78,Type_VI
60586.jpg,Normal,167.5,149.7,145.07,42.58,Type_II
60588.jpg,Normal,123.23,128.0,128.0,-90.0,Type_VI
6059.jpg,Normal,111.45,128.01,135.7,-39.28,Type_VI
60591.jpg,Normal,125.88,144.18,147.06,-1.9,Type_V
60593.jpg,Normal,189.16,141.02,148.33,49.94,Type_II
60594.jpg,Normal,111.61,147.19,140.42,-26.64,Type_V
60598.jpg,Normal,114.06,152.15,149.29,-13.91,Type_V
606.jpg,Normal,110.68,138.86,142.87,-23.93,Type_V
60689.jpg,Normal,178.64,154.58,144.88,49.91,Type_II
60694.jpg,Normal,117.83,136.64,164.57,-5.92,Type_V
60696.jpg,Normal,67.76,134.71,139.61,-63.64,Type_VI
60706.jpg,Normal,213.75,137.38,149.8,57.2,Type_I
60709.jpg,Normal,154.15,157.32,149.67,25.75,Type_IV
60762.jpg,Normal,130.16,143.99,144.95,3.53,Type_V
60786.jpg,Normal,137.4,152.36,154.7,8.27,Type_V
60790.jpg,Normal,186.53,143.79,143.22,56.67,Type_I
60792.jpg,Normal,85.61,143.24,145.41,-43.34,Type_VI
60796.jpg,Normal,128.59,152.61,162.17,0.71,Type_V
60801.jpg,Normal,183.04,140.77,160.04,34.21,Type_III
60802.jpg,Normal,151.77,151.0,145.13,29.06,Type_III
60806.jpg,Normal,186.7,135.23,136.58,69.72,Type_I
6087.jpg,Normal,133.19,151.8,141.3,9.53,Type_V
60896.jpg,Normal,102.12,175.39,169.87,-13.37,Type_V
60897.jpg,Normal,102.48,136.74,138.54,-42.95,Type_VI
60898.jpg,Normal,177.97,146.79,148.97,43.35,Type_II
60901.jpg,Normal,220.52,137.2,139.77,72.11,Type_I
60902.jpg,Normal,126.03,150.12,140.26,-2.68,Type_V
60905.jpg,Normal,139.86,139.01,162.51,7.99,Type_V
6091.jpg,Normal,123.01,145.83,150.68,-4.44,Type_V
60910.jpg,Normal,192.1,141.09,142.5,60.21,Type_I
61017.jpg,Normal,38.92,137.27,133.01,-81.79,Type_VI
61018.jpg,Normal,113.33,140.93,145.74,-17.39,Type_V
61020.jpg,Normal,62.96,144.3,147.47,-52.43,Type_VI
61024.jpg,Normal,90.68,160.26,164.6,-21.53,Type_V
61036.jpg,Normal,131.96,137.22,134.06,16.12,Type_IV
61196.jpg,Normal,42.81,139.63,130.98,-84.87,Type_VI
61202.jpg,Normal,110.18,141.08,136.34,-39.16,Type_VI
61206.jpg,Normal,189.05,147.0,151.85,45.34,Type_II
61270.jpg,Normal,143.72,133.63,137.26,34.47,Type_III
61277.jpg,Normal,94.58,142.28,140.1,-46.85,Type_VI
61278.jpg,Normal,195.72,146.69,132.68,80.08,Type_I
61345.jpg,Normal,70.69,160.4,160.35,-34.55,Type_VI
6135.jpg,Normal,97.44,149.49,143.8,-36.73,Type_VI
61350.jpg,Normal,143.94,138.71,146.8,18.92,Type_IV
61356.jpg,Normal,107.76,155.09,151.0,-18.6,Type_V
61357.jpg,Normal,158.29,152.63,170.7,15.79,Type_IV
61364.jpg,Normal,148.12,145.13,145.74,24.51,Type_IV
61366.jpg,Normal,146.87,141.53,135.32,46.04,Type_II
61504.jpg,Normal,100.15,146.81,143.67,-34.39,Type_VI
61507.jpg,Normal,83.69,150.6,140.07,-54.92,Type_VI
61509.jpg,Normal,147.4,141.46,139.14,35.02,Type_III
61513.jpg,Normal,167.29,140.62,135.15,65.4,Type_I
61515.jpg,Normal,127.42,135.86,136.83,-0.19,Type_V
61519.jpg,Normal,164.3,144.35,147.51,36.49,Type_III
61521.jpg,Normal,77.56,142.31,141.63,-55.17,Type_VI
61613.jpg,Normal,138.94,151.19,157.84,8.55,Type_V
61692.jpg,Normal,71.61,145.08,144.01,-53.86,Type_VI
61696.jpg,Normal,47.37,134.89,137.2,-73.68,Type_VI
617.jpg,Normal,103.62,139.28,127.27,85.51,Type_I
61704.jpg,Normal,113.29,133.3,143.36,-19.95,Type_V
61705.jpg,Normal,108.78,156.6,157.83,-13.82,Type_V
61706.jpg,Normal,97.34,147.09,137.04,-52.59,Type_VI
61707.jpg,Normal,117.32,141.21,142.99,-14.91,Type_V
61708.jpg,Normal,132.38,147.65,144.61,6.57,Type_V
61709.jpg,Normal,139.59,154.58,140.06,21.45,Type_IV
61774.jpg,Normal,217.0,133.5,134.79,79.05,Type_I
61776.jpg,Normal,127.82,146.26,146.14,0.39,Type_V
61777.jpg,Normal,60.4,143.61,149.81,-50.35,Type_VI
6178.jpg,Normal,181.38,128.0,128.0,90.0,Type_I
61780.jpg,Normal,141.08,155.82,163.69,8.49,Type_V
61783.jpg,Normal,162.18,143.69,147.32,35.15,Type_III
6183.jpg,Normal,142.07,148.57,144.13,19.5,Type_IV
61833.jpg,Normal,145.08,128.0,128.0,90.0,Type_I
61835.jpg,Normal,119.09,146.79,153.27,-7.44,Type_V
61836.jpg,Normal,138.67,144.56,145.55,14.01,Type_IV
61840.jpg,Normal,90.83,140.94,151.07,-31.94,Type_VI
61842.jpg,Normal,201.29,128.0,128.0,90.0,Type_I
61847.jpg,Normal,125.53,134.26,113.81,3.12,Type_V
61849.jpg,Normal,43.68,137.65,138.31,-72.59,Type_VI
6195.jpg,Normal,153.44,157.8,179.84,11.1,Type_IV
61956.jpg,Normal,124.01,132.18,133.74,-13.42,Type_V
61958.jpg,Normal,188.46,128.0,128.0,90.0,Type_I
61959.jpg,Normal,82.15,146.46,150.4,-38.44,Type_VI
62006.jpg,Normal,126.27,137.9,142.62,-1.89,Type_V
6201.jpg,Normal,141.47,153.81,151.25,13.26,Type_IV
62011.jpg,Normal,38.11,140.42,136.9,-75.75,Type_VI
62013.jpg,Normal,130.58,132.57,146.06,3.82,Type_V
62017.jpg,Normal,156.61,137.13,137.11,51.4,Type_II
6202.jpg,Normal,86.31,145.08,141.34,-50.46,Type_VI
62020.jpg,Normal,47.16,135.44,133.83,-79.52,Type_VI
62024.jpg,Normal,163.8,143.85,134.76,64.6,Type_I
62181.jpg,Normal,126.74,145.34,147.34,-0.88,Type_V
62191.jpg,Normal,29.09,127.64,128.44,-89.35,Type_VI
62192.jpg,Normal,85.78,142.89,152.32,-33.93,Type_VI
62196.jpg,Normal,108.87,154.29,139.74,-31.9,Type_VI
62199.jpg,Normal,147.1,146.59,145.25,24.03,Type_IV
62332.jpg,Normal,140.52,139.34,134.38,38.65,Type_III
62336.jpg,Normal,169.94,143.74,148.84,38.61,Type_III
62338.jpg,Normal,126.9,128.0,128.0,-90.0,Type_VI
62339.jpg,Normal,112.83,133.86,143.33,-20.58,Type_V
62344.jpg,Normal,92.01,153.14,161.95,-22.29,Type_V
62345.jpg,Normal,119.75,142.51,140.43,-13.74,Type_V
62468.jpg,Normal,123.74,139.62,123.67,18.81,Type_IV
62476.jpg,Normal,124.8,147.0,150.18,-2.74,Type_V
62481.jpg,Normal,64.21,136.32,138.95,-66.2,Type_VI
62583.jpg,Normal,71.48,134.28,136.16,-69.62,Type_VI
62597.jpg,Normal,169.12,152.2,164.32,24.2,Type_IV
62598.jpg,Normal,112.05,137.2,129.75,-73.92,Type_VI
62695.jpg,Normal,156.64,141.8,148.48,29.16,Type_III
62700.jpg,Normal,117.63,136.76,137.36,-22.45,Type_V
62702.jpg,Normal,107.95,139.57,135.47,-45.74,Type_VI
62705.jpg,Normal,127.3,149.88,163.65,-0.13,Type_V
62716.jpg,Normal,177.16,147.88,150.4,41.01,Type_II
62793.jpg,Normal,172.53,137.32,132.82,74.74,Type_I
62795.jpg,Normal,154.16,137.56,156.33,20.25,Type_IV
62801.jpg,Normal,160.45,143.57,144.97,37.29,Type_III
62805.jpg,Normal,82.4,142.86,143.1,-49.51,Type_VI
62806.jpg,Normal,131.11,136.52,148.12,4.02,Type_V
6281.jpg,Normal,127.93,147.71,147.52,0.49,Type_V
62811.jpg,Normal,118.5,166.51,157.8,-6.76,Type_V
62812.jpg,Normal,104.01,148.8,133.99,-56.96,Type_VI
62908.jpg,Normal,135.97,142.25,147.05,9.9,Type_V
62909.jpg,Normal,169.53,134.12,163.96,24.62,Type_IV
62915.jpg,Normal,106.99,140.8,141.99,-29.91,Type_V
6292.jpg,Normal,117.7,138.83,137.18,-22.71,Type_V
62999.jpg,Normal,113.69,148.17,134.91,-38.08,Type_VI
63009.jpg,Normal,94.96,146.77,145.57,-35.99,Type_VI
6301.jpg,Normal,177.89,141.19,138.51,61.98,Type_I
63013.jpg,Normal,97.61,137.23,136.05,-55.53,Type_VI
63018.jpg,Normal,125.49,147.96,140.16,-3.72,Type_V
6302.jpg,Normal,118.62,148.27,155.57,-7.2,Type_V
63023.jpg,Normal,162.97,138.59,139.15,51.27,Type_II
63108.jpg,Normal,46.18,140.99,143.91,-63.49,Type_VI
63115.jpg,Normal,93.68,143.28,144.9,-38.12,Type_VI
63116.jpg,Normal,107.55,150.83,131.17,-67.92,Type_VI
63120.jpg,Normal,122.62,149.29,151.94,-4.57,Type_V
63157.jpg,Normal,154.6,136.4,145.74,30.92,Type_III
63165.jpg,Normal,145.81,140.94,143.28,25.16,Type_IV
63167.jpg,Normal,24.28,130.6,131.77,-84.69,Type_VI
63168.jpg,Normal,159.53,143.61,138.53,50.02,Type_II
63237.jpg,Normal,193.98,146.68,150.58,49.1,Type_II
6324.jpg,Normal,160.47,147.53,147.86,33.06,Type_III
63240.jpg,Normal,47.07,129.34,133.6,-79.94,Type_VI
6325.jpg,Normal,160.95,128.0,128.0,90.0,Type_I
63251.jpg,Normal,154.68,145.51,152.79,23.27,Type_IV
63254.jpg,Normal,63.82,142.91,134.57,-75.26,Type_VI
63258.jpg,Normal,107.91,151.49,150.12,-19.15,Type_V
6326.jpg,Normal,98.1,139.91,148.1,-29.84,Type_V
63262.jpg,Normal,91.05,142.18,141.36,-46.95,Type_VI
63304.jpg,Normal,162.52,154.34,144.03,40.59,Type_III
6331.jpg,Normal,131.09,142.8,133.44,14.49,Type_IV
63312.jpg,Normal,192.61,157.88,142.73,60.02,Type_I
6332.jpg,Normal,145.87,146.93,133.44,52.96,Type_II
63325.jpg,Normal,118.28,144.22,146.92,-10.82,Type_V
63327.jpg,Normal,154.38,149.29,157.58,19.62,Type_IV
63328.jpg,Normal,127.88,140.09,141.66,0.62,Type_V
63414.jpg,Normal,89.31,136.63,136.26,-61.13,Type_VI
63422.jpg,Normal,132.13,156.99,164.59,2.84,Type_V
6343.jpg,Normal,120.08,138.45,145.09,-9.66,Type_V
63431.jpg,Normal,115.31,147.28,142.01,-18.84,Type_V
63435.jpg,Normal,142.53,144.28,149.71,15.18,Type_IV
63559.jpg,Normal,138.43,151.96,158.85,7.91,Type_V
63561.jpg,Normal,109.97,144.75,149.23,-17.94,Type_V
6357.jpg,Normal,121.36,138.37,151.62,-5.82,Type_V
63573.jpg,Normal,86.96,146.61,149.05,-37.06,Type_VI
63669.jpg,Normal,72.93,145.54,156.98,-36.44,Type_VI
63677.jpg,Normal,175.37,128.78,128.26,89.22,Type_I
63767.jpg,Normal,98.64,139.56,139.76,-43.9,Type_VI
63788.jpg,Normal,89.23,138.18,138.64,-54.67,Type_VI
63793.jpg,Normal,181.44,133.61,131.53,80.53,Type_I
63796.jpg,Normal,92.54,136.81,141.71,-44.99,Type_VI
63801.jpg,Normal,156.05,142.94,141.06,40.61,Type_III
6381.jpg,Normal,131.17,133.2,142.03,5.86,Type_V
63885.jpg,Normal,145.38,131.79,118.21,-35.61,Type_VI
63887.jpg,Normal,130.6,142.41,141.66,5.08,Type_V
63905.jpg,Normal,193.16,145.05,153.63,45.13,Type_II
63953.jpg,Normal,175.76,152.03,139.76,58.14,Type_I
63980.jpg,Normal,91.66,136.36,136.98,-57.43,Type_VI
63982.jpg,Normal,66.39,144.24,140.94,-61.64,Type_VI
63992.jpg,Normal,97.4,144.91,141.41,-41.37,Type_VI
63995.jpg,Normal,94.6,144.93,157.37,-23.72,Type_V
64102.jpg,Normal,165.54,137.34,130.67,79.87,Type_I
64105.jpg,Normal,116.06,163.26,144.22,-15.46,Type_V
64111.jpg,Normal,116.96,151.17,152.53,-9.56,Type_V
64112.jpg,Normal,100.44,147.43,150.06,-25.68,Type_V
64113.jpg,Normal,140.52,145.99,144.21,17.49,Type_IV
64120.jpg,Normal,177.27,146.66,154.08,36.81,Type_III
64245.jpg,Normal,122.6,136.31,143.64,-7.01,Type_V
64247.jpg,Normal,155.51,128.0,128.0,90.0,Type_I
64258.jpg,Normal,58.59,136.82,139.08,-67.7,Type_VI
6426.jpg,Normal,83.84,138.84,128.4,-88.65,Type_VI
64265.jpg,Normal,74.23,139.31,141.92,-56.32,Type_VI
64267.jpg,Normal,103.71,136.17,137.07,-45.82,Type_VI
64271.jpg,Normal,111.87,145.59,148.14,-16.93,Type_V
64274.jpg,Normal,97.84,130.82,134.27,-61.66,Type_VI
64275.jpg,Normal,162.2,147.27,159.03,23.68,Type_IV
6456.jpg,Normal,142.02,150.67,154.11,12.3,Type_IV
64563.jpg,Normal,109.7,128.0,128.0,-90.0,Type_VI
64569.jpg,Normal,111.92,141.72,144.08,-20.81,Type_V
64572.jpg,Normal,124.25,137.5,127.22,58.66,Type_I
64576.jpg,Normal,27.44,132.71,131.35,-85.12,Type_VI
64577.jpg,Normal,100.02,141.52,143.97,-34.02,Type_VI
6463.jpg,Normal,142.52,128.0,128.0,90.0,Type_I
64630.jpg,Normal,94.47,162.69,162.62,-20.51,Type_V
64632.jpg,Normal,122.87,141.55,138.47,-9.84,Type_V
64639.jpg,Normal,140.79,147.45,162.48,8.6,Type_V
64713.jpg,Normal,80.27,146.59,144.3,-48.65,Type_VI
64716.jpg,Normal,143.4,153.93,156.78,12.22,Type_IV
64717.jpg,Normal,152.05,148.42,148.33,25.35,Type_IV
64723.jpg,Normal,38.45,147.67,145.13,-63.87,Type_VI
64737.jpg,Normal,128.1,140.41,135.68,1.75,Type_V
64814.jpg,Normal,177.61,128.38,127.6,-88.83,Type_VI
64829.jpg,Normal,216.49,131.93,126.92,-88.22,Type_VI
64831.jpg,Normal,69.51,136.68,138.05,-66.15,Type_VI
64833.jpg,Normal,123.56,143.5,144.59,-5.31,Type_V
64911.jpg,Normal,190.89,146.97,142.0,60.61,Type_I
64916.jpg,Normal,159.72,138.0,137.93,51.83,Type_II
64918.jpg,Normal,117.66,163.99,172.37,-4.97,Type_V
64919.jpg,Normal,45.62,137.58,140.27,-69.09,Type_VI
65038.jpg,Normal,86.01,142.27,148.65,-38.23,Type_VI
6504.jpg,Normal,132.96,149.68,157.16,4.2,Type_V
65040.jpg,Normal,43.91,162.48,117.98,73.0,Type_I
65041.jpg,Normal,101.04,140.39,136.05,-52.18,Type_VI
65044.jpg,Normal,65.41,140.52,142.28,-59.61,Type_VI
65049.jpg,Normal,78.01,136.4,130.14,-83.72,Type_VI
6505.jpg,Normal,124.3,138.29,143.03,-4.77,Type_V
65053.jpg,Normal,153.9,154.12,144.54,32.04,Type_III
65177.jpg,Normal,129.64,171.66,175.26,1.02,Type_V
6518.jpg,Normal,93.73,145.05,137.9,-53.21,Type_VI
65181.jpg,Normal,154.19,144.73,145.25,31.25,Type_III
65186.jpg,Normal,157.26,132.74,146.22,32.64,Type_III
65188.jpg,Normal,41.98,138.32,137.8,-73.7,Type_VI
65262.jpg,Normal,134.66,153.98,170.04,3.82,Type_V
65275.jpg,Normal,29.26,132.89,134.43,-80.52,Type_VI
65364.jpg,Normal,103.92,144.58,151.24,-21.7,Type_V
65366.jpg,Normal,124.86,150.64,131.19,-18.01,Type_V
65368.jpg,Normal,157.43,152.38,143.84,36.53,Type_III
65382.jpg,Normal,113.08,145.01,139.92,-25.38,Type_V
65383.jpg,Normal,196.94,143.74,136.38,72.89,Type_I
65384.jpg,Normal,236.82,122.7,136.99,78.15,Type_I
6557.jpg,Normal,135.22,149.18,155.12,6.37,Type_V
65572.jpg,Normal,159.08,166.95,166.95,17.64,Type_IV
65573.jpg,Normal,207.75,138.65,134.04,79.14,Type_I
65587.jpg,Normal,118.06,143.79,145.32,-12.06,Type_V
65596.jpg,Normal,113.87,170.4,168.76,-7.47,Type_V
65597.jpg,Normal,208.46,141.37,145.45,61.21,Type_I
65634.jpg,Normal,166.7,133.65,134.28,67.79,Type_I
65636.jpg,Normal,96.88,145.96,142.73,-39.18,Type_VI
65644.jpg,Normal,145.54,144.11,142.19,26.51,Type_IV
65707.jpg,Normal,160.72,142.5,143.89,39.34,Type_III
65709.jpg,Normal,202.93,131.73,132.61,81.15,Type_I
65717.jpg,Normal,169.2,143.14,154.93,31.26,Type_III
65861.jpg,Normal,184.69,145.62,152.16,42.87,Type_II
65867.jpg,Normal,134.93,143.71,146.87,8.78,Type_V
65876.jpg,Normal,64.98,130.62,142.05,-60.18,Type_VI
65879.jpg,Normal,174.13,140.44,143.89,49.0,Type_II
65883.jpg,Normal,62.35,138.43,140.45,-64.02,Type_VI
65888.jpg,Normal,134.81,140.74,135.13,21.91,Type_IV
6589.jpg,Normal,111.52,146.01,146.29,-18.92,Type_V
65984.jpg,Normal,107.28,136.72,122.1,53.33,Type_II
6599.jpg,Normal,126.32,140.65,139.4,-2.32,Type_V
66000.jpg,Normal,102.63,147.99,151.23,-22.78,Type_V
66001.jpg,Normal,47.31,128.0,128.0,-90.0,Type_VI
66002.jpg,Normal,59.29,141.02,136.58,-72.22,Type_VI
66003.jpg,Normal,125.4,146.32,151.03,-2.05,Type_V
66006.jpg,Normal,126.03,133.09,141.61,-2.43,Type_V
66056.jpg,Normal,188.84,144.19,160.57,36.45,Type_III
66057.jpg,Normal,156.0,140.51,146.72,30.84,Type_III
66063.jpg,Normal,115.1,143.05,144.54,-16.39,Type_V
66068.jpg,Normal,141.31,139.96,139.24,25.73,Type_IV
66182.jpg,Normal,111.26,147.28,143.72,-22.05,Type_V
66192.jpg,Normal,160.89,147.34,150.23,30.5,Type_III
66193.jpg,Normal,166.28,146.59,143.98,43.58,Type_II
66194.jpg,Normal,129.51,157.87,153.13,1.8,Type_V
66296.jpg,Normal,95.56,142.38,142.21,-41.39,Type_VI
66323.jpg,Normal,136.31,144.2,139.2,17.14,Type_IV
66326.jpg,Normal,126.34,139.06,144.13,-1.61,Type_V
6633.jpg,Normal,106.98,128.0,128.0,-90.0,Type_VI
66332.jpg,Normal,164.27,150.65,153.26,29.72,Type_III
66333.jpg,Normal,163.34,133.52,134.26,65.99,Type_I
66336.jpg,Normal,117.73,156.63,142.71,-14.6,Type_V
66340.jpg,Normal,147.66,143.88,150.61,19.27,Type_IV
66345.jpg,Normal,137.29,140.39,143.51,13.9,Type_IV
66346.jpg,Normal,149.19,128.0,128.0,90.0,Type_I
66351.jpg,Normal,68.61,141.36,141.0,-60.61,Type_VI
66458.jpg,Normal,130.49,134.76,138.75,6.21,Type_V
66464.jpg,Normal,205.5,138.96,144.5,61.65,Type_I
66468.jpg,Normal,62.97,144.72,142.62,-59.98,Type_VI
66469.jpg,Normal,66.07,140.78,139.94,-63.65,Type_VI
66471.jpg,Normal,103.68,184.21,147.53,-25.57,Type_V
66595.jpg,Normal,149.83,128.0,128.0,90.0,Type_I
66605.jpg,Normal,149.98,138.26,132.12,64.96,Type_I
66606.jpg,Normal,155.77,148.54,120.68,-56.58,Type_VI
66615.jpg,Normal,112.89,144.71,144.62,-19.02,Type_V
667.jpg,Normal,141.99,141.7,139.31,26.68,Type_IV
66702.jpg,Normal,189.13,138.51,156.55,40.25,Type_III
66705.jpg,Normal,150.44,150.09,162.85,14.48,Type_IV
66712.jpg,Normal,197.11,133.64,144.52,58.82,Type_I
66715.jpg,Normal,91.73,143.25,145.3,-39.03,Type_VI
66716.jpg,Normal,93.83,139.47,138.42,-51.71,Type_VI
66867.jpg,Normal,49.08,137.23,129.04,-88.06,Type_VI
66868.jpg,Normal,62.71,141.17,137.45,-69.6,Type_VI
66881.jpg,Normal,190.26,148.62,160.95,36.76,Type_III
66883.jpg,Normal,99.35,144.39,141.85,-38.56,Type_VI
66983.jpg,Normal,162.45,144.93,148.58,33.66,Type_III
66988.jpg,Normal,153.74,137.98,154.28,21.38,Type_IV
67.jpg,Normal,153.11,147.35,149.44,25.1,Type_IV
67002.jpg,Normal,100.18,139.88,139.81,-42.23,Type_VI
67005.jpg,Normal,89.96,148.77,145.58,-39.94,Type_VI
67111.jpg,Normal,63.01,144.52,140.78,-63.19,Type_VI
67112.jpg,Normal,160.5,151.26,120.22,-58.99,Type_VI
67116.jpg,Normal,184.78,137.92,137.25,67.61,Type_I
67118.jpg,Normal,128.91,166.54,173.36,0.7,Type_V
67186.jpg,Normal,53.06,139.46,134.99,-76.54,Type_VI
67187.jpg,Normal,121.39,145.67,149.59,-6.33,Type_V
67190.jpg,Normal,108.01,149.63,144.2,-25.25,Type_V
67191.jpg,Normal,118.88,139.54,151.33,-8.24,Type_V
67194.jpg,Normal,69.39,136.98,149.04,-47.28,Type_VI
67195.jpg,Normal,190.14,140.34,138.72,66.42,Type_I
67200.jpg,Normal,168.77,140.44,126.35,-84.18,Type_VI
67205.jpg,Normal,135.03,131.74,152.57,6.85,Type_V
67207.jpg,Normal,166.04,146.94,143.53,44.23,Type_II
67308.jpg,Normal,197.76,143.36,137.69,70.63,Type_I
6731.jpg,Normal,210.08,134.51,132.5,82.09,Type_I
67358.jpg,Normal,84.66,141.72,148.45,-39.4,Type_VI
67364.jpg,Normal,150.53,139.05,145.28,27.59,Type_IV
67365.jpg,Normal,142.74,143.94,140.22,26.06,Type_IV
67368.jpg,Normal,129.51,136.36,136.96,5.02,Type_V
67461.jpg,Normal,121.92,141.45,146.64,-6.7,Type_V
67463.jpg,Normal,57.9,144.91,144.5,-58.85,Type_VI
67469.jpg,Normal,105.38,143.32,148.1,-23.34,Type_V
67472.jpg,Normal,186.82,140.29,147.84,49.54,Type_II
67475.jpg,Normal,96.64,149.64,149.18,-29.75,Type_V
67476.jpg,Normal,146.73,147.65,142.54,27.42,Type_IV
67590.jpg,Normal,73.8,149.64,150.82,-42.7,Type_VI
67596.jpg,Normal,173.21,128.01,126.0,-83.63,Type_VI
67607.jpg,Normal,115.1,145.01,145.8,-15.28,Type_V
67608.jpg,Normal,172.58,142.61,165.17,25.44,Type_IV
67702.jpg,Normal,145.34,142.54,143.91,23.74,Type_IV
67703.jpg,Normal,113.3,132.58,130.2,-68.43,Type_VI
67705.jpg,Normal,112.05,147.8,144.71,-19.93,Type_V
67709.jpg,Normal,184.75,146.03,160.09,34.98,Type_III
67711.jpg,Normal,31.19,143.54,140.37,-71.86,Type_VI
67712.jpg,Normal,155.36,141.52,134.63,58.75,Type_I
67717.jpg,Normal,152.92,130.54,146.11,28.84,Type_III
67722.jpg,Normal,164.31,140.35,137.78,55.87,Type_I
67867.jpg,Normal,134.98,135.5,147.28,8.64,Type_V
67872.jpg,Normal,53.6,137.76,138.7,-69.74,Type_VI
67962.jpg,Normal,68.85,144.29,142.06,-58.56,Type_VI
67964.jpg,Normal,152.0,138.02,140.41,37.76,Type_III
67966.jpg,Normal,136.46,149.98,146.57,10.72,Type_IV
67972.jpg,Normal,125.08,152.1,156.74,-1.89,Type_V
67974.jpg,Normal,148.36,140.68,160.72,14.04,Type_IV
68043.jpg,Normal,126.34,144.88,143.4,-1.7,Type_V
68054.jpg,Normal,61.42,143.78,122.81,78.68,Type_I
68111.jpg,Normal,117.16,141.79,153.52,-9.03,Type_V
68112.jpg,Normal,79.84,143.93,144.38,-48.76,Type_VI
68124.jpg,Normal,178.38,146.32,158.0,33.63,Type_III
68259.jpg,Normal,177.38,144.82,139.58,59.38,Type_I
68267.jpg,Normal,92.61,143.77,144.91,-38.98,Type_VI
68272.jpg,Normal,126.46,143.89,146.44,-1.26,Type_V
68378.jpg,Normal,131.09,143.12,137.83,8.16,Type_V
68379.jpg,Normal,72.08,144.72,142.54,-56.22,Type_VI
68482.jpg,Normal,123.71,145.12,133.8,-14.37,Type_V
6849.jpg,Normal,168.52,143.16,140.51,52.12,Type_II
68490.jpg,Normal,164.47,142.44,150.99,32.23,Type_III
68491.jpg,Normal,115.03,141.2,141.8,-19.51,Type_V
68614.jpg,Normal,104.26,152.4,152.51,-20.4,Type_V
68617.jpg,Normal,93.23,140.68,136.34,-58.19,Type_VI
68623.jpg,Normal,173.08,146.85,149.65,39.54,Type_III
68626.jpg,Normal,159.06,156.07,167.46,17.41,Type_IV
68627.jpg,Normal,125.72,143.56,150.83,-1.75,Type_V
68630.jpg,Normal,131.43,145.7,149.89,4.03,Type_V
68632.jpg,Normal,88.68,151.98,156.92,-27.76,Type_V
68729.jpg,Normal,130.08,145.0,142.48,3.99,Type_V
68732.jpg,Normal,128.08,144.15,139.77,1.11,Type_V
68737.jpg,Normal,194.63,147.82,149.15,51.22,Type_II
68739.jpg,Normal,113.7,143.44,162.22,-8.98,Type_V
68742.jpg,Normal,174.45,141.41,153.25,36.1,Type_III
68814.jpg,Normal,132.31,139.46,134.82,15.45,Type_IV
68816.jpg,Normal,108.04,134.49,143.02,-26.94,Type_V
68817.jpg,Normal,133.37,156.37,150.23,5.92,Type_V
68821.jpg,Normal,82.03,139.01,136.36,-64.88,Type_VI
68931.jpg,Normal,167.76,143.95,159.28,26.78,Type_IV
68932.jpg,Normal,146.77,139.89,142.25,27.93,Type_IV
68936.jpg,Normal,183.92,135.67,146.48,50.13,Type_II
68941.jpg,Normal,175.91,159.14,160.87,30.01,Type_III
68948.jpg,Normal,184.71,146.87,152.35,42.66,Type_II
68950.jpg,Normal,57.5,143.35,140.07,-66.27,Type_VI
68958.jpg,Normal,103.48,151.16,154.95,-19.26,Type_V
69082.jpg,Normal,95.03,140.74,140.15,-46.33,Type_VI
69085.jpg,Normal,115.2,141.12,149.33,-12.74,Type_V
69095.jpg,Normal,148.99,141.56,132.31,62.91,Type_I
69130.jpg,Normal,76.64,147.59,151.69,-40.09,Type_VI
69133.jpg,Normal,65.14,143.15,141.87,-60.43,Type_VI
69144.jpg,Normal,79.29,147.48,136.3,-66.29,Type_VI
69146.jpg,Normal,98.54,138.4,147.71,-29.95,Type_V
69149.jpg,Normal,141.63,142.17,141.8,21.89,Type_IV
69300.jpg,Normal,80.85,139.07,131.87,-78.07,Type_VI
69308.jpg,Normal,124.75,133.04,136.34,-7.38,Type_V
69309.jpg,Normal,156.83,141.8,141.4,40.63,Type_III
6931.jpg,Normal,116.26,155.41,163.04,-7.17,Type_V
69311.jpg,Normal,116.87,134.67,132.49,-42.87,Type_VI
69312.jpg,Normal,108.5,149.08,144.91,-23.78,Type_V
69320.jpg,Normal,59.28,131.98,134.27,-76.82,Type_VI
6944.jpg,Normal,113.28,141.62,133.26,-46.68,Type_VI
69442.jpg,Normal,73.7,146.2,149.99,-43.82,Type_VI
69444.jpg,Normal,119.21,133.6,154.03,-7.12,Type_V
69445.jpg,Normal,122.11,144.06,148.37,-5.92,Type_V
69539.jpg,Normal,117.35,142.43,129.87,-64.89,Type_VI
69568.jpg,Normal,125.28,144.12,149.94,-2.28,Type_V
69570.jpg,Normal,82.68,142.09,137.13,-62.55,Type_VI
69574.jpg,Normal,123.16,141.48,133.75,-16.48,Type_V
69587.jpg,Normal,105.98,139.56,144.09,-27.69,Type_V
69654.jpg,Normal,65.57,134.22,138.89,-65.84,Type_VI
69659.jpg,Normal,208.61,139.71,144.94,61.96,Type_I
69661.jpg,Normal,170.61,142.95,137.12,61.66,Type_I
69666.jpg,Normal,48.21,132.03,130.7,-85.05,Type_VI
69668.jpg,Normal,153.33,147.8,146.11,29.22,Type_III
69669.jpg,Normal,188.3,148.11,146.32,52.46,Type_II
6967.jpg,Normal,71.67,146.04,141.11,-59.09,Type_VI
69673.jpg,Normal,122.76,146.31,143.15,-7.0,Type_V
69751.jpg,Normal,90.0,138.51,139.51,-51.96,Type_VI
69755.jpg,Normal,148.71,137.86,157.46,15.77,Type_IV
69766.jpg,Normal,58.73,142.71,146.18,-56.01,Type_VI
69816.jpg,Normal,138.02,145.8,138.98,20.58,Type_IV
69854.jpg,Normal,75.73,139.41,141.22,-56.93,Type_VI
69855.jpg,Normal,97.72,148.05,146.91,-31.69,Type_VI
69862.jpg,Normal,113.03,151.19,137.73,-30.24,Type_VI
6994.jpg,Normal,105.97,128.0,128.0,-90.0,Type_VI
7003.jpg,Normal,126.15,147.6,147.89,-1.52,Type_V
70037.jpg,Normal,150.2,147.78,154.9,18.32,Type_IV
70043.jpg,Normal,165.37,147.21,144.61,41.8,Type_II
70047.jpg,Normal,123.3,155.8,161.1,-2.85,Type_V
70048.jpg,Normal,139.31,153.6,166.34,6.89,Type_V
70107.jpg,Normal,79.46,153.92,156.44,-33.52,Type_VI
70109.jpg,Normal,143.6,147.49,135.93,38.54,Type_III
70120.jpg,Normal,83.81,146.04,147.11,-41.87,Type_VI
70123.jpg,Normal,122.03,140.29,125.49,40.58,Type_III
70188.jpg,Normal,95.28,146.54,144.35,-37.7,Type_VI
70192.jpg,Normal,174.74,135.63,135.25,68.62,Type_I
70194.jpg,Normal,146.69,128.0,128.0,90.0,Type_I
70197.jpg,Normal,146.22,151.27,156.8,14.3,Type_IV
70204.jpg,Normal,186.19,140.73,138.83,64.81,Type_I
70328.jpg,Normal,149.05,129.65,148.17,22.73,Type_IV
70333.jpg,Normal,101.26,147.5,129.59,-81.2,Type_VI
70341.jpg,Normal,42.61,138.07,137.08,-74.75,Type_VI
70346.jpg,Normal,138.08,136.29,139.6,19.67,Type_IV
70417.jpg,Normal,154.75,136.8,149.52,26.41,Type_IV
70418.jpg,Normal,121.14,153.78,145.7,-8.02,Type_V
70423.jpg,Normal,105.34,133.29,146.01,-25.77,Type_V
70428.jpg,Normal,209.1,128.07,127.85,-89.73,Type_VI
70429.jpg,Normal,51.68,141.54,148.78,-55.06,Type_VI
7043.jpg,Normal,180.69,144.69,169.05,26.93,Type_IV
70431.jpg,Normal,135.35,139.55,133.26,30.34,Type_III
70433.jpg,Normal,146.85,153.45,153.87,16.35,Type_IV
70436.jpg,Normal,79.37,144.21,142.71,-52.07,Type_VI
70438.jpg,Normal,92.23,150.76,157.05,-25.46,Type_V
70445.jpg,Normal,136.14,144.3,152.45,7.89,Type_V
70569.jpg,Normal,135.85,139.47,146.77,9.9,Type_V
7057.jpg,Normal,103.45,145.87,137.76,-44.01,Type_VI
70570.jpg,Normal,102.72,139.91,143.44,-32.19,Type_VI
70575.jpg,Normal,102.33,148.3,155.89,-19.49,Type_V
7058.jpg,Normal,110.67,131.99,132.31,-56.84,Type_VI
70581.jpg,Normal,67.92,141.97,128.55,-88.65,Type_VI
70591.jpg,Normal,76.65,140.6,139.91,-59.14,Type_VI
70593.jpg,Normal,79.45,138.98,139.27,-59.12,Type_VI
70681.jpg,Normal,78.92,153.57,149.31,-41.8,Type_VI
70682.jpg,Normal,136.98,157.2,169.7,5.09,Type_V
70683.jpg,Normal,99.31,145.63,140.95,-40.5,Type_VI
70685.jpg,Normal,141.24,152.26,145.68,16.95,Type_IV
70687.jpg,Normal,152.65,141.92,145.52,29.37,Type_III
70689.jpg,Normal,193.26,140.2,142.71,60.3,Type_I
70840.jpg,Normal,134.87,148.88,140.73,12.79,Type_IV
70850.jpg,Normal,152.34,142.38,134.96,54.45,Type_II
70982.jpg,Normal,60.55,141.38,145.49,-56.34,Type_VI
70994.jpg,Normal,40.12,144.35,141.27,-68.84,Type_VI
7100.jpg,Normal,93.5,143.38,145.21,-37.77,Type_VI
71095.jpg,Normal,107.0,132.51,137.14,-41.34,Type_VI
71197.jpg,Normal,53.88,144.01,138.74,-69.59,Type_VI
71205.jpg,Normal,116.24,137.01,156.2,-8.9,Type_V
71206.jpg,Normal,98.08,153.31,146.08,-32.55,Type_VI
7121.jpg,Normal,106.26,143.85,144.67,-26.55,Type_V
71217.jpg,Normal,47.71,137.06,138.28,-71.82,Type_VI
71294.jpg,Normal,128.44,142.73,137.46,2.22,Type_V
71301.jpg,Normal,128.68,147.89,140.4,2.13,Type_V
71307.jpg,Normal,82.66,141.4,127.18,87.32,Type_I
71315.jpg,Normal,142.29,145.35,152.7,13.22,Type_IV
7132.jpg,Normal,109.9,147.71,149.67,-17.66,Type_V
71404.jpg,Normal,182.24,136.66,135.25,71.34,Type_I
71408.jpg,Normal,207.92,127.5,145.08,61.56,Type_I
71409.jpg,Normal,124.4,138.59,131.81,-17.67,Type_V
7141.jpg,Normal,151.33,137.37,137.1,45.76,Type_II
71412.jpg,Normal,102.66,148.57,147.45,-26.59,Type_V
71421.jpg,Normal,95.07,142.08,141.61,-43.06,Type_VI
71431.jpg,Normal,151.81,138.43,139.66,39.27,Type_III
71522.jpg,Normal,105.49,142.2,133.42,-57.86,Type_VI
71649.jpg,Normal,132.76,143.76,145.22,6.83,Type_V
7165.jpg,Normal,122.95,143.3,149.93,-4.66,Type_V
71652.jpg,Normal,140.17,149.71,160.29,8.75,Type_V
71655.jpg,Normal,99.66,145.85,146.25,-30.88,Type_VI
71751.jpg,Normal,153.64,147.06,143.84,32.9,Type_III
71760.jpg,Normal,162.55,130.48,133.06,69.81,Type_I
71765.jpg,Normal,191.61,137.27,140.87,62.89,Type_I
7188.jpg,Normal,127.7,152.24,152.15,0.18,Type_V
71883.jpg,Normal,146.09,146.52,145.09,23.1,Type_IV
71884.jpg,Normal,131.91,150.01,144.37,6.03,Type_V
71891.jpg,Normal,115.98,148.82,146.29,-13.87,Type_V
71893.jpg,Normal,141.37,150.34,140.13,24.14,Type_IV
719.jpg,Normal,198.01,143.14,135.75,74.35,Type_I
71900.jpg,Normal,118.54,150.83,157.31,-6.84,Type_V
71902.jpg,Normal,42.61,144.84,143.87,-64.51,Type_VI
71903.jpg,Normal,114.83,138.98,133.6,-41.59,Type_VI
71988.jpg,Normal,177.1,133.08,138.07,62.62,Type_I
71990.jpg,Normal,75.89,139.03,131.03,-81.49,Type_VI
71994.jpg,Normal,127.21,141.7,145.8,-0.36,Type_V
71996.jpg,Normal,156.71,143.45,153.78,23.96,Type_IV
72064.jpg,Normal,175.59,139.26,143.04,51.43,Type_II
7207.jpg,Normal,204.55,141.15,141.23,66.36,Type_I
72071.jpg,Normal,113.35,155.2,167.16,-8.07,Type_V
72080.jpg,Normal,60.96,139.28,134.94,-75.11,Type_VI
72081.jpg,Normal,148.84,126.08,131.15,69.35,Type_I
72169.jpg,Normal,134.59,148.78,151.13,6.85,Type_V
7217.jpg,Normal,93.4,153.63,149.9,-31.41,Type_VI
72179.jpg,Normal,47.58,130.2,136.54,-74.76,Type_VI
72258.jpg,Normal,123.74,145.32,148.65,-4.09,Type_V
72261.jpg,Normal,69.95,139.48,140.31,-61.4,Type_VI
72267.jpg,Normal,171.27,136.39,131.58,78.2,Type_I
72382.jpg,Normal,132.73,150.36,155.11,4.32,Type_V
72387.jpg,Normal,88.43,140.16,136.54,-60.87,Type_VI
72398.jpg,Normal,70.25,140.76,125.4,83.39,Type_I
72547.jpg,Normal,182.59,132.45,136.85,67.73,Type_I
72548.jpg,Normal,146.26,144.16,144.21,24.41,Type_IV
72562.jpg,Normal,188.16,141.25,142.14,59.28,Type_I
72626.jpg,Normal,128.33,133.38,134.66,2.78,Type_V
7263.jpg,Normal,91.64,147.81,145.64,-38.57,Type_VI
72748.jpg,Normal,120.25,153.99,163.11,-4.63,Type_V
72751.jpg,Normal,146.8,133.3,149.11,19.72,Type_IV
72753.jpg,Normal,140.89,138.71,148.38,14.44,Type_IV
72754.jpg,Normal,146.21,139.35,142.33,27.11,Type_IV
72757.jpg,Normal,145.82,143.42,145.69,22.1,Type_IV
72761.jpg,Normal,79.14,146.37,147.41,-44.34,Type_VI
72762.jpg,Normal,223.73,127.87,164.26,46.14,Type_II
72764.jpg,Normal,114.69,136.94,147.01,-14.8,Type_V
7281.jpg,Normal,133.25,162.2,131.63,31.81,Type_III
72882.jpg,Normal,106.0,140.63,137.68,-41.06,Type_VI
72887.jpg,Normal,139.94,134.99,139.89,22.3,Type_IV
72891.jpg,Normal,100.8,137.59,138.89,-43.88,Type_VI
72897.jpg,Normal,94.56,146.16,150.22,-30.17,Type_VI
72909.jpg,Normal,88.4,128.0,128.0,-90.0,Type_VI
72911.jpg,Normal,61.93,145.84,146.72,-53.94,Type_VI
72912.jpg,Normal,130.26,142.14,133.03,12.12,Type_IV
73030.jpg,Normal,102.02,136.22,135.43,-53.36,Type_VI
73032.jpg,Normal,52.64,141.63,138.67,-70.02,Type_VI
73033.jpg,Normal,116.83,145.28,146.49,-12.75,Type_V
73035.jpg,Normal,88.25,139.14,141.7,-48.33,Type_VI
73037.jpg,Normal,155.39,154.63,145.74,31.66,Type_III
73039.jpg,Normal,62.16,140.6,134.37,-76.05,Type_VI
73047.jpg,Normal,73.58,140.59,140.26,-59.89,Type_VI
73048.jpg,Normal,141.43,143.55,141.82,21.56,Type_IV
73069.jpg,Normal,60.39,138.54,131.22,-83.03,Type_VI
73177.jpg,Normal,75.66,145.85,144.04,-51.73,Type_VI
73190.jpg,Normal,115.06,144.23,137.12,-28.14,Type_V
73355.jpg,Normal,74.36,145.55,143.88,-52.69,Type_VI
73356.jpg,Normal,52.49,133.7,129.27,-87.53,Type_VI
735.jpg,Normal,127.11,138.95,133.82,-1.51,Type_V
73504.jpg,Normal,118.54,154.93,142.01,-14.08,Type_V
73505.jpg,Normal,97.0,140.0,141.12,-42.36,Type_VI
73507.jpg,Normal,174.19,135.39,136.83,64.27,Type_I
73580.jpg,Normal,72.39,140.82,138.33,-64.46,Type_VI
73588.jpg,Normal,156.46,142.74,145.19,33.45,Type_III
73593.jpg,Normal,159.04,136.15,150.98,28.28,Type_III
73594.jpg,Normal,48.6,138.58,133.76,-79.45,Type_VI
73598.jpg,Normal,166.43,142.73,143.69,44.21,Type_II
73650.jpg,Normal,93.27,143.87,150.05,-31.33,Type_VI
73651.jpg,Normal,86.73,150.14,147.04,-40.02,Type_VI
73660.jpg,Normal,38.93,130.71,131.95,-83.52,Type_VI
73662.jpg,Normal,112.72,134.59,146.74,-17.18,Type_V
73672.jpg,Normal,150.02,137.6,144.48,28.19,Type_III
73745.jpg,Normal,57.39,136.5,140.6,-65.38,Type_VI
7375.jpg,Normal,131.42,170.28,143.13,5.8,Type_V
73751.jpg,Normal,67.42,140.46,144.14,-55.59,Type_VI
73752.jpg,Normal,29.85,127.7,136.23,-77.87,Type_VI
73754.jpg,Normal,126.02,149.54,155.12,-1.22,Type_V
73757.jpg,Normal,151.89,143.72,147.37,26.28,Type_IV
73829.jpg,Normal,142.13,155.2,147.86,16.11,Type_IV
7383.jpg,Normal,73.87,140.65,134.85,-71.97,Type_VI
73830.jpg,Normal,168.74,128.0,128.0,90.0,Type_I
73831.jpg,Normal,118.56,146.06,148.06,-9.91,Type_V
73836.jpg,Normal,154.8,137.04,140.02,41.68,Type_II
73839.jpg,Normal,135.6,142.92,146.94,9.52,Type_V
73850.jpg,Normal,116.01,153.51,153.31,-10.1,Type_V
73854.jpg,Normal,112.97,145.77,140.76,-24.06,Type_V
73856.jpg,Normal,102.0,139.66,142.46,-34.67,Type_VI
73857.jpg,Normal,99.31,131.12,143.83,-34.92,Type_VI
73933.jpg,Normal,112.08,140.31,143.14,-21.77,Type_V
73934.jpg,Normal,61.11,140.15,137.51,-69.94,Type_VI
73944.jpg,Normal,89.88,144.08,133.87,-68.3,Type_VI
74036.jpg,Normal,144.08,149.97,150.9,15.85,Type_IV
74045.jpg,Normal,101.94,148.68,148.05,-26.56,Type_V
74051.jpg,Normal,139.78,136.83,146.89,14.3,Type_IV
74052.jpg,Normal,183.83,145.09,146.79,49.62,Type_II
74130.jpg,Normal,91.74,141.44,142.79,-43.47,Type_VI
74134.jpg,Normal,73.93,160.69,163.22,-30.82,Type_VI
74143.jpg,Normal,50.87,144.21,147.34,-57.23,Type_VI
74149.jpg,Normal,180.73,141.06,149.12,44.67,Type_II
74228.jpg,Normal,153.96,128.0,128.0,90.0,Type_I
74230.jpg,Normal,126.6,147.95,139.6,-1.73,Type_V
7424.jpg,Normal,136.76,142.62,154.18,7.9,Type_V
74393.jpg,Normal,135.34,142.66,155.0,6.49,Type_V
74396.jpg,Normal,92.13,139.4,142.21,-44.31,Type_VI
74399.jpg,Normal,181.65,142.89,156.56,36.63,Type_III
7440.jpg,Normal,102.41,143.56,144.84,-30.3,Type_VI
74403.jpg,Normal,231.19,130.56,129.34,88.11,Type_I
74404.jpg,Normal,112.4,148.48,151.83,-13.96,Type_V
74408.jpg,Normal,203.81,126.53,139.19,69.5,Type_I
74500.jpg,Normal,183.06,140.5,138.13,65.06,Type_I
74504.jpg,Normal,118.41,131.58,133.34,-33.73,Type_VI
74511.jpg,Normal,192.92,145.79,154.03,44.59,Type_II
74602.jpg,Normal,47.16,132.5,132.34,-82.16,Type_VI
74603.jpg,Normal,162.15,141.82,147.31,35.13,Type_III
74604.jpg,Normal,152.93,147.46,156.15,19.51,Type_IV
74611.jpg,Normal,61.74,135.7,132.87,-79.32,Type_VI
74614.jpg,Normal,117.09,156.49,144.91,-13.57,Type_V
74716.jpg,Normal,90.92,142.09,141.5,-46.74,Type_VI
74717.jpg,Normal,109.44,157.43,150.3,-17.62,Type_V
74718.jpg,Normal,147.55,142.68,143.92,26.28,Type_IV
74730.jpg,Normal,116.79,137.12,146.39,-12.87,Type_V
74732.jpg,Normal,90.28,140.91,129.98,-82.29,Type_VI
74800.jpg,Normal,170.76,142.43,169.86,22.06,Type_IV
74811.jpg,Normal,124.73,146.44,152.52,-2.54,Type_V
74895.jpg,Normal,130.44,157.83,158.31,2.18,Type_V
7490.jpg,Normal,126.95,163.43,158.51,-0.41,Type_V
74902.jpg,Normal,55.33,135.08,131.97,-82.02,Type_VI
74914.jpg,Normal,85.9,141.68,130.08,-82.74,Type_VI
74916.jpg,Normal,146.71,146.8,152.64,17.0,Type_IV
74918.jpg,Normal,87.82,140.75,141.95,-48.13,Type_VI
74995.jpg,Normal,96.28,134.13,146.4,-33.63,Type_VI
75018.jpg,Normal,150.93,142.33,143.54,30.59,Type_III
75110.jpg,Normal,98.01,140.2,144.39,-35.21,Type_VI
75117.jpg,Normal,77.26,147.3,150.58,-41.1,Type_VI
75118.jpg,Normal,153.98,132.05,139.66,41.7,Type_II
75123.jpg,Normal,90.96,139.63,137.99,-55.11,Type_VI
75192.jpg,Normal,143.79,132.36,134.79,43.25,Type_II
75197.jpg,Normal,190.28,137.3,144.11,56.81,Type_I
752.jpg,Normal,90.96,142.89,145.02,-40.09,Type_VI
75202.jpg,Normal,174.43,145.85,153.22,36.12,Type_III
75203.jpg,Normal,180.06,139.5,148.71,44.86,Type_II
7521.jpg,Normal,42.68,136.82,132.54,-82.24,Type_VI
75286.jpg,Normal,145.15,147.65,153.83,15.0,Type_IV
75292.jpg,Normal,146.71,144.98,142.08,28.15,Type_III
75294.jpg,Normal,163.27,140.86,146.33,37.43,Type_III
75296.jpg,Normal,122.88,142.14,143.94,-6.48,Type_V
75299.jpg,Normal,87.34,142.53,137.98,-57.65,Type_VI
7530.jpg,Normal,33.27,133.83,134.09,-80.64,Type_VI
75392.jpg,Normal,91.68,148.75,157.07,-25.79,Type_V
75393.jpg,Normal,114.58,148.94,144.5,-17.07,Type_V
75395.jpg,Normal,81.72,151.9,146.42,-44.26,Type_VI
75396.jpg,Normal,121.66,143.63,141.76,-9.45,Type_V
7540.jpg,Normal,95.84,140.33,138.53,-49.7,Type_VI
75400.jpg,Normal,129.43,150.71,149.13,2.05,Type_V
75403.jpg,Normal,98.52,138.56,140.22,-42.93,Type_VI
75484.jpg,Normal,99.87,160.82,143.76,-34.51,Type_VI
75487.jpg,Normal,146.82,137.11,125.58,-72.29,Type_VI
75489.jpg,Normal,117.34,147.62,150.97,-9.84,Type_V
75498.jpg,Normal,139.7,150.49,157.08,9.34,Type_V
7550.jpg,Normal,76.69,153.43,141.82,-55.25,Type_VI
75507.jpg,Normal,96.75,137.63,126.26,81.78,Type_I
7551.jpg,Normal,71.66,141.98,147.37,-48.5,Type_VI
7555.jpg,Normal,70.34,151.95,149.54,-46.14,Type_VI
75557.jpg,Normal,143.34,142.26,139.76,27.84,Type_IV
7556.jpg,Normal,105.32,137.89,142.55,-30.86,Type_VI
75567.jpg,Normal,49.27,134.63,139.31,-69.77,Type_VI
75569.jpg,Normal,65.37,138.64,140.98,-61.96,Type_VI
7557.jpg,Normal,198.02,146.77,175.27,30.33,Type_III
75681.jpg,Normal,194.74,145.02,164.82,35.6,Type_III
75682.jpg,Normal,119.92,146.55,135.96,-20.49,Type_V
75690.jpg,Normal,144.39,141.95,146.92,19.29,Type_IV
75691.jpg,Normal,157.48,144.45,158.95,20.8,Type_IV
75695.jpg,Normal,140.6,138.21,147.21,14.98,Type_IV
75698.jpg,Normal,65.6,132.02,140.09,-63.53,Type_VI
75699.jpg,Normal,155.85,157.41,171.13,14.45,Type_IV
75790.jpg,Normal,171.23,144.11,147.28,41.65,Type_II
75792.jpg,Normal,166.38,144.78,148.57,36.55,Type_III
75793.jpg,Normal,126.03,141.72,139.86,-2.78,Type_V
75796.jpg,Normal,106.92,144.0,146.03,-24.12,Type_V
75797.jpg,Normal,116.9,143.42,145.59,-13.3,Type_V
75805.jpg,Normal,94.14,148.23,139.0,-49.94,Type_VI
75812.jpg,Normal,120.72,136.43,142.13,-10.65,Type_V
75888.jpg,Normal,42.89,138.8,142.26,-66.74,Type_VI
75914.jpg,Normal,58.26,128.0,128.0,-90.0,Type_VI
75918.jpg,Normal,53.33,140.33,142.82,-63.0,Type_VI
75927.jpg,Normal,124.83,142.01,147.84,-3.02,Type_V
76018.jpg,Normal,96.99,150.85,156.62,-22.69,Type_V
7603.jpg,Normal,179.99,144.5,150.99,41.85,Type_II
76034.jpg,Normal,97.13,139.66,139.22,-46.7,Type_VI
76039.jpg,Normal,136.29,151.23,149.66,9.05,Type_V
76167.jpg,Normal,136.29,122.01,173.16,4.36,Type_V
7617.jpg,Normal,122.73,150.41,146.1,-5.9,Type_V
76178.jpg,Normal,107.93,147.27,140.97,-30.61,Type_VI
76180.jpg,Normal,145.39,144.97,134.67,46.43,Type_II
76273.jpg,Normal,149.61,154.97,156.06,17.17,Type_IV
76275.jpg,Normal,83.82,142.26,153.88,-33.5,Type_VI
76279.jpg,Normal,99.97,141.3,138.8,-44.99,Type_VI
76281.jpg,Normal,91.34,138.69,130.5,-80.01,Type_VI
7629.jpg,Normal,112.0,145.19,145.21,-19.45,Type_V
76293.jpg,Normal,88.47,143.12,126.01,82.59,Type_I
76294.jpg,Normal,103.18,128.64,137.5,-45.1,Type_VI
76409.jpg,Normal,145.15,145.13,153.14,15.39,Type_IV
7641.jpg,Normal,160.56,137.41,114.71,-44.3,Type_VI
76410.jpg,Normal,102.36,137.79,122.19,59.47,Type_I
76422.jpg,Normal,116.24,146.43,136.6,-27.19,Type_V
76426.jpg,Normal,74.34,137.35,142.31,-55.52,Type_VI
76428.jpg,Normal,73.16,135.7,131.37,-81.02,Type_VI
76429.jpg,Normal,155.9,145.71,145.72,32.14,Type_III
7643.jpg,Normal,199.19,131.69,140.65,65.77,Type_I
76435.jpg,Normal,193.91,140.75,159.68,39.42,Type_III
76436.jpg,Normal,98.1,156.39,162.19,-18.63,Type_V
76437.jpg,Normal,103.66,128.0,128.0,-90.0,Type_VI
76439.jpg,Normal,89.55,145.43,139.22,-53.0,Type_VI
76516.jpg,Normal,105.57,143.11,141.9,-31.75,Type_VI
76524.jpg,Normal,103.69,142.17,147.15,-26.0,Type_V
76525.jpg,Normal,99.48,148.62,150.31,-26.22,Type_V
76531.jpg,Normal,99.68,142.88,147.46,-29.27,Type_V
76533.jpg,Normal,156.92,143.19,164.38,17.6,Type_IV
76534.jpg,Normal,161.75,142.18,144.0,40.01,Type_III
76539.jpg,Normal,181.25,146.72,159.17,34.07,Type_III
76609.jpg,Normal,104.92,150.9,146.16,-26.0,Type_V
7661.jpg,Normal,181.2,142.03,140.5,59.32,Type_I
76611.jpg,Normal,129.31,129.18,138.35,3.92,Type_V
76616.jpg,Normal,98.89,143.48,156.15,-21.73,Type_V
76619.jpg,Normal,97.7,149.76,152.32,-25.67,Type_V
7662.jpg,Normal,122.16,112.36,128.13,-86.52,Type_VI
76625.jpg,Normal,107.29,142.6,139.98,-33.49,Type_VI
76626.jpg,Normal,167.78,140.89,144.09,44.48,Type_II
76629.jpg,Normal,111.76,156.99,139.75,-27.7,Type_V
7663.jpg,Normal,228.25,132.28,137.15,76.97,Type_I
76631.jpg,Normal,137.76,144.47,145.54,12.92,Type_IV
76711.jpg,Normal,101.24,145.59,144.35,-32.2,Type_VI
76718.jpg,Normal,231.36,128.66,149.26,62.43,Type_I
76724.jpg,Normal,90.15,137.64,120.64,63.33,Type_I
76727.jpg,Normal,166.79,144.58,145.79,40.89,Type_III
7673.jpg,Normal,123.26,128.0,128.0,-90.0,Type_VI
76735.jpg,Normal,125.15,154.35,158.42,-1.74,Type_V
76813.jpg,Normal,79.64,137.15,135.18,-69.07,Type_VI
76816.jpg,Normal,98.85,140.14,151.36,-25.69,Type_V
76822.jpg,Normal,132.71,156.65,158.02,3.89,Type_V
76823.jpg,Normal,137.59,147.34,158.22,7.46,Type_V
76827.jpg,Normal,117.93,153.85,160.94,-6.5,Type_V
76830.jpg,Normal,111.79,136.95,138.71,-29.92,Type_V
76836.jpg,Normal,113.37,141.48,144.05,-19.05,Type_V
76944.jpg,Normal,47.35,137.5,139.47,-69.96,Type_VI
76945.jpg,Normal,117.4,143.1,143.25,-14.57,Type_V
76949.jpg,Normal,117.47,138.07,139.38,-19.07,Type_V
76950.jpg,Normal,125.12,144.16,157.75,-1.79,Type_V
76955.jpg,Normal,174.99,139.98,145.1,47.45,Type_II
76961.jpg,Normal,109.13,146.23,148.44,-19.41,Type_V
76962.jpg,Normal,91.02,139.99,140.48,-48.9,Type_VI
76969.jpg,Normal,43.13,138.5,137.06,-74.69,Type_VI
76970.jpg,Normal,41.64,137.35,135.09,-78.11,Type_VI
76972.jpg,Normal,87.57,133.45,136.68,-61.01,Type_VI
77095.jpg,Normal,123.63,135.71,141.96,-6.2,Type_V
7710.jpg,Normal,123.08,128.0,128.0,-90.0,Type_VI
77175.jpg,Normal,110.38,140.08,144.94,-21.62,Type_V
77177.jpg,Normal,44.4,134.98,145.97,-61.12,Type_VI
77182.jpg,Normal,181.21,141.59,141.21,57.9,Type_I
77185.jpg,Normal,135.89,149.01,149.31,8.77,Type_V
7719.jpg,Normal,95.86,153.22,161.89,-20.11,Type_V
77270.jpg,Normal,160.53,152.29,165.95,18.85,Type_IV
77276.jpg,Normal,94.64,147.31,141.4,-43.89,Type_VI
77285.jpg,Normal,151.15,138.83,136.55,47.31,Type_II
77287.jpg,Normal,138.08,166.47,165.98,6.23,Type_V
77445.jpg,Normal,142.22,138.58,143.83,20.04,Type_IV
77448.jpg,Normal,163.87,151.7,164.77,21.2,Type_IV
77449.jpg,Normal,111.35,142.59,145.81,-19.57,Type_V
77467.jpg,Normal,135.73,146.98,153.05,7.35,Type_V
77564.jpg,Normal,96.51,156.36,160.3,-20.62,Type_V
77565.jpg,Normal,161.79,136.59,133.57,67.52,Type_I
77575.jpg,Normal,169.63,139.55,142.05,49.63,Type_II
77577.jpg,Normal,51.01,139.81,142.68,-63.92,Type_VI
7765.jpg,Normal,145.89,149.34,150.67,17.65,Type_IV
77656.jpg,Normal,69.17,133.25,143.92,-55.16,Type_VI
77762.jpg,Normal,90.11,149.72,140.03,-50.64,Type_VI
77771.jpg,Normal,58.49,144.45,150.99,-49.65,Type_VI
77887.jpg,Normal,93.84,152.97,151.24,-29.6,Type_V
7789.jpg,Normal,109.72,141.33,140.63,-28.91,Type_V
77894.jpg,Normal,98.48,145.47,148.14,-29.47,Type_V
77980.jpg,Normal,150.66,145.74,145.49,27.45,Type_IV
77986.jpg,Normal,111.3,156.82,161.48,-10.75,Type_V
77988.jpg,Normal,181.13,126.34,127.89,-89.7,Type_VI
78057.jpg,Normal,99.22,152.37,151.19,-25.56,Type_V
78066.jpg,Normal,179.91,146.27,151.46,41.22,Type_II
78074.jpg,Normal,157.93,138.44,125.69,-79.02,Type_VI
78156.jpg,Normal,42.21,134.19,129.76,-87.0,Type_VI
78163.jpg,Normal,113.22,141.48,142.2,-21.52,Type_V
78166.jpg,Normal,115.66,137.62,140.2,-20.83,Type_V
78167.jpg,Normal,113.09,143.96,146.41,-17.06,Type_V
78241.jpg,Normal,150.85,150.31,147.51,25.15,Type_IV
78254.jpg,Normal,31.13,142.71,134.06,-80.89,Type_VI
78255.jpg,Normal,132.99,141.76,137.94,12.21,Type_IV
78391.jpg,Normal,84.58,140.42,137.7,-60.04,Type_VI
78395.jpg,Normal,147.29,153.54,152.79,17.39,Type_IV
78399.jpg,Normal,217.97,124.81,150.27,57.88,Type_I
78400.jpg,Normal,181.7,126.02,129.35,86.37,Type_I
78569.jpg,Normal,151.28,149.85,161.07,15.75,Type_IV
78574.jpg,Normal,103.61,140.88,131.89,-67.46,Type_VI
78577.jpg,Normal,67.47,145.95,148.58,-48.84,Type_VI
78725.jpg,Normal,118.56,144.67,149.37,-9.32,Type_V
78734.jpg,Normal,125.54,149.04,142.19,-3.09,Type_V
78738.jpg,Normal,171.35,127.09,130.81,80.71,Type_I
78739.jpg,Normal,111.55,171.58,168.66,-8.75,Type_V
78868.jpg,Normal,174.91,138.65,138.28,61.07,Type_I
78877.jpg,Normal,149.4,137.91,139.8,36.05,Type_III
78878.jpg,Normal,158.41,141.3,145.63,34.51,Type_III
78879.jpg,Normal,102.88,137.99,138.1,-43.7,Type_VI
78880.jpg,Normal,159.03,134.58,144.95,36.11,Type_III
78885.jpg,Normal,166.95,141.03,138.28,56.39,Type_I
78984.jpg,Normal,88.71,142.26,135.23,-64.57,Type_VI
78986.jpg,Normal,186.05,150.24,155.0,40.38,Type_III
78987.jpg,Normal,111.54,153.94,147.42,-17.86,Type_V
78990.jpg,Normal,77.91,140.36,142.57,-53.16,Type_VI
78992.jpg,Normal,175.15,141.63,142.25,52.67,Type_II
78996.jpg,Normal,169.61,150.52,153.51,32.92,Type_III
79076.jpg,Normal,127.43,143.76,153.93,-0.06,Type_V
79077.jpg,Normal,124.07,136.24,140.12,-6.34,Type_V
79081.jpg,Normal,57.39,142.4,137.08,-71.72,Type_VI
79087.jpg,Normal,153.53,141.27,140.4,39.45,Type_III
79088.jpg,Normal,190.28,146.33,138.47,66.96,Type_I
79184.jpg,Normal,173.93,137.59,141.62,53.21,Type_II
79185.jpg,Normal,140.05,146.72,148.04,13.8,Type_IV
79188.jpg,Normal,136.22,157.54,160.16,6.07,Type_V
79189.jpg,Normal,152.69,146.69,145.14,29.95,Type_III
79191.jpg,Normal,64.15,141.17,144.13,-57.0,Type_VI
79192.jpg,Normal,160.61,134.29,145.0,37.37,Type_III
79197.jpg,Normal,124.93,127.19,150.44,-2.57,Type_V
79200.jpg,Normal,117.48,136.6,140.72,-17.16,Type_V
79270.jpg,Normal,99.42,137.22,135.43,-56.0,Type_VI
79360.jpg,Normal,105.87,137.71,130.85,-71.42,Type_VI
79363.jpg,Normal,60.25,138.72,144.85,-57.43,Type_VI
79369.jpg,Normal,94.2,149.31,153.71,-26.93,Type_V
7937.jpg,Normal,109.41,142.84,160.46,-12.33,Type_V
79371.jpg,Normal,27.82,134.85,132.6,-83.28,Type_VI
79374.jpg,Normal,91.91,155.75,120.77,62.61,Type_I
79375.jpg,Normal,171.12,148.34,134.62,68.84,Type_I
79376.jpg,Normal,85.04,139.1,146.25,-42.38,Type_VI
79378.jpg,Normal,69.45,147.72,148.2,-48.42,Type_VI
7938.jpg,Normal,158.71,150.24,159.77,21.07,Type_IV
79387.jpg,Normal,110.69,152.6,149.38,-17.14,Type_V
79390.jpg,Normal,102.05,150.0,149.93,-24.47,Type_V
79391.jpg,Normal,186.56,128.0,128.0,90.0,Type_I
79511.jpg,Normal,132.8,150.92,154.87,4.42,Type_V
79514.jpg,Normal,167.44,146.76,172.68,19.32,Type_IV
79519.jpg,Normal,152.3,144.39,155.8,19.28,Type_IV
79520.jpg,Normal,113.08,141.07,133.93,-43.63,Type_VI
79631.jpg,Normal,82.68,142.01,144.16,-47.4,Type_VI
79664.jpg,Normal,130.16,142.77,130.1,26.43,Type_IV
79667.jpg,Normal,208.22,120.16,130.01,86.36,Type_I
79669.jpg,Normal,85.41,135.74,138.92,-56.51,Type_VI
79670.jpg,Normal,57.68,146.1,148.66,-52.96,Type_VI
79675.jpg,Normal,108.26,145.93,155.35,-15.42,Type_V
79677.jpg,Normal,94.1,149.81,153.84,-26.89,Type_V
79680.jpg,Normal,151.14,145.27,142.51,32.57,Type_III
79685.jpg,Normal,185.95,138.2,125.48,-83.73,Type_VI
79687.jpg,Normal,143.97,141.99,132.97,52.4,Type_II
79689.jpg,Normal,198.54,141.12,146.74,56.08,Type_I
79783.jpg,Normal,109.1,146.94,155.94,-14.48,Type_V
79789.jpg,Normal,38.02,133.01,133.56,-81.0,Type_VI
79799.jpg,Normal,91.53,135.61,132.57,-72.04,Type_VI
79895.jpg,Normal,79.48,137.76,135.29,-68.85,Type_VI
79938.jpg,Normal,155.33,154.25,156.27,21.11,Type_IV
79940.jpg,Normal,69.23,139.88,124.53,81.36,Type_I
79942.jpg,Normal,215.07,140.31,146.22,62.05,Type_I
79946.jpg,Normal,152.79,145.99,152.66,21.91,Type_IV
79947.jpg,Normal,62.96,141.3,144.77,-56.47,Type_VI
79951.jpg,Normal,99.45,148.28,150.14,-26.42,Type_V
79953.jpg,Normal,155.22,149.01,145.8,31.42,Type_III
80087.jpg,Normal,124.55,151.9,138.7,-6.18,Type_V
80093.jpg,Normal,150.28,150.26,167.06,12.88,Type_IV
80094.jpg,Normal,145.64,140.83,140.11,30.43,Type_III
80095.jpg,Normal,175.67,139.21,150.14,40.47,Type_III
80097.jpg,Normal,134.28,147.66,157.21,5.2,Type_V
801.jpg,Normal,100.12,147.58,147.66,-28.64,Type_V
80140.jpg,Normal,124.69,145.97,149.18,-2.98,Type_V
8015.jpg,Normal,142.25,136.56,151.6,13.77,Type_IV
80155.jpg,Normal,109.77,128.0,128.0,-90.0,Type_VI
80156.jpg,Normal,84.17,171.49,168.71,-22.65,Type_V
80159.jpg,Normal,53.31,133.36,144.58,-60.32,Type_VI
80160.jpg,Normal,150.9,134.2,140.94,35.35,Type_III
80242.jpg,Normal,155.62,150.02,138.47,46.5,Type_II
80243.jpg,Normal,194.52,137.6,172.31,30.68,Type_III
8025.jpg,Normal,167.39,141.99,143.04,46.13,Type_II
80252.jpg,Normal,129.23,147.72,147.9,1.95,Type_V
8026.jpg,Normal,109.94,132.8,142.39,-25.58,Type_V
80264.jpg,Normal,96.12,144.93,139.13,-47.87,Type_VI
80267.jpg,Normal,153.49,139.6,142.01,36.03,Type_III
80328.jpg,Normal,45.74,134.44,134.0,-79.41,Type_VI
80336.jpg,Normal,180.23,159.43,153.46,39.09,Type_III
80337.jpg,Normal,87.39,141.6,146.02,-41.12,Type_VI
80342.jpg,Normal,96.91,138.13,144.67,-35.73,Type_VI
80347.jpg,Normal,150.4,142.53,143.7,29.77,Type_III
80348.jpg,Normal,176.29,152.67,163.51,28.32,Type_III
80350.jpg,Normal,135.59,142.36,136.8,19.84,Type_IV
80352.jpg,Normal,151.74,150.53,132.42,65.03,Type_I
80354.jpg,Normal,157.95,134.38,135.14,59.12,Type_I
80451.jpg,Normal,132.23,133.04,145.28,6.13,Type_V
80455.jpg,Normal,79.69,146.94,151.91,-38.1,Type_VI
80470.jpg,Normal,64.08,128.0,128.0,-90.0,Type_VI
80472.jpg,Normal,195.65,145.36,140.97,64.12,Type_I
8056.jpg,Normal,95.89,142.38,146.2,-34.26,Type_VI
80564.jpg,Normal,181.25,129.61,131.98,79.31,Type_I
80572.jpg,Normal,68.36,140.14,141.6,-59.62,Type_VI
80673.jpg,Normal,116.61,141.79,147.74,-12.2,Type_V
80674.jpg,Normal,107.95,145.32,129.13,-81.58,Type_VI
80677.jpg,Normal,136.93,144.59,140.72,16.22,Type_IV
80685.jpg,Normal,111.07,145.28,155.33,-13.27,Type_V
80686.jpg,Normal,70.88,137.49,145.76,-51.34,Type_VI
80687.jpg,Normal,85.61,145.43,144.72,-44.5,Type_VI
80691.jpg,Normal,113.17,143.22,138.62,-27.88,Type_V
808.jpg,Normal,132.25,140.86,143.25,6.96,Type_V
80800.jpg,Normal,38.02,136.36,142.38,-67.72,Type_VI
80802.jpg,Normal,112.32,145.13,140.84,-24.88,Type_V
80811.jpg,Normal,136.39,142.37,139.32,17.11,Type_IV
80814.jpg,Normal,142.8,147.52,156.31,11.97,Type_IV
80818.jpg,Normal,82.2,127.91,129.91,-83.87,Type_VI
80899.jpg,Normal,86.92,135.81,138.23,-57.27,Type_VI
80904.jpg,Normal,97.29,146.2,146.3,-32.91,Type_VI
80913.jpg,Normal,128.5,136.82,157.08,0.77,Type_V
8097.jpg,Normal,125.88,135.88,135.89,-4.6,Type_V
80976.jpg,Normal,137.43,142.47,134.53,30.8,Type_III
80979.jpg,Normal,148.37,143.02,145.83,24.66,Type_IV
80983.jpg,Normal,131.06,144.95,143.33,5.21,Type_V
80992.jpg,Normal,138.88,137.64,135.57,30.53,Type_III
81092.jpg,Normal,107.33,153.74,148.94,-20.69,Type_V
81093.jpg,Normal,177.35,143.37,149.75,41.95,Type_II
81097.jpg,Normal,178.73,144.64,144.43,50.72,Type_II
81107.jpg,Normal,108.33,144.2,150.51,-18.47,Type_V
81108.jpg,Normal,123.39,138.77,149.01,-4.38,Type_V
81109.jpg,Normal,82.34,147.25,150.87,-37.75,Type_VI
81111.jpg,Normal,83.56,137.73,140.45,-54.16,Type_VI
81250.jpg,Normal,118.36,141.01,159.11,-6.57,Type_V
81252.jpg,Normal,151.37,146.27,147.23,25.96,Type_IV
81255.jpg,Normal,102.54,147.18,145.99,-28.55,Type_V
81261.jpg,Normal,120.72,138.88,142.56,-10.36,Type_V
81319.jpg,Normal,140.16,142.77,129.88,69.24,Type_I
8132.jpg,Normal,109.24,145.85,147.58,-20.09,Type_V
81323.jpg,Normal,94.56,144.97,153.38,-26.98,Type_V
81329.jpg,Normal,213.99,140.31,142.63,66.67,Type_I
81333.jpg,Normal,91.19,168.36,127.5,88.01,Type_I
8134.jpg,Normal,91.46,128.26,133.11,-70.11,Type_VI
81342.jpg,Normal,138.01,135.62,131.68,48.23,Type_II
81412.jpg,Normal,100.04,137.65,133.32,-63.73,Type_VI
81418.jpg,Normal,96.55,146.59,150.66,-28.18,Type_V
81420.jpg,Normal,88.7,128.0,128.0,-90.0,Type_VI
81423.jpg,Normal,75.29,138.52,144.01,-51.97,Type_VI
81437.jpg,Normal,89.18,138.51,137.34,-58.15,Type_VI
81513.jpg,Normal,177.33,140.39,142.13,54.13,Type_II
8152.jpg,Normal,176.35,129.24,158.29,32.31,Type_III
81520.jpg,Normal,125.99,136.5,140.35,-2.74,Type_V
81521.jpg,Normal,110.6,150.92,145.56,-20.68,Type_V
81525.jpg,Normal,156.54,141.25,148.98,28.49,Type_III
81527.jpg,Normal,119.94,145.98,150.03,-7.66,Type_V
81533.jpg,Normal,117.07,130.56,155.14,-8.57,Type_V
81536.jpg,Normal,88.78,142.92,137.22,-58.74,Type_VI
81602.jpg,Normal,175.42,146.04,133.55,73.54,Type_I
81603.jpg,Normal,142.49,160.89,146.67,17.47,Type_IV
81604.jpg,Normal,55.56,143.76,136.72,-72.82,Type_VI
81606.jpg,Normal,61.96,144.75,148.1,-51.97,Type_VI
81607.jpg,Normal,132.69,155.1,155.44,4.24,Type_V
8161.jpg,Normal,71.89,134.0,140.07,-61.03,Type_VI
81612.jpg,Normal,124.02,146.61,139.06,-7.04,Type_V
81615.jpg,Normal,176.83,150.66,165.83,27.08,Type_IV
81623.jpg,Normal,149.71,144.78,149.21,22.33,Type_IV
81631.jpg,Normal,110.01,141.47,134.22,-47.78,Type_VI
81636.jpg,Normal,133.99,128.0,128.0,90.0,Type_I
81714.jpg,Normal,159.53,143.9,137.89,51.79,Type_II
8172.jpg,Normal,150.69,151.43,154.73,18.79,Type_IV
81729.jpg,Normal,130.11,140.19,143.95,3.68,Type_V
81853.jpg,Normal,74.02,145.81,148.28,-45.96,Type_VI
81857.jpg,Normal,119.61,144.13,149.1,-8.34,Type_V
81862.jpg,Normal,96.14,139.41,145.2,-35.56,Type_VI
81868.jpg,Normal,69.31,136.33,144.07,-54.84,Type_VI
81869.jpg,Normal,73.31,143.94,142.61,-55.48,Type_VI
81871.jpg,Normal,184.02,142.91,145.71,51.37,Type_II
8188.jpg,Normal,117.57,129.2,130.68,-55.5,Type_VI
81951.jpg,Normal,81.53,143.57,147.77,-42.36,Type_VI
81966.jpg,Normal,58.93,134.53,133.59,-78.26,Type_VI
82092.jpg,Normal,172.3,148.27,139.74,56.25,Type_I
82098.jpg,Normal,163.14,143.58,144.05,41.04,Type_II
821.jpg,Normal,92.93,147.57,149.37,-32.38,Type_VI
82100.jpg,Normal,83.88,143.5,150.18,-37.64,Type_VI
82109.jpg,Normal,165.7,146.41,149.43,34.95,Type_III
82111.jpg,Normal,56.33,135.84,137.35,-71.49,Type_VI
82112.jpg,Normal,136.67,135.62,131.56,45.31,Type_II
82113.jpg,Normal,130.98,149.63,160.08,2.43,Type_V
82225.jpg,Normal,85.35,128.0,128.0,-90.0,Type_VI
82234.jpg,Normal,115.79,142.15,145.22,-14.93,Type_V
82301.jpg,Normal,78.69,141.82,131.64,-79.23,Type_VI
82303.jpg,Normal,190.68,145.0,141.34,61.69,Type_I
82306.jpg,Normal,84.03,137.33,137.12,-61.84,Type_VI
82312.jpg,Normal,164.49,139.33,133.73,68.44,Type_I
82315.jpg,Normal,118.56,148.64,145.93,-11.07,Type_V
82316.jpg,Normal,50.36,136.12,141.31,-66.25,Type_VI
82399.jpg,Normal,45.52,144.92,138.61,-71.74,Type_VI
82406.jpg,Normal,106.44,139.76,144.41,-26.71,Type_V
82407.jpg,Normal,127.49,144.4,149.83,-0.01,Type_V
8241.jpg,Normal,145.4,140.08,133.33,52.79,Type_II
82411.jpg,Normal,67.85,138.47,138.94,-64.95,Type_VI
82422.jpg,Normal,34.33,141.53,142.94,-67.76,Type_VI
82426.jpg,Normal,204.51,137.77,141.18,66.43,Type_I
82575.jpg,Normal,165.99,145.26,145.16,41.33,Type_II
82582.jpg,Normal,191.64,144.2,146.33,53.92,Type_II
82599.jpg,Normal,139.12,128.0,128.0,90.0,Type_I
826.jpg,Normal,121.42,141.91,151.7,-5.75,Type_V
82649.jpg,Normal,36.44,146.49,142.59,-67.77,Type_VI
8273.jpg,Normal,165.65,150.05,145.04,41.29,Type_II
82737.jpg,Normal,168.11,154.44,155.31,30.25,Type_III
82738.jpg,Normal,166.99,141.75,126.46,-84.31,Type_VI
82871.jpg,Normal,140.48,151.81,156.42,10.16,Type_IV
82873.jpg,Normal,57.89,140.48,137.07,-71.62,Type_VI
83028.jpg,Normal,105.2,140.44,143.64,-29.21,Type_V
83029.jpg,Normal,125.01,137.9,143.18,-3.69,Type_V
8303.jpg,Normal,56.03,137.75,138.77,-68.99,Type_VI
83040.jpg,Normal,151.33,144.85,142.36,33.06,Type_III
83042.jpg,Normal,128.26,128.0,128.0,90.0,Type_I
8305.jpg,Normal,197.44,142.3,144.95,58.29,Type_I
83159.jpg,Normal,172.35,143.6,152.75,35.4,Type_III
83162.jpg,Normal,127.32,167.08,123.89,0.97,Type_V
83164.jpg,Normal,56.67,139.77,145.21,-58.23,Type_VI
83182.jpg,Normal,90.56,134.82,138.69,-53.57,Type_VI
83185.jpg,Normal,107.24,139.72,154.34,-16.78,Type_V
83286.jpg,Normal,105.23,147.81,147.62,-24.0,Type_V
83294.jpg,Normal,37.23,130.04,131.72,-84.01,Type_VI
83299.jpg,Normal,197.83,144.23,148.22,53.75,Type_II
83302.jpg,Normal,97.74,145.06,143.1,-37.7,Type_VI
83305.jpg,Normal,147.41,140.43,146.02,23.42,Type_IV
83312.jpg,Normal,140.38,137.71,152.75,11.54,Type_IV
83315.jpg,Normal,136.88,159.3,152.84,8.42,Type_V
83424.jpg,Normal,143.56,142.36,146.74,18.58,Type_IV
83432.jpg,Normal,148.73,145.05,142.95,29.11,Type_III
8344.jpg,Normal,72.59,139.84,138.92,-63.1,Type_VI
83494.jpg,Normal,138.67,158.94,146.56,13.28,Type_IV
83496.jpg,Normal,92.89,154.55,152.72,-28.76,Type_V
83501.jpg,Normal,193.66,141.11,141.84,61.93,Type_I
83508.jpg,Normal,192.49,141.5,137.94,68.69,Type_I
83627.jpg,Normal,153.64,139.09,140.66,38.99,Type_III
83635.jpg,Normal,135.73,150.0,160.47,5.68,Type_V
8371.jpg,Normal,121.13,136.93,144.24,-8.74,Type_V
83795.jpg,Normal,144.43,145.9,144.31,22.15,Type_IV
83796.jpg,Normal,102.13,144.7,145.73,-29.3,Type_V
83799.jpg,Normal,108.21,152.59,154.15,-16.13,Type_V
83804.jpg,Normal,165.47,155.71,162.11,23.58,Type_IV
83810.jpg,Normal,130.95,144.03,151.17,3.34,Type_V
83816.jpg,Normal,107.5,153.72,145.28,-24.42,Type_V
83897.jpg,Normal,124.86,133.15,142.25,-4.16,Type_V
83898.jpg,Normal,61.42,147.35,126.33,86.32,Type_I
8390.jpg,Normal,138.45,137.93,127.67,-85.64,Type_VI
83900.jpg,Normal,145.51,150.53,162.91,11.44,Type_IV
83901.jpg,Normal,214.44,140.67,148.29,59.24,Type_I
83905.jpg,Normal,174.98,137.49,162.77,28.17,Type_III
83906.jpg,Normal,126.28,141.83,139.94,-2.29,Type_V
83908.jpg,Normal,116.28,142.45,148.46,-12.14,Type_V
8391.jpg,Normal,137.55,152.03,164.98,6.08,Type_V
84042.jpg,Normal,170.88,147.76,144.89,45.2,Type_II
84070.jpg,Normal,120.98,144.27,147.97,-7.3,Type_V
84074.jpg,Normal,109.4,149.59,158.35,-13.16,Type_V
84079.jpg,Normal,242.95,122.93,146.73,67.53,Type_I
84081.jpg,Normal,58.76,140.31,147.42,-54.23,Type_VI
84082.jpg,Normal,53.41,136.87,134.49,-77.4,Type_VI
84083.jpg,Normal,190.2,135.69,136.71,70.49,Type_I
84142.jpg,Normal,81.07,143.16,145.72,-45.78,Type_VI
84149.jpg,Normal,85.2,139.78,138.07,-58.75,Type_VI
8415.jpg,Normal,162.61,146.57,138.34,53.1,Type_II
84150.jpg,Normal,194.37,141.83,152.92,46.46,Type_II
84216.jpg,Normal,133.61,150.98,158.94,4.43,Type_V
84219.jpg,Normal,84.97,151.93,155.17,-31.54,Type_VI
84220.jpg,Normal,230.47,135.42,131.57,84.95,Type_I
84227.jpg,Normal,88.69,147.97,146.04,-40.15,Type_VI
84228.jpg,Normal,127.87,140.36,139.85,0.71,Type_V
84231.jpg,Normal,163.39,138.64,144.15,41.07,Type_II
84311.jpg,Normal,111.97,141.3,146.26,-18.45,Type_V
84313.jpg,Normal,112.59,142.46,147.38,-16.79,Type_V
84324.jpg,Normal,208.52,128.0,128.0,90.0,Type_I
84327.jpg,Normal,138.8,101.93,160.01,7.88,Type_V
84419.jpg,Normal,133.3,139.29,148.57,6.31,Type_V
84422.jpg,Normal,199.82,143.53,148.71,53.86,Type_II
84427.jpg,Normal,198.7,144.15,147.44,55.16,Type_I
84428.jpg,Normal,129.43,146.53,148.26,2.14,Type_V
84437.jpg,Normal,131.47,143.29,148.15,4.42,Type_V
84583.jpg,Normal,114.5,139.78,136.19,-31.91,Type_VI
84585.jpg,Normal,63.42,139.5,138.3,-67.71,Type_VI
84591.jpg,Normal,37.81,133.48,129.05,-88.3,Type_VI
84593.jpg,Normal,161.88,136.66,140.49,47.2,Type_II
84594.jpg,Normal,206.08,141.49,155.41,48.35,Type_II
84595.jpg,Normal,99.03,137.39,135.34,-56.66,Type_VI
84596.jpg,Normal,182.75,147.11,146.0,50.28,Type_II
84606.jpg,Normal,112.48,141.93,154.05,-12.74,Type_V
847.jpg,Normal,84.12,144.27,149.61,-38.21,Type_VI
8470.jpg,Normal,86.24,142.93,138.72,-56.48,Type_VI
84700.jpg,Normal,91.94,160.9,154.97,-27.34,Type_V
84704.jpg,Normal,106.4,181.7,148.36,-22.11,Type_V
84707.jpg,Normal,104.27,150.11,148.69,-23.76,Type_V
84710.jpg,Normal,184.34,131.37,130.16,84.47,Type_I
84711.jpg,Normal,120.53,143.95,141.34,-11.58,Type_V
84813.jpg,Normal,85.5,158.12,161.12,-26.44,Type_V
84815.jpg,Normal,105.74,144.19,136.64,-44.64,Type_VI
84818.jpg,Normal,123.36,152.35,144.64,-5.57,Type_V
84819.jpg,Normal,195.07,145.16,137.91,69.5,Type_I
8482.jpg,Normal,135.6,150.06,152.02,7.53,Type_V
84820.jpg,Normal,90.74,132.14,145.64,-39.25,Type_VI
84821.jpg,Normal,57.71,141.29,140.31,-65.78,Type_VI
84826.jpg,Normal,182.66,153.34,155.98,37.71,Type_III
84831.jpg,Normal,172.47,141.68,146.67,43.36,Type_II
84833.jpg,Normal,107.02,158.5,162.5,-13.11,Type_V
84896.jpg,Normal,119.36,146.07,151.52,-7.72,Type_V
84897.jpg,Normal,149.12,146.68,152.54,19.06,Type_IV
84901.jpg,Normal,130.41,135.82,134.1,10.59,Type_IV
84973.jpg,Normal,185.64,143.66,147.52,49.43,Type_II
84989.jpg,Normal,83.0,148.45,159.34,-29.11,Type_V
84990.jpg,Normal,170.88,141.39,142.32,49.9,Type_II
85062.jpg,Normal,100.87,141.29,150.35,-25.05,Type_V
85064.jpg,Normal,125.36,147.41,151.12,-2.08,Type_V
85065.jpg,Normal,111.67,144.13,151.27,-14.93,Type_V
8507.jpg,Normal,102.8,144.13,141.09,-36.5,Type_VI
85070.jpg,Normal,146.62,140.78,130.81,69.43,Type_I
85075.jpg,Normal,119.79,158.91,117.5,16.07,Type_IV
85077.jpg,Normal,166.65,152.08,149.41,35.65,Type_III
85156.jpg,Normal,143.45,144.02,146.22,18.94,Type_IV
85163.jpg,Normal,129.33,145.84,139.18,3.67,Type_V
85166.jpg,Normal,99.94,166.51,171.67,-13.9,Type_V
85178.jpg,Normal,171.4,146.12,132.06,76.73,Type_I
85181.jpg,Normal,140.57,139.43,140.27,22.67,Type_IV
85184.jpg,Normal,84.53,140.76,140.75,-52.89,Type_VI
85292.jpg,Normal,51.0,145.6,140.69,-67.07,Type_VI
85297.jpg,Normal,122.44,138.81,139.93,-9.44,Type_V
85298.jpg,Normal,91.4,131.73,145.52,-38.94,Type_VI
8530.jpg,Normal,126.29,156.33,169.92,-0.65,Type_V
85304.jpg,Normal,133.29,144.86,141.11,9.82,Type_V
85307.jpg,Normal,135.96,164.56,177.09,3.87,Type_V
85309.jpg,Normal,110.77,146.11,137.86,-33.65,Type_VI
85315.jpg,Normal,140.84,153.94,157.89,9.93,Type_V
85387.jpg,Normal,101.15,153.52,152.74,-22.67,Type_V
85390.jpg,Normal,90.37,138.43,138.5,-54.2,Type_VI
85391.jpg,Normal,147.35,147.32,152.33,17.75,Type_IV
85399.jpg,Normal,127.12,147.51,148.05,-0.42,Type_V
85400.jpg,Normal,83.93,142.81,125.47,81.57,Type_I
85402.jpg,Normal,140.52,137.57,137.45,28.38,Type_III
85502.jpg,Normal,160.82,144.17,155.34,25.54,Type_IV
85503.jpg,Normal,92.52,134.94,134.99,-62.99,Type_VI
85517.jpg,Normal,94.56,137.44,131.08,-76.58,Type_VI
85518.jpg,Normal,102.36,168.64,147.71,-26.57,Type_V
85642.jpg,Normal,122.68,147.45,135.98,-13.33,Type_V
85644.jpg,Normal,55.87,145.26,150.17,-51.72,Type_VI
85648.jpg,Normal,91.46,130.28,129.68,-83.23,Type_VI
85716.jpg,Normal,100.61,142.5,145.79,-30.66,Type_VI
85743.jpg,Normal,42.56,156.87,134.28,-79.32,Type_VI
85751.jpg,Normal,120.71,148.33,150.1,-6.87,Type_V
85756.jpg,Normal,170.45,128.0,128.0,90.0,Type_I
85894.jpg,Normal,153.02,145.6,164.87,15.19,Type_IV
85901.jpg,Normal,149.13,146.5,138.97,37.71,Type_III
85904.jpg,Normal,167.76,140.52,144.3,44.08,Type_II
85908.jpg,Normal,53.87,130.46,137.96,-70.97,Type_VI
85910.jpg,Normal,42.12,138.38,130.3,-86.08,Type_VI
85911.jpg,Normal,156.27,143.18,136.23,53.88,Type_II
85923.jpg,Normal,141.3,142.46,141.17,22.34,Type_IV
85973.jpg,Normal,129.58,136.67,134.58,7.08,Type_V
86002.jpg,Normal,151.55,148.14,133.35,60.45,Type_I
86009.jpg,Normal,184.42,140.31,132.03,79.75,Type_I
86014.jpg,Normal,108.11,146.82,147.31,-21.49,Type_V
86019.jpg,Normal,186.91,145.56,137.91,66.95,Type_I
86026.jpg,Normal,105.04,146.8,158.17,-16.28,Type_V
86028.jpg,Normal,192.27,139.56,145.52,55.41,Type_I
86091.jpg,Normal,181.11,128.0,128.0,90.0,Type_I
8613.jpg,Normal,170.54,143.81,151.25,35.98,Type_III
86130.jpg,Normal,129.51,128.0,128.0,90.0,Type_I
86132.jpg,Normal,120.51,139.65,138.37,-14.81,Type_V
86145.jpg,Normal,102.08,143.75,141.09,-37.29,Type_VI
86149.jpg,Normal,69.34,139.98,136.75,-69.02,Type_VI
86228.jpg,Normal,150.16,149.18,162.1,14.61,Type_IV
86231.jpg,Normal,151.5,137.26,149.65,23.49,Type_IV
86236.jpg,Normal,53.2,135.41,139.31,-68.78,Type_VI
86330.jpg,Normal,92.67,149.01,145.28,-38.32,Type_VI
86332.jpg,Normal,136.02,142.69,155.84,6.84,Type_V
86334.jpg,Normal,101.8,142.12,141.11,-37.55,Type_VI
86417.jpg,Normal,56.23,135.62,143.29,-61.32,Type_VI
86424.jpg,Normal,157.27,134.17,149.97,27.98,Type_IV
86512.jpg,Normal,158.34,146.55,158.05,21.92,Type_IV
86520.jpg,Normal,113.51,141.31,153.9,-11.96,Type_V
86656.jpg,Normal,73.49,145.64,132.98,-76.78,Type_VI
86663.jpg,Normal,132.49,143.74,148.62,5.42,Type_V
86665.jpg,Normal,215.76,124.03,126.75,-87.93,Type_VI
86670.jpg,Normal,152.88,147.21,137.74,45.62,Type_II
86679.jpg,Normal,65.23,145.12,161.26,-36.28,Type_VI
8779.jpg,Normal,105.15,147.13,141.85,-32.33,Type_VI
89.jpg,Normal,99.66,149.43,137.5,-48.96,Type_VI
890.jpg,Normal,108.41,149.7,156.9,-14.52,Type_V
8904.jpg,Normal,92.81,141.09,137.6,-54.79,Type_VI
8911.jpg,Normal,140.44,135.77,153.19,11.39,Type_IV
892.jpg,Normal,134.47,163.49,166.13,4.1,Type_V
8925.jpg,Normal,80.9,140.25,133.74,-72.56,Type_VI
8970.jpg,Normal,198.36,137.95,141.5,64.09,Type_I
8975.jpg,Normal,164.65,144.73,142.78,44.58,Type_II
9060.jpg,Normal,113.06,145.94,152.72,-12.9,Type_V
9190.jpg,Normal,173.83,150.21,141.77,52.85,Type_II
9191.jpg,Normal,209.42,140.73,148.19,57.85,Type_I
92.jpg,Normal,112.91,132.36,138.75,-28.03,Type_V
9208.jpg,Normal,185.59,143.91,145.39,52.64,Type_II
9212.jpg,Normal,109.66,142.58,131.72,-62.02,Type_VI
934.jpg,Normal,183.88,147.76,147.97,47.91,Type_II
9342.jpg,Normal,118.07,147.12,158.3,-6.96,Type_V
9348.jpg,Normal,159.8,116.54,165.41,18.7,Type_IV
9446.jpg,Normal,47.42,149.44,152.49,-52.05,Type_VI
945.jpg,Normal,66.3,138.39,124.33,81.31,Type_I
9455.jpg,Normal,62.59,134.51,133.12,-78.62,Type_VI
946.jpg,Normal,56.12,138.96,140.49,-65.96,Type_VI
9631.jpg,Normal,109.22,150.99,153.08,-15.95,Type_V
9632.jpg,Normal,92.07,150.04,149.65,-32.69,Type_VI
9634.jpg,Normal,178.01,128.65,144.31,50.54,Type_II
9638.jpg,Normal,104.9,146.72,142.01,-32.32,Type_VI
965.jpg,Normal,101.33,137.26,135.32,-54.51,Type_VI
9768.jpg,Normal,121.3,141.4,143.5,-8.92,Type_V
9773.jpg,Normal,146.38,139.27,140.57,30.5,Type_III
9777.jpg,Normal,93.64,154.46,155.07,-26.13,Type_V
978.jpg,Normal,88.98,139.21,137.27,-58.45,Type_VI
986.jpg,Normal,156.86,133.5,147.66,30.36,Type_III
9860.jpg,Normal,94.01,154.88,154.74,-26.15,Type_V
9861.jpg,Normal,156.38,144.27,153.63,23.84,Type_IV
988.jpg,Normal,62.59,146.57,145.6,-55.34,Type_VI
9884.jpg,Normal,114.01,140.08,129.98,-69.46,Type_VI
Face_normal.png,Normal,171.81,150.31,145.37,45.01,Type_II
Normal.jpeg,Normal,116.37,154.91,170.18,-5.91,Type_V
Normal.jpg,Normal,181.38,142.98,144.26,52.43,Type_II
Normal2.png,Normal,164.32,137.34,133.16,70.32,Type_I
07RosaceaFulFAce.jpg,Flushing,173.49,147.51,141.13,53.94,Type_II
07RosaceaOK0828063.jpg,Flushing,100.41,143.15,143.07,-35.18,Type_VI
07rosaceaTreated091806OK.jpg,Flushing,122.28,140.85,141.68,-8.51,Type_V
101_jpg.rf.410b841ed82f2737fb5d2057056c063a.jpg,Flushing,172.18,144.99,144.78,46.24,Type_II
101_jpg.rf.410b841ed82f2737fb5d2057056c063a_6147.jpg,Flushing,172.18,144.99,144.78,46.24,Type_II
102_jpg.rf.b3958751e4465747582631651ca73a98.jpg,Flushing,160.74,148.63,144.46,38.37,Type_III
102_jpg.rf.b3958751e4465747582631651ca73a98_9852.jpg,Flushing,160.74,148.63,144.46,38.37,Type_III
1030333538_1_jpg.rf.ffcb885e0e33afe7d65555b71ebddf15.jpg,Flushing,168.38,137.61,141.96,48.95,Type_II
103887554_1_jpg.rf.9d462c8b9c2cce77766c975e13cff794.jpg,Flushing,183.6,146.43,140.8,59.81,Type_I
103887554_1_jpg.rf.9d462c8b9c2cce77766c975e13cff794_4287.jpg,Flushing,183.6,146.43,140.8,59.81,Type_I
105_jpg.rf.0e6fc5279db9e4172779df063da23782.jpg,Flushing,147.75,141.38,132.37,61.17,Type_I
107_jpg.rf.90f85b195f1cb8faebc1d3b184bf2895.jpg,Flushing,138.23,138.17,146.31,12.95,Type_IV
109_jpg.rf.6092ff8a494a72e2d348d836a2b2edd4.jpg,Flushing,152.17,147.69,155.58,19.33,Type_IV
10_jpeg.rf.c244e5ed73df765be92368bae2e789ce.jpg,Flushing,146.12,134.3,135.86,42.88,Type_II
110_jpg.rf.5878786e0e5b04eacd9d757e5909c3af.jpg,Flushing,136.51,148.7,150.84,8.79,Type_V
110_jpg.rf.5878786e0e5b04eacd9d757e5909c3af_2247.jpg,Flushing,136.51,148.7,150.84,8.79,Type_V
111_jpg.rf.10c3e3b25a4a7630cf1072d1a7244aaa.jpg,Flushing,138.63,148.27,150.32,11.06,Type_IV
1129801707_1_jpg.rf.350013671876f4c144d26316877d7621.jpg,Flushing,129.85,151.01,140.5,4.22,Type_V
113_jpg.rf.cd5c14593fcb81ab218c9817aecfb52c.jpg,Flushing,192.42,136.31,137.04,70.45,Type_I
114_jpg.rf.8abf04d31cfe689a3faddc7abc76b62f.jpg,Flushing,183.53,136.47,137.1,67.51,Type_I
115_jpg.rf.bd9ac049062c0e6773bcf90de2da5ecd.jpg,Flushing,177.82,129.75,120.09,-68.15,Type_VI
115_jpg.rf.bd9ac049062c0e6773bcf90de2da5ecd_4838.jpg,Flushing,177.82,129.75,120.09,-68.15,Type_VI
116_jpg.rf.ad7ca4dacf727ca28bf333909db2e0d2.jpg,Flushing,167.91,140.67,133.31,71.48,Type_I
116_jpg.rf.ad7ca4dacf727ca28bf333909db2e0d2_5816.jpg,Flushing,167.91,140.67,133.31,71.48,Type_I
117_jpg.rf.2ff9f4686ae0f192b9c7c018ee782ec1.jpg,Flushing,179.49,131.67,124.68,-80.76,Type_VI
118_jpg.rf.7b8c72f23d47de52801fe838e2f4dd52.jpg,Flushing,174.05,135.41,137.81,61.74,Type_I
118_jpg.rf.7b8c72f23d47de52801fe838e2f4dd52_4937.jpg,Flushing,174.05,135.41,137.81,61.74,Type_I
11_jpeg.rf.d63b90634ff88f8124280b9be6d425b2.jpg,Flushing,155.29,141.33,138.04,47.35,Type_II
120801881_1_jpg.rf.74c29b3d092879a64c4221fba96d49b4.jpg,Flushing,123.86,147.51,158.58,-2.67,Type_V
120_jpg.rf.993363380a8bc42892ab7044d8e3af4e.jpg,Flushing,200.98,134.65,135.26,75.86,Type_I
121_jpg.rf.98805dbe1760d803971e13f2191c7b3c.jpg,Flushing,170.44,154.21,123.48,-74.99,Type_VI
125_jpg.rf.53e7c3f2d2fb454ac5c93ac22b959c66.jpg,Flushing,146.93,141.43,142.82,27.21,Type_IV
126_jpg.rf.2b4b6d7b8eac5174a95eeca6a264f913.jpg,Flushing,161.3,142.27,140.92,45.73,Type_II
126_jpg.rf.2b4b6d7b8eac5174a95eeca6a264f913_9600.jpg,Flushing,161.3,142.27,140.92,45.73,Type_II
127_jpg.rf.f3fdb68659962ced8adf8804dd5f8d87.jpg,Flushing,171.88,142.36,147.07,42.38,Type_II
12_jpeg.rf.a3bbfcbe4de8797e51c64e25a69468cd.jpg,Flushing,171.19,140.67,144.62,45.88,Type_II
12_jpeg.rf.a3bbfcbe4de8797e51c64e25a69468cd_5060.jpg,Flushing,171.19,140.67,144.62,45.88,Type_II
131_jpg.rf.02e3c2990066f2f52b1afe912d41fcba.jpg,Flushing,172.47,143.31,134.95,68.49,Type_I
131_jpg.rf.02e3c2990066f2f52b1afe912d41fcba_5250.jpg,Flushing,172.47,143.31,134.95,68.49,Type_I
132_jpg.rf.eec3bf4f89d1d6d0ee4c7960567124fc.jpg,Flushing,150.71,146.14,140.09,36.97,Type_III
132_jpg.rf.eec3bf4f89d1d6d0ee4c7960567124fc_9338.jpg,Flushing,150.71,146.14,140.09,36.97,Type_III
133_jpg.rf.ac459e1042a90b2c4e81d5d4f043c7ab.jpg,Flushing,150.84,141.28,138.7,40.55,Type_III
135_jpg.rf.74ab3e03bf2d1788d2ebbe7896f63257.jpg,Flushing,148.65,142.64,142.05,30.56,Type_III
136_jpg.rf.5906e29d220923774398d55c33d85e0d.jpg,Flushing,147.51,141.57,142.33,28.7,Type_III
136_jpg.rf.5906e29d220923774398d55c33d85e0d_5324.jpg,Flushing,147.51,141.57,142.33,28.7,Type_III
137_jpg.rf.a28e61205e1405dc965ac996fed72cb6.jpg,Flushing,131.71,141.21,143.11,6.23,Type_V
13_jpeg.rf.f434951f9b90a47a2c68007248fb7fcb.jpg,Flushing,117.81,146.2,135.97,-25.5,Type_V
13_jpeg.rf.f434951f9b90a47a2c68007248fb7fcb_4156.jpg,Flushing,117.81,146.2,135.97,-25.5,Type_V
144_jpg.rf.1053a6986c1bc6103bfd19fb8dc8ce8c.jpg,Flushing,144.9,143.61,141.8,26.31,Type_IV
144_jpg.rf.1053a6986c1bc6103bfd19fb8dc8ce8c_1048.jpg,Flushing,144.9,143.61,141.8,26.31,Type_IV
146_jpg.rf.f9a1a3b8cea8a1844181facfe1cc9821.jpg,Flushing,153.04,143.58,140.93,37.77,Type_III
147_jpg.rf.5eec88618f8eed333a5f8db6e0291eae.jpg,Flushing,126.13,148.88,147.17,-1.6,Type_V
148_jpg.rf.85af414f3670b542224f60052f9b7cc6.jpg,Flushing,165.68,144.11,144.4,42.39,Type_II
149_jpg.rf.032101663f687444958be36ce673a586.jpg,Flushing,154.82,142.61,142.63,36.2,Type_III
14_jpeg.rf.77fe1ddf65b70321fc86a1d23b67ab64.jpg,Flushing,126.18,144.54,142.02,-2.11,Type_V
14_jpeg.rf.77fe1ddf65b70321fc86a1d23b67ab64_5214.jpg,Flushing,126.18,144.54,142.02,-2.11,Type_V
14_jpg.rf.20e16cd6ad1ea9dc0395d349795d0670.jpg,Flushing,175.21,142.56,143.67,50.05,Type_II
151_jpg.rf.fb8b9d5764da32d232051d2b5f4c87b0.jpg,Flushing,154.74,147.24,150.29,25.61,Type_IV
152_jpg.rf.977232bd98d02a5cff88d2e4d00afdf7.jpg,Flushing,178.62,143.79,145.68,48.58,Type_II
154_jpg.rf.dfad1f9bd5529d0d64312a8aaf3d33aa.jpg,Flushing,164.03,141.24,132.09,74.07,Type_I
154_jpg.rf.dfad1f9bd5529d0d64312a8aaf3d33aa_2246.jpg,Flushing,164.03,141.24,132.09,74.07,Type_I
155_jpg.rf.2164f593a2ff9ed2effedf0a4bc0d54e.jpg,Flushing,180.86,138.25,131.85,79.57,Type_I
155_jpg.rf.2164f593a2ff9ed2effedf0a4bc0d54e_3693.jpg,Flushing,180.86,138.25,131.85,79.57,Type_I
156_jpg.rf.844c522ee6ee31a0c881378ba4247a69.jpg,Flushing,114.35,141.37,133.51,-43.1,Type_VI
156_jpg.rf.844c522ee6ee31a0c881378ba4247a69_7849.jpg,Flushing,114.35,141.37,133.51,-43.1,Type_VI
158_jpg.rf.6c7eba4631f05bab96bcf2f9369072c7.jpg,Flushing,153.44,138.7,134.15,58.86,Type_I
159_jpg.rf.1bbbfbc8645d921aa4636d4686e94a8e.jpg,Flushing,148.15,136.77,133.84,54.19,Type_II
159_jpg.rf.1bbbfbc8645d921aa4636d4686e94a8e_4287.jpg,Flushing,148.15,136.77,133.84,54.19,Type_II
159_jpg.rf.891529c0f7ee66860826dcbe298ec3ce.jpg,Flushing,144.93,142.47,138.87,32.15,Type_III
15_jpeg.rf.fd49c11d295d262bf2824914dfaa0a71.jpg,Flushing,138.41,128.0,127.0,-76.84,Type_VI
15_jpeg.rf.fd49c11d295d262bf2824914dfaa0a71_7627.jpg,Flushing,138.41,128.0,127.0,-76.84,Type_VI
165_jpg.rf.2e1f5e9627a32b8f6a3169711d5c3fef.jpg,Flushing,170.91,139.77,134.45,69.24,Type_I
165_jpg.rf.2e1f5e9627a32b8f6a3169711d5c3fef_1513.jpg,Flushing,170.91,139.77,134.45,69.24,Type_I
170_jpg.rf.9e220aebfdcf66ed6f4c6132a80bfe16.jpg,Flushing,92.4,141.72,137.56,-55.22,Type_VI
172_jpg.rf.7b71471c8cfa909a6dcaab021749aa76.jpg,Flushing,178.17,131.39,130.7,82.27,Type_I
173_jpg.rf.a57186c123c7824cf88a55367e18131a.jpg,Flushing,176.16,132.13,130.06,83.85,Type_I
175_jpg.rf.405089ddb7e789b727c7c01ce8827ccf.jpg,Flushing,172.98,141.47,140.99,53.93,Type_II
176_jpg.rf.6a98af9b57294f1fcb722fd20e250fb2.jpg,Flushing,161.01,139.67,144.09,39.25,Type_III
176_jpg.rf.6a98af9b57294f1fcb722fd20e250fb2_2978.jpg,Flushing,161.01,139.67,144.09,39.25,Type_III
17_jpg.rf.23826ea2494a47e7af44f5f358d8e92a.jpg,Flushing,159.64,131.12,134.74,61.85,Type_I
180_jpg.rf.4a7b80e17e5a8ee8e9022757d2d7e975.jpg,Flushing,153.09,134.57,129.01,84.24,Type_I
180_jpg.rf.4a7b80e17e5a8ee8e9022757d2d7e975_9239.jpg,Flushing,153.09,134.57,129.01,84.24,Type_I
187_jpg.rf.3ea2f5a235ce3eb0a9ba9819fd9dc110.jpg,Flushing,142.58,143.03,146.17,18.02,Type_IV
188_jpg.rf.57abc9b07aa5f225f812a198c4e90211.jpg,Flushing,131.77,139.96,142.05,6.79,Type_V
189_jpg.rf.f5f7ebf6d27bc6572418ee5c53c61575.jpg,Flushing,139.73,142.43,143.73,16.96,Type_IV
18_jpeg.rf.60b949f559f013a2cb5e65f74d6837af.jpg,Flushing,201.77,141.31,149.14,54.03,Type_II
18_jpg.rf.39349949b6fce059145587ac7443faf6.jpg,Flushing,108.86,131.7,136.93,-39.29,Type_VI
192_jpg.rf.557c229170c11910a2e7370e5158ab17.jpg,Flushing,159.92,134.87,140.87,44.64,Type_II
193_jpg.rf.52386d11468ed7a0c721efcb0c0b4ce0.jpg,Flushing,126.48,137.87,136.96,-2.57,Type_V
195_jpg.rf.b2518fdb0aae2686e19c536644a56c2c.jpg,Flushing,173.98,135.0,135.75,66.98,Type_I
195_jpg.rf.b2518fdb0aae2686e19c536644a56c2c_8075.jpg,Flushing,173.98,135.0,135.75,66.98,Type_I
197_jpg.rf.5da4b276ddf9b2b82406673a79e0b2c1.jpg,Flushing,178.34,141.33,139.59,59.82,Type_I
198_jpg.rf.60470d10e45fb2b7d025d8ac4f28d235.jpg,Flushing,143.94,142.49,140.32,27.62,Type_IV
198_jpg.rf.60470d10e45fb2b7d025d8ac4f28d235_9038.jpg,Flushing,143.94,142.49,140.32,27.62,Type_IV
19_jpg.rf.fbc570bc6c6b61d15ffee74bb7c73caf.jpg,Flushing,176.82,140.33,141.09,55.91,Type_I
1_jpeg.rf.fbf0f93d0790f0b43fb3f90a3c2013e5.jpg,Flushing,145.92,140.89,144.17,24.08,Type_IV
206273130_1_jpg.rf.c5c6039ba5847120458284a81a09d58f.jpg,Flushing,144.27,153.84,160.64,11.39,Type_IV
206_jpg.rf.18caeea69a98c99da49e660a00752b2c.jpg,Flushing,89.78,142.28,147.23,-37.57,Type_VI
207_jpg.rf.2ee46ba50291c9f5ae44e082fe1aa0e5.jpg,Flushing,101.6,136.69,136.02,-51.69,Type_VI
20_jpg.rf.69e89e1ab11b1a1d0576436be9e4cab9.jpg,Flushing,148.51,141.45,140.35,33.71,Type_III
2106011059_1_jpg.rf.e911c3e4598bbd58aa7fc1d06efbe4d6.jpg,Flushing,137.18,138.82,157.92,7.23,Type_V
2113106881_1_jpg.rf.89fc5a86c53e32b271a40a4349565355.jpg,Flushing,110.71,153.72,176.6,-7.72,Type_V
2113106881_1_jpg.rf.89fc5a86c53e32b271a40a4349565355_6976.jpg,Flushing,110.71,153.72,176.6,-7.72,Type_V
211_jpg.rf.6a20d215a23d87e59ea74737688305a1.jpg,Flushing,176.87,142.06,152.84,37.93,Type_III
211_jpg.rf.6a20d215a23d87e59ea74737688305a1_7292.jpg,Flushing,176.87,142.06,152.84,37.93,Type_III
212_jpg.rf.89ddde52afd2ebb27ae44b15777b41b6.jpg,Flushing,214.29,138.3,141.89,67.8,Type_I
212_jpg.rf.89ddde52afd2ebb27ae44b15777b41b6_7637.jpg,Flushing,214.29,138.3,141.89,67.8,Type_I
213_jpg.rf.bc5c760574f85db262613d5a08877f8a.jpg,Flushing,141.64,145.12,141.06,23.0,Type_IV
215_jpg.rf.d886d8455bab2d47b03d5e91f6ac6f99.jpg,Flushing,180.47,144.5,146.91,47.69,Type_II
216_jpg.rf.3fdb5eb87b442450293e043a71004ed6.jpg,Flushing,190.91,143.47,141.5,61.5,Type_I
216_jpg.rf.3fdb5eb87b442450293e043a71004ed6_2814.jpg,Flushing,190.91,143.47,141.5,61.5,Type_I
2175042512_1_jpg.rf.06123babaeb60954de552b9f319aa374.jpg,Flushing,162.12,143.45,149.01,32.86,Type_III
217_jpg.rf.1e40976092cbf55ab95a817635b41b07.jpg,Flushing,164.94,138.95,135.52,62.88,Type_I
217_jpg.rf.1e40976092cbf55ab95a817635b41b07_8556.jpg,Flushing,164.94,138.95,135.52,62.88,Type_I
2198286445_1_jpg.rf.1eb4d07e5473f51e2070f2c75fdaca66.jpg,Flushing,162.24,137.28,138.38,52.7,Type_II
219_jpg.rf.c65a706b94a4b12193d19fb4ee5ad82b.jpg,Flushing,194.24,136.06,135.21,74.6,Type_I
21_jpg.rf.ec60bc548bb7f9f875050a4a3d94a7c0.jpg,Flushing,179.68,137.46,137.63,64.8,Type_I
2200730806_1_jpg.rf.4627037d0dae1c6d48dfc1265384e2bb.jpg,Flushing,177.22,137.61,131.54,79.71,Type_I
220_jpg.rf.93a2ae681a469d5d7c2acd89dbd95818.jpg,Flushing,191.58,145.93,143.19,58.84,Type_I
220_jpg.rf.93a2ae681a469d5d7c2acd89dbd95818_8782.jpg,Flushing,191.58,145.93,143.19,58.84,Type_I
220_jpg.rf.cf48bb246f1a60fe3b0e9d3a37e4d577.jpg,Flushing,168.21,135.16,136.88,60.91,Type_I
220_jpg.rf.cf48bb246f1a60fe3b0e9d3a37e4d577_8632.jpg,Flushing,168.21,135.16,136.88,60.91,Type_I
221_jpg.rf.57f77df4f4b7360037f49918f9f10c05.jpg,Flushing,174.25,134.81,136.25,65.76,Type_I
222_jpg.rf.6f74c9e2e564524d038577eb848c498e.jpg,Flushing,188.19,142.6,147.08,51.28,Type_II
222_jpg.rf.6f74c9e2e564524d038577eb848c498e_7761.jpg,Flushing,188.19,142.6,147.08,51.28,Type_II
222_jpg.rf.de63d4108c9e51b9e1f20acafa19ed89.jpg,Flushing,160.27,137.25,140.25,46.36,Type_II
223_jpg.rf.d5911724a9344a017ac73dcc20e3cc7c.jpg,Flushing,167.91,141.18,143.77,45.14,Type_II
226_jpg.rf.9e1cc53ec1fea11e92e94b8568380d53.jpg,Flushing,198.8,140.23,139.86,67.02,Type_I
227_jpg.rf.a172cf8fa3f281b5df62127142281f09.jpg,Flushing,164.95,141.78,140.85,48.82,Type_II
229_jpg.rf.010fa05a4819d475508f5633dc083978.jpg,Flushing,189.65,138.61,139.57,64.61,Type_I
229_jpg.rf.010fa05a4819d475508f5633dc083978_4200.jpg,Flushing,189.65,138.61,139.57,64.61,Type_I
230_jpg.rf.8a3cad1254a7eb0a5311fdbf29001697.jpg,Flushing,134.09,143.72,143.97,9.2,Type_V
231_jpg.rf.61eabca170f338888379ce528f6a457d.jpg,Flushing,163.15,147.39,146.43,37.18,Type_III
232_jpg.rf.7c73aa3e6274af6c75270e0314f7ec89.jpg,Flushing,174.41,134.89,136.39,65.48,Type_I
232_jpg.rf.7c73aa3e6274af6c75270e0314f7ec89_2297.jpg,Flushing,174.41,134.89,136.39,65.48,Type_I
233_jpg.rf.69c9a8811fc7ed5b39c21bd10c34353f.jpg,Flushing,166.05,133.33,138.38,55.52,Type_I
234_jpg.rf.7aea357d5059cacee6a3f336f20c4b42.jpg,Flushing,161.95,131.95,134.52,64.24,Type_I
2352254513_1_jpg.rf.f2ec2a1ac464feebd93f45a72647c5c3.jpg,Flushing,128.99,140.12,146.84,1.78,Type_V
2352254513_1_jpg.rf.f2ec2a1ac464feebd93f45a72647c5c3_3741.jpg,Flushing,128.99,140.12,146.84,1.78,Type_V
235_jpg.rf.acd325111453865ad0fd1aeae086ed51.jpg,Flushing,147.94,150.84,140.75,32.15,Type_III
236817064_1_jpg.rf.ce9a929cb069fd4577d3efba58d76651.jpg,Flushing,112.58,153.68,145.91,-18.1,Type_V
236817064_1_jpg.rf.ce9a929cb069fd4577d3efba58d76651_3041.jpg,Flushing,112.58,153.68,145.91,-18.1,Type_V
236_jpg.rf.390e0731f1b0b1615b57135ed00bff3b.jpg,Flushing,155.34,142.71,142.66,36.68,Type_III
236_jpg.rf.6ca8a1e9c9d17edc92cca4845c2f6885.jpg,Flushing,147.43,148.71,139.51,34.18,Type_III
2375918801_1_jpg.rf.12d57370510dd628e1a20f939a080da5.jpg,Flushing,203.46,142.58,135.01,76.75,Type_I
238_jpg.rf.7b61cd98fe19713461b71a3b225a2cff.jpg,Flushing,156.55,142.8,141.29,40.61,Type_III
238_jpg.rf.7b61cd98fe19713461b71a3b225a2cff_8464.jpg,Flushing,156.55,142.8,141.29,40.61,Type_III
238_jpg.rf.b5d6d3cc7fd19c17fbf7612b656213ad.jpg,Flushing,182.84,142.66,148.56,46.55,Type_II
238_jpg.rf.b5d6d3cc7fd19c17fbf7612b656213ad_6685.jpg,Flushing,182.84,142.66,148.56,46.55,Type_II
2394089614_1_jpg.rf.3a1775c0304d3a4e515a0f064157e036.jpg,Flushing,94.09,148.29,155.65,-25.35,Type_V
239_jpg.rf.f12d0c4e0338380f1f8fd8922a495e12.jpg,Flushing,132.85,141.85,140.76,9.33,Type_V
239_jpg.rf.f12d0c4e0338380f1f8fd8922a495e12_6905.jpg,Flushing,132.85,141.85,140.76,9.33,Type_V
2405801774_1_jpg.rf.89315bc62a9972f2e03e0a8e0705a85d.jpg,Flushing,138.73,149.75,147.36,12.81,Type_IV
240_F_110479910_n9eh4gcWPH8kOGIWN8ZD1PvfQ9XhloHO_jpg.rf.15379d18f1a237ca13450cf564166027.jpg,Flushing,184.5,139.46,145.84,51.4,Type_II
240_F_210297159_7tMSDq38NJGGGfjubjo57EoqK1L4Qw6O_jpg.rf.4b6b88aa5c14d3584419e2851b95a85a.jpg,Flushing,189.73,138.29,144.74,55.55,Type_I
240_F_303787590_E77HGFUoZJhi2l5GEpegMU9jmUrfrHYv_jpg.rf.2d070f169e82ba012cced005f2de4bee.jpg,Flushing,195.13,142.92,144.85,57.57,Type_I
240_F_370704964_B4de4R8108nyUq6Nt0LuHyQQmamBmgEo_jpg.rf.6383b081a7e6e515dbcaeb33c29140e3.jpg,Flushing,200.21,133.13,136.4,73.58,Type_I
240_jpg.rf.42bc4fee7cdca1c7b0af474cb6f9db74.jpg,Flushing,145.89,140.61,138.15,35.39,Type_III
241_jpg.rf.5af8caf9a4deaec5adb7f357511528d8.jpg,Flushing,177.32,149.91,147.58,44.93,Type_II
241_jpg.rf.5af8caf9a4deaec5adb7f357511528d8_2771.jpg,Flushing,177.32,149.91,147.58,44.93,Type_II
2423457666_1_jpg.rf.324ee5d637abddb342667e612976d72e.jpg,Flushing,204.33,144.5,141.51,65.84,Type_I
2426631349_1_jpg.rf.e6bc30c345c20c98898b55adb83febda.jpg,Flushing,124.45,143.03,139.91,-5.73,Type_V
2437904540_1_jpg.rf.16014eb6d4f36d709700ea865406cf31.jpg,Flushing,150.13,148.58,151.09,21.03,Type_IV
243_jpg.rf.dd197213b998aa3b40015a1eda3c901d.jpg,Flushing,193.51,142.23,145.8,55.49,Type_I
244_jpg.rf.eda657754335e5d9b49da6423893130c.jpg,Flushing,159.74,141.11,137.04,54.43,Type_II
2450984791_1_jpg.rf.226f9ce803eb8ccb3c9087af21e69376.jpg,Flushing,195.52,138.68,143.35,60.08,Type_I
2458204984_1_jpg.rf.509d4372b6dccb44ae7fb604d865ae00.jpg,Flushing,177.41,151.91,161.95,29.97,Type_III
24604-eczema-on-face_jpg.rf.c9bea1c2d03bcb5a825c8d08601f9e4c.jpg,Flushing,175.33,143.62,138.21,61.45,Type_I
24604-eczema-on-face_jpg.rf.c9bea1c2d03bcb5a825c8d08601f9e4c_7533.jpg,Flushing,175.33,143.62,138.21,61.45,Type_I
249852286_2_jpg.rf.60b1df66c1f6ed8f04ca01127000715d.jpg,Flushing,116.61,140.98,135.74,-28.87,Type_V
249852286_2_jpg.rf.60b1df66c1f6ed8f04ca01127000715d_2478.jpg,Flushing,116.61,140.98,135.74,-28.87,Type_V
24_jpeg.rf.d6651c2949965d9adf663b837b37f02c.jpg,Flushing,131.51,139.36,139.27,7.95,Type_V
24_jpg.rf.885deb91d687924189d608d68d1c5e98.jpg,Flushing,169.1,133.03,127.75,-89.13,Type_VI
2501339174_1_jpg.rf.824e13ef0bacb428004516162c3374cf.jpg,Flushing,135.98,154.13,171.94,4.33,Type_V
250_jpg.rf.a9ef5329cb5c814caa95d05965ab07c0.jpg,Flushing,149.6,136.79,137.23,43.19,Type_II
251_jpeg.rf.3dc094949b51fef350bff1793c5d595c.jpg,Flushing,205.69,141.28,148.86,55.77,Type_I
251_jpeg.rf.3dc094949b51fef350bff1793c5d595c_9841.jpg,Flushing,205.69,141.28,148.86,55.77,Type_I
253_jpeg.rf.3850eddfc45dad67cdd4e897baca3af3.jpg,Flushing,124.82,141.53,137.39,-6.39,Type_V
253_jpg.rf.018650e1d646772d74114dac952e32dc.jpg,Flushing,171.15,141.04,136.65,63.19,Type_I
2545119553_1_jpg.rf.dcf4cd55b8b8b38d675c9368f0616d0a.jpg,Flushing,117.26,147.82,145.39,-13.0,Type_V
2545119553_1_jpg.rf.dcf4cd55b8b8b38d675c9368f0616d0a_4857.jpg,Flushing,117.26,147.82,145.39,-13.0,Type_V
254_jpeg.rf.b5f8c0239284e0b35dd577c436d2f85f.jpg,Flushing,135.29,137.66,138.95,15.57,Type_IV
2569659822_1_jpg.rf.7928ee8d7a4e0c1196391d55ea411ad9.jpg,Flushing,147.5,139.29,147.11,22.31,Type_IV
259_jpg.rf.6a0000f66d9de7b52cedbff3107a4f19.jpg,Flushing,168.51,143.67,149.45,36.86,Type_III
259_jpg.rf.6a0000f66d9de7b52cedbff3107a4f19_6530.jpg,Flushing,168.51,143.67,149.45,36.86,Type_III
25_jpeg.rf.80774aea7dc6be2dd58e27728a8a8864.jpg,Flushing,163.03,128.0,128.0,90.0,Type_I
25_jpeg.rf.80774aea7dc6be2dd58e27728a8a8864_6876.jpg,Flushing,163.03,128.0,128.0,90.0,Type_I
2609766139_1_jpg.rf.49376215a3682747fadd670279b1196e.jpg,Flushing,134.05,157.42,168.68,3.61,Type_V
2609766139_1_jpg.rf.49376215a3682747fadd670279b1196e_7644.jpg,Flushing,134.05,157.42,168.68,3.61,Type_V
261_jpg.rf.4813520ebc86e4aa755959182d6a2469.jpg,Flushing,124.91,144.93,146.66,-3.12,Type_V
262_jpeg.rf.1f1d0b890f24846995e7dc90187af1d6.jpg,Flushing,193.39,138.36,138.36,68.15,Type_I
262_jpg.rf.540b2ea57bd08b2180769e8f7f7cca40.jpg,Flushing,173.58,139.18,123.58,-76.25,Type_VI
263_jpg.rf.9ed36ba831264e9321f6473c3601e764.jpg,Flushing,184.14,138.71,122.79,-76.8,Type_VI
263_jpg.rf.9ed36ba831264e9321f6473c3601e764_1903.jpg,Flushing,184.14,138.71,122.79,-76.8,Type_VI
265_jpg.rf.85c8c9108900e9659c9ca99a58c83c0c.jpg,Flushing,165.36,147.83,155.08,28.73,Type_III
265_jpg.rf.85c8c9108900e9659c9ca99a58c83c0c_6951.jpg,Flushing,165.36,147.83,155.08,28.73,Type_III
2665784919_1_jpg.rf.f96f053e28eb05c2511c3ebd8c844d9b.jpg,Flushing,142.14,146.45,147.94,16.07,Type_IV
2665879761_1_jpg.rf.cbfe72fdd8d31c57b14ad3362c06476b.jpg,Flushing,138.11,148.65,148.61,11.42,Type_IV
2665879761_1_jpg.rf.cbfe72fdd8d31c57b14ad3362c06476b_9945.jpg,Flushing,138.11,148.65,148.61,11.42,Type_IV
2666396914_1_jpg.rf.a4f5fb0aa9ab7615f0294cbb06a178f9.jpg,Flushing,115.35,146.96,145.65,-15.11,Type_V
266_jpeg.rf.941a7215de8f57190aca0c0e07d3a82a.jpg,Flushing,95.54,143.23,144.88,-36.59,Type_VI
266_jpg.rf.a9b61c87df3559ae3e65cf1cc37d8547.jpg,Flushing,170.4,145.44,154.07,32.83,Type_III
266_jpg.rf.a9b61c87df3559ae3e65cf1cc37d8547_9862.jpg,Flushing,170.4,145.44,154.07,32.83,Type_III
2677149532_1_jpg.rf.59977e13a9483bea840059c7917568e8.jpg,Flushing,181.87,136.12,136.57,68.11,Type_I
267_jpeg.rf.d79767091eb963362df139ecf5e9499e.jpg,Flushing,141.72,128.0,128.0,90.0,Type_I
2688545621_1_jpg.rf.b871d4b48e4b4c4f3a0e42a1076a0343.jpg,Flushing,193.16,144.28,141.08,63.06,Type_I
268_jpg.rf.a253aad44b530df03e17ad65209f47b4.jpg,Flushing,147.59,139.22,134.47,50.59,Type_II
268_jpg.rf.a253aad44b530df03e17ad65209f47b4_3205.jpg,Flushing,147.59,139.22,134.47,50.59,Type_II
2692234417_1_jpg.rf.d0a50798ffb5524ff33a3a2bec914cc6.jpg,Flushing,183.41,145.11,149.28,45.85,Type_II
2692234417_1_jpg.rf.d0a50798ffb5524ff33a3a2bec914cc6_5829.jpg,Flushing,183.41,145.11,149.28,45.85,Type_II
2692799934_1_jpg.rf.ed28c556d14a5b1a7fa263326291ce32.jpg,Flushing,188.62,138.92,137.06,69.3,Type_I
2692799934_1_jpg.rf.ed28c556d14a5b1a7fa263326291ce32_7508.jpg,Flushing,188.62,138.92,137.06,69.3,Type_I
2699422785_1_jpg.rf.6657a34ca84cac38993d7fe39ca2e35e.jpg,Flushing,98.99,140.18,137.84,-48.66,Type_VI
2699422785_1_jpg.rf.6657a34ca84cac38993d7fe39ca2e35e_9030.jpg,Flushing,98.99,140.18,137.84,-48.66,Type_VI
269_jpg.rf.7ceddc4b4c71a7a1d30fdda15eeb8fd9.jpg,Flushing,117.45,144.72,153.18,-8.89,Type_V
269_jpg.rf.7ceddc4b4c71a7a1d30fdda15eeb8fd9_4679.jpg,Flushing,117.45,144.72,153.18,-8.89,Type_V
2707642369_1_jpg.rf.ddbfd8b9641b26ac2969f3cef84b0c00.jpg,Flushing,137.42,150.63,150.14,9.97,Type_V
2707644515_1_jpg.rf.a5bcaa044b3446a52036955e8f73933b.jpg,Flushing,141.32,145.85,153.34,12.07,Type_IV
270_jpg.rf.5f6bfabb1f0711dc67b6ecd7977a963c.jpg,Flushing,148.45,141.02,138.48,38.09,Type_III
270_jpg.rf.d32f1e969c95be8dc0ace5687b667047.jpg,Flushing,101.18,151.56,162.32,-16.74,Type_V
2719463843_1_jpg.rf.35eae27cdc29dcdb6d47c2f5a08dc121.jpg,Flushing,172.46,158.48,169.31,23.11,Type_IV
2719463843_1_jpg.rf.35eae27cdc29dcdb6d47c2f5a08dc121_9079.jpg,Flushing,172.46,158.48,169.31,23.11,Type_IV
2719469801_1_jpg.rf.25a2849c55156e128f725c5815ac1a43.jpg,Flushing,189.64,150.48,154.43,42.68,Type_II
271_jpg.rf.b670d7299908b46f4974a5b1bb2b51cb.jpg,Flushing,182.11,143.37,145.64,50.52,Type_II
271_jpg.rf.b670d7299908b46f4974a5b1bb2b51cb_1408.jpg,Flushing,182.11,143.37,145.64,50.52,Type_II
271_jpg.rf.e799fba8c08f42912ff9b5ef932e6d1c.jpg,Flushing,138.07,128.0,128.0,90.0,Type_I
271_jpg.rf.e799fba8c08f42912ff9b5ef932e6d1c_2835.jpg,Flushing,138.07,128.0,128.0,90.0,Type_I
2720293102_1_jpg.rf.5e4b510617e3c796333ae0d1a971d61c.jpg,Flushing,154.87,161.44,157.68,19.88,Type_IV
2720295826_1_jpg.rf.551be849641c69af1206509f9dae8eab.jpg,Flushing,161.7,156.86,159.58,23.01,Type_IV
2720295826_1_jpg.rf.551be849641c69af1206509f9dae8eab_3929.jpg,Flushing,161.7,156.86,159.58,23.01,Type_IV
2720297592_1_jpg.rf.84a56d6f17f22761ba08a448887fb138.jpg,Flushing,179.81,151.39,152.58,39.85,Type_III
272_jpg.rf.68e05909448db9f18724f55551a5ff60.jpg,Flushing,192.56,141.07,144.36,57.33,Type_I
272_jpg.rf.68e05909448db9f18724f55551a5ff60_5474.jpg,Flushing,192.56,141.07,144.36,57.33,Type_I
272_jpg.rf.e4d4f3679807dc2b43dcb05870ce95ba.jpg,Flushing,114.98,143.29,145.64,-15.55,Type_V
2738625961_1_jpg.rf.b001d6d209fc83e9a99084afee062693.jpg,Flushing,123.68,146.77,146.16,-4.72,Type_V
273_jpg.rf.525ffba59c2b6dd07139a87ba80bfd0b.jpg,Flushing,177.13,142.33,142.24,53.81,Type_II
273_jpg.rf.525ffba59c2b6dd07139a87ba80bfd0b_9548.jpg,Flushing,177.13,142.33,142.24,53.81,Type_II
274_jpg.rf.a204abd0daa4c40a9c2d84566bd8f0ea.jpg,Flushing,149.65,149.27,132.67,61.72,Type_I
276_jpg.rf.8a81b4af6d616276ee5e6a348b423b60.jpg,Flushing,141.51,148.31,137.01,31.38,Type_III
276_jpg.rf.8a81b4af6d616276ee5e6a348b423b60_9582.jpg,Flushing,141.51,148.31,137.01,31.38,Type_III
278_jpg.rf.8af24d552f6af798f1aeb9d1ec668dff.jpg,Flushing,167.64,145.15,152.58,32.63,Type_III
27_jpeg.rf.cfc04d8c037c15673a7ca1c186d53909.jpg,Flushing,124.14,128.0,128.01,-89.35,Type_VI
2806176632_1_jpg.rf.d9b152e6e223f1e2c4f0ad128c9f83e5.jpg,Flushing,181.55,152.86,157.44,35.75,Type_III
280_jpg.rf.71d2e9ca65ec3c22b6ce8116d5d22a22.jpg,Flushing,159.4,144.45,140.17,45.79,Type_II
281_jpg.rf.837ed9cfc9f9496d3cd2000283aec10c.jpg,Flushing,147.41,143.97,140.93,31.11,Type_III
2828057266_1_jpg.rf.e164e5371d7b5e54c47170d6a8165718.jpg,Flushing,186.39,154.4,152.94,42.8,Type_II
2828057266_1_jpg.rf.e164e5371d7b5e54c47170d6a8165718_3306.jpg,Flushing,186.39,154.4,152.94,42.8,Type_II
2837076619_1_jpg.rf.51d5e45f1b5eff1265afdad3bb47ccdf.jpg,Flushing,147.98,146.27,164.77,12.32,Type_IV
2837076619_1_jpg.rf.51d5e45f1b5eff1265afdad3bb47ccdf_8243.jpg,Flushing,147.98,146.27,164.77,12.32,Type_IV
283_jpg.rf.653b0f62b0484daf7e97b3ac56c98264.jpg,Flushing,153.36,139.28,139.31,41.88,Type_II
284_jpg.rf.c1fec2bac1eaa1f9e697092d8b59b929.jpg,Flushing,178.04,139.25,137.24,65.0,Type_I
2861547_16_articlelarge_iStock-1327412897_1__jpg.rf.7ae5d8d63b9f8dcef32feccf68275d7c.jpg,Flushing,204.77,142.56,140.84,67.03,Type_I
286_jpg.rf.b61a8217b6e2ec0d18e486be8c06a0b4.jpg,Flushing,175.32,137.98,138.63,60.46,Type_I
286_jpg.rf.b61a8217b6e2ec0d18e486be8c06a0b4_1639.jpg,Flushing,175.32,137.98,138.63,60.46,Type_I
287_jpg.rf.a13eba621fb6833561d238095977dbbb.jpg,Flushing,153.42,138.73,141.46,37.06,Type_III
2882152573_1_jpg.rf.3cce7971c5b050035e6a40465a95ea47.jpg,Flushing,148.69,134.86,135.8,46.81,Type_II
288_jpg.rf.e34f9bd8789d4c119a977eeaa92f97a1.jpg,Flushing,167.14,139.65,140.77,50.6,Type_II
288_jpg.rf.e34f9bd8789d4c119a977eeaa92f97a1_1352.jpg,Flushing,167.14,139.65,140.77,50.6,Type_II
289_jpg.rf.d0f53a69f5c866b6bd4dbde613e59086.jpg,Flushing,120.14,137.86,130.96,-44.25,Type_VI
28_jpeg.rf.2e98851a3f7e6010362a7863112e56dd.jpg,Flushing,129.85,127.88,126.97,-41.9,Type_VI
290_jpg.rf.7257e48c91faf7704c47eab328198ad2.jpg,Flushing,134.57,134.74,131.03,42.51,Type_II
291_jpg.rf.68773e3a6128059d6d78c349ebbb33ec.jpg,Flushing,158.39,134.78,131.97,71.85,Type_I
292_jpg.rf.6f799a203f72c14390a342eee0b9e2b4.jpg,Flushing,191.66,144.05,144.92,56.08,Type_I
2936372160_1_jpg.rf.87134264d6694d74cfd4d1288a49f577.jpg,Flushing,221.3,136.69,151.55,57.37,Type_I
2936372160_1_jpg.rf.87134264d6694d74cfd4d1288a49f577_9626.jpg,Flushing,221.3,136.69,151.55,57.37,Type_I
293_jpg.rf.03fbd658275f645b69307f7f7a034f4b.jpg,Flushing,183.22,143.84,148.98,46.17,Type_II
2947222498_1_jpg.rf.7ac067816e4f20ac69953f99ca9dd785.jpg,Flushing,155.24,160.93,167.31,15.47,Type_IV
294_jpg.rf.4db722a046aa3de5b2bdc5b4ec643d68.jpg,Flushing,196.91,144.1,146.73,55.47,Type_I
296_jpg.rf.6d8318ec2b7776f7c339727d0457f7bf.jpg,Flushing,130.16,140.92,146.62,3.21,Type_V
2973A28100000578-0-image-m-194_1433782669849_jpg.rf.dc179822fa269af29556ad0a61d151ab.jpg,Flushing,121.85,170.69,140.04,-10.43,Type_V
2973A28100000578-0-image-m-194_1433782669849_jpg.rf.dc179822fa269af29556ad0a61d151ab_1022.jpg,Flushing,121.85,170.69,140.04,-10.43,Type_V
297_jpg.rf.ade738685f56ba6aca0bf4997656e005.jpg,Flushing,159.84,139.76,141.04,44.21,Type_II
297_jpg.rf.ade738685f56ba6aca0bf4997656e005_1751.jpg,Flushing,159.84,139.76,141.04,44.21,Type_II
298_jpg.rf.c73101567a7803407b8c1e1db582dd11.jpg,Flushing,178.48,145.12,144.06,51.23,Type_II
29_jpeg.rf.58441172e56db2257feb8378a07808c1.jpg,Flushing,96.79,128.0,128.0,-90.0,Type_VI
29_jpg.rf.c1e2b273f1b17f831762a7d59f52c871.jpg,Flushing,120.51,146.49,144.23,-9.58,Type_V
2_jpg.rf.15dfeb912adaed6e5d5e89b31f677598.jpg,Flushing,155.53,151.04,153.92,22.98,Type_IV
2_jpg.rf.15dfeb912adaed6e5d5e89b31f677598_7826.jpg,Flushing,155.53,151.04,153.92,22.98,Type_IV
2_jpg.rf.4e08033f842f89f8105e5fce739fee78.jpg,Flushing,165.87,137.48,136.62,60.18,Type_I
300_jpg.rf.45ee8e21262317ae3c9a15608d95ca29.jpg,Flushing,169.42,146.65,143.36,46.95,Type_II
300_jpg.rf.45ee8e21262317ae3c9a15608d95ca29_5222.jpg,Flushing,169.42,146.65,143.36,46.95,Type_II
301_jpg.rf.2176a2df269f438fcf744476cc8ed98c.jpg,Flushing,163.91,145.03,147.23,36.59,Type_III
301_jpg.rf.e6a60dc250bccd8643e4d6d87f90e890.jpg,Flushing,155.37,150.41,154.2,22.65,Type_IV
305_jpg.rf.20594700ac2b016293aa60d3408da0f1.jpg,Flushing,140.97,127.5,131.38,57.38,Type_I
305_jpg.rf.fed8393a8aba20c036754d3cc28f98f5.jpg,Flushing,171.17,145.11,140.66,53.53,Type_II
306_jpg.rf.66b0a8a18006646c344c64a38c0b1f36.jpg,Flushing,145.47,128.78,135.51,43.17,Type_II
306_jpg.rf.81dccae0f989899fa4f1977dcccb26d3.jpg,Flushing,114.37,149.13,146.06,-15.91,Type_V
307_jpg.rf.44b9c9bc793285cf2202295acf5cc80d.jpg,Flushing,165.41,138.39,146.91,38.18,Type_III
308_jpg.rf.dbc85ec4f61d54ba638a535ce77653fe.jpg,Flushing,156.44,142.76,148.0,29.57,Type_III
308_jpg.rf.dbc85ec4f61d54ba638a535ce77653fe_3552.jpg,Flushing,156.44,142.76,148.0,29.57,Type_III
309_jpg.rf.480b728207cd1add87858b1f45c681c4.jpg,Flushing,163.4,142.76,148.48,34.51,Type_III
309_jpg.rf.480b728207cd1add87858b1f45c681c4_1465.jpg,Flushing,163.4,142.76,148.48,34.51,Type_III
309_jpg.rf.f0980cd85864ff35130ce960fcf036df.jpg,Flushing,117.63,145.72,136.68,-24.03,Type_V
30_jpeg.rf.bd4c93bc44a4230ab2e9611a4caf5ac9.jpg,Flushing,123.8,146.71,142.54,-5.69,Type_V
30_jpg.rf.54e1480620b866e4eb557783d9a7071f.jpg,Flushing,170.92,143.88,141.2,52.21,Type_II
310_jpg.rf.775562f0c1aaf56c35ce89ede0869dde.jpg,Flushing,184.23,143.47,135.61,71.12,Type_I
310_jpg.rf.91efdd1ff27e083883c1c48f38885fc5.jpg,Flushing,126.85,143.99,142.38,-1.01,Type_V
310_jpg.rf.91efdd1ff27e083883c1c48f38885fc5_2619.jpg,Flushing,126.85,143.99,142.38,-1.01,Type_V
311_jpg.rf.8056fe5a47524edf42f53fe739446028.jpg,Flushing,140.95,128.0,127.0,-79.26,Type_VI
312_jpg.rf.4fce32b59b6ee00d1c1fde7bf9bdf585.jpg,Flushing,145.44,140.23,136.87,38.42,Type_III
313_jpg.rf.395460083efee29c3761c98acf0bc3b2.jpg,Flushing,143.08,131.08,132.72,52.34,Type_II
314_jpg.rf.44326c2fb82f72800d5d8d93d18210db.jpg,Flushing,146.44,132.19,131.88,62.43,Type_I
314_jpg.rf.94ed7b293fc25f50c5cc78d1ec04a4fc.jpg,Flushing,159.76,129.02,131.6,74.1,Type_I
315_jpg.rf.13746ed3b45204db7741c558a2cbc507.jpg,Flushing,132.03,138.82,139.57,8.73,Type_V
315_jpg.rf.513f166e47387bc5cf61658c82df5575.jpg,Flushing,142.02,129.92,131.43,58.95,Type_I
316_jpg.rf.024665bf5ac61ac0e61cb6b1da372b27.jpg,Flushing,152.89,139.4,137.71,45.73,Type_II
317_jpg.rf.29fbbfc44733c98c46efc6c31b6d73ea.jpg,Flushing,122.49,128.0,128.01,-89.6,Type_VI
317_jpg.rf.29fbbfc44733c98c46efc6c31b6d73ea_7144.jpg,Flushing,122.49,128.0,128.01,-89.6,Type_VI
318_jpg.rf.7af5fcabaa9326edb99ed4eb3d5c2a0a.jpg,Flushing,128.7,127.89,126.97,-24.57,Type_V
319_jpg.rf.15450b026f4535e9be5d0ffc09338f69.jpg,Flushing,177.25,138.29,139.09,60.39,Type_I
319_jpg.rf.15450b026f4535e9be5d0ffc09338f69_1712.jpg,Flushing,177.25,138.29,139.09,60.39,Type_I
31_jpeg.rf.9269ac97ad87abdf37a06aa852bee73c.jpg,Flushing,152.64,128.0,126.99,-84.15,Type_VI
31_jpeg.rf.9269ac97ad87abdf37a06aa852bee73c_4521.jpg,Flushing,152.64,128.0,126.99,-84.15,Type_VI
321_jpg.rf.fd35d11d6aa5a19886532aa957c19496.jpg,Flushing,150.64,128.0,126.99,-83.63,Type_VI
322_jpg.rf.3c744433896b0b950bfef92612e432f0.jpg,Flushing,125.47,143.71,142.27,-3.19,Type_V
322_jpg.rf.3c744433896b0b950bfef92612e432f0_8685.jpg,Flushing,125.47,143.71,142.27,-3.19,Type_V
323_jpg.rf.793f51352549b14c4928ef50cd33bd96.jpg,Flushing,74.99,131.77,138.14,-63.79,Type_VI
324_jpg.rf.8342b62db88776db3e90cd3204b6f1af.jpg,Flushing,141.16,141.73,139.38,25.22,Type_IV
325_jpg.rf.3a9a7c1acad34e64a9ef89436b528d77.jpg,Flushing,127.65,154.23,140.9,0.27,Type_V
326_jpg.rf.07bbfcca492fddc526340b496cdcdd37.jpg,Flushing,131.77,150.84,131.36,26.5,Type_IV
327_jpg.rf.8f86d999291519ecc865c507787aed3e.jpg,Flushing,139.45,128.0,128.0,90.0,Type_I
327_jpg.rf.a4af2152c422c3b20f8f14a5a68e1049.jpg,Flushing,133.3,151.85,140.82,10.06,Type_IV
327_jpg.rf.a4af2152c422c3b20f8f14a5a68e1049_3314.jpg,Flushing,133.3,151.85,140.82,10.06,Type_IV
328_jpg.rf.0cec84aa4a7f6647321e9838d44a1c32.jpg,Flushing,145.78,144.26,146.6,21.08,Type_IV
329_jpg.rf.66a6e2591375e2236ed55fa0e876cd2c.jpg,Flushing,116.51,144.11,153.64,-9.54,Type_V
329_jpg.rf.fc3f9ba867e52ba4263b57802e6ce326.jpg,Flushing,129.87,138.76,141.04,4.08,Type_V
32_jpeg.rf.79fc9b54283b8ea0df72bb2d51ed2e6b.jpg,Flushing,87.94,145.03,137.85,-57.6,Type_VI
32_jpeg.rf.79fc9b54283b8ea0df72bb2d51ed2e6b_6383.jpg,Flushing,87.94,145.03,137.85,-57.6,Type_VI
330_jpg.rf.a1364362ed15a36c9599c38e6e7126b1.jpg,Flushing,127.64,136.24,135.79,0.42,Type_V
331_jpg.rf.6025f563aad460521058cf4befdf4be7.jpg,Flushing,174.98,145.94,139.9,57.43,Type_I
331_jpg.rf.6025f563aad460521058cf4befdf4be7_6814.jpg,Flushing,174.98,145.94,139.9,57.43,Type_I
332_jpg.rf.f22b15c9258305f823b30c0f4f1a1c4d.jpg,Flushing,164.38,143.62,140.33,49.56,Type_II
332_jpg.rf.f22b15c9258305f823b30c0f4f1a1c4d_9774.jpg,Flushing,164.38,143.62,140.33,49.56,Type_II
333_jpg.rf.081ce9e405c42be56446ec6323b1c437.jpg,Flushing,190.54,144.05,138.07,67.84,Type_I
334_jpg.rf.0bc610384804a9f9c0e9e262a9db5de2.jpg,Flushing,162.0,145.16,141.03,46.08,Type_II
334_jpg.rf.b59b76ed37e9dcb65caa5f57b46d9c33.jpg,Flushing,127.07,145.31,146.23,-0.53,Type_V
335_jpg.rf.8873a839dddc7130497f82f9ded4bc2c.jpg,Flushing,137.79,148.08,142.77,15.28,Type_IV
337_jpg.rf.0f7e593d438bf1c57c4a225321d67b79.jpg,Flushing,153.6,130.05,136.32,50.89,Type_II
337_jpg.rf.0f7e593d438bf1c57c4a225321d67b79_4335.jpg,Flushing,153.6,130.05,136.32,50.89,Type_II
33_jpg.rf.0d33fc54f8193d10e75b83f0fb8e4fdd.jpg,Flushing,157.4,133.73,143.1,37.83,Type_III
340_jpg.rf.5db94854cf39a0e7d6fcefaea1e1b135.jpg,Flushing,83.09,158.02,159.03,-29.3,Type_V
341_jpg.rf.fb4d5898984a444962f3340ca72a39df.jpg,Flushing,88.18,140.38,138.01,-57.0,Type_VI
343_jpg.rf.767572a4a1f2ceee4bb42c8f7f77972d.jpg,Flushing,141.52,128.0,128.0,90.0,Type_I
343_jpg.rf.767572a4a1f2ceee4bb42c8f7f77972d_9392.jpg,Flushing,141.52,128.0,128.0,90.0,Type_I
343_jpg.rf.81340c27ba658a85d8f7ae484dd97950.jpg,Flushing,172.55,136.4,135.66,66.56,Type_I
343_jpg.rf.81340c27ba658a85d8f7ae484dd97950_7860.jpg,Flushing,172.55,136.4,135.66,66.56,Type_I
344_jpg.rf.2bb0337e4b956ab7056fca16535839cd.jpg,Flushing,114.5,142.38,145.76,-16.02,Type_V
345_jpg.rf.2ff6871a49c86be09813adf2ebdaf2eb.jpg,Flushing,151.05,128.0,128.0,90.0,Type_I
345_jpg.rf.568c065af8ac4fb57724973414e9b2ea.jpg,Flushing,171.18,134.36,136.64,63.24,Type_I
346_jpg.rf.2d22fbb3ad73e0291a5b49367d65dee5.jpg,Flushing,143.67,145.73,148.01,17.59,Type_IV
346_jpg.rf.2d22fbb3ad73e0291a5b49367d65dee5_8334.jpg,Flushing,143.67,145.73,148.01,17.59,Type_IV
34_jpg.rf.df139b3beac68c6e43a759cb3e9770fd.jpg,Flushing,182.95,140.03,147.64,47.92,Type_II
351_jpg.rf.78a597ec5a9808b2c8115cdbd6f32130.jpg,Flushing,138.64,135.59,132.68,43.06,Type_II
352_jpg.rf.1d74c2c4732d903c6fd0f1c55569d07e.jpg,Flushing,181.98,137.43,141.17,58.35,Type_I
352_jpg.rf.ee790fd89227bd57b65de858ec8015df.jpg,Flushing,112.45,134.54,133.69,-46.03,Type_VI
352_jpg.rf.ee790fd89227bd57b65de858ec8015df_7770.jpg,Flushing,112.45,134.54,133.69,-46.03,Type_VI
353_jpg.rf.0546bd7ae932e06ac101725c4c017329.jpg,Flushing,102.16,139.9,141.21,-36.96,Type_VI
353_jpg.rf.0546bd7ae932e06ac101725c4c017329_4189.jpg,Flushing,102.16,139.9,141.21,-36.96,Type_VI
353_jpg.rf.d3cd799b7f9b743b9c85a7dfaea46808.jpg,Flushing,206.48,134.41,133.96,79.1,Type_I
353_jpg.rf.d3cd799b7f9b743b9c85a7dfaea46808_6651.jpg,Flushing,206.48,134.41,133.96,79.1,Type_I
354_jpg.rf.9e485aa95e86a48f951b26d73d6b4d0c.jpg,Flushing,164.05,140.2,143.14,43.42,Type_II
354_jpg.rf.a9df307d67c10d5d22e53f476278f2c5.jpg,Flushing,151.55,134.24,135.29,52.29,Type_II
354_jpg.rf.a9df307d67c10d5d22e53f476278f2c5_9002.jpg,Flushing,151.55,134.24,135.29,52.29,Type_II
356_jpg.rf.972e20c67d4ef04c2fab8f53b485e8a8.jpg,Flushing,211.88,130.85,131.56,83.87,Type_I
357_jpg.rf.8114c6e3f44fcdc31da46671982b6acc.jpg,Flushing,137.59,133.93,136.27,25.56,Type_IV
357_jpg.rf.8114c6e3f44fcdc31da46671982b6acc_5978.jpg,Flushing,137.59,133.93,136.27,25.56,Type_IV
357_jpg.rf.be2be536d4840b19197a3fee8012e7b0.jpg,Flushing,98.12,136.52,136.03,-55.13,Type_VI
357_jpg.rf.be2be536d4840b19197a3fee8012e7b0_7311.jpg,Flushing,98.12,136.52,136.03,-55.13,Type_VI
359_jpg.rf.688f4ec5d9b547f9251bb3429b1198de.jpg,Flushing,176.63,144.15,146.7,45.85,Type_II
359_jpg.rf.d9347878870d5950c70e3a737f079774.jpg,Flushing,143.35,144.65,143.72,21.58,Type_IV
35_jpeg.rf.30bf8bd84ef67daf965a61e1b11ae496.jpg,Flushing,77.15,137.95,134.11,-72.81,Type_VI
35_jpeg.rf.30bf8bd84ef67daf965a61e1b11ae496_4620.jpg,Flushing,77.15,137.95,134.11,-72.81,Type_VI
360_jpg.rf.6911db0cf74abe9305697bebe46699e4.jpg,Flushing,158.99,142.16,141.33,42.82,Type_II
362_jpg.rf.05acf06cd6b25c6f0c9fabff48978f3e.jpg,Flushing,186.43,134.0,137.46,67.74,Type_I
362_jpg.rf.05acf06cd6b25c6f0c9fabff48978f3e_4584.jpg,Flushing,186.43,134.0,137.46,67.74,Type_I
363_jpg.rf.2005161743f65b157fa720f74fd8e6a2.jpg,Flushing,192.98,138.12,139.39,66.07,Type_I
363_jpg.rf.2005161743f65b157fa720f74fd8e6a2_8619.jpg,Flushing,192.98,138.12,139.39,66.07,Type_I
363_jpg.rf.72b1aed4a2c50f88fee3ee983177f382.jpg,Flushing,162.43,135.87,140.45,47.74,Type_II
363_jpg.rf.72b1aed4a2c50f88fee3ee983177f382_9164.jpg,Flushing,162.43,135.87,140.45,47.74,Type_II
364_jpg.rf.2084e169b072642f884068165799d6e2.jpg,Flushing,158.07,146.46,136.41,54.97,Type_II
364_jpg.rf.2084e169b072642f884068165799d6e2_1378.jpg,Flushing,158.07,146.46,136.41,54.97,Type_II
364_jpg.rf.bf11ee7589dba0c6931f670a2da79c47.jpg,Flushing,199.87,134.15,131.46,83.04,Type_I
365_jpg.rf.01e2d90da692126997cd970467e93a8e.jpg,Flushing,176.01,149.94,147.3,44.59,Type_II
365_jpg.rf.01e2d90da692126997cd970467e93a8e_6583.jpg,Flushing,176.01,149.94,147.3,44.59,Type_II
365_jpg.rf.efa2e9008f9fb6587720af9db9cc4600.jpg,Flushing,181.83,141.93,133.67,75.1,Type_I
366_jpg.rf.25fceec39e84853b51bb98e75ffbcb7f.jpg,Flushing,147.99,139.35,141.21,31.3,Type_III
366_jpg.rf.2acd2466ed7f1cba2f89a05ca9684a29.jpg,Flushing,157.68,140.35,133.91,63.46,Type_I
367_jpg.rf.d49758777c53b6a1bfb010d8fd49a9b9.jpg,Flushing,185.12,146.24,149.95,45.83,Type_II
368_jpg.rf.b5b9368a3451851a7a56089a5998b17d.jpg,Flushing,172.23,144.48,147.89,41.4,Type_II
369_jpg.rf.37d74585fbc4fd02074d55d6628a2ec5.jpg,Flushing,184.27,144.57,150.12,45.18,Type_II
369_jpg.rf.37d74585fbc4fd02074d55d6628a2ec5_5281.jpg,Flushing,184.27,144.57,150.12,45.18,Type_II
36_jpeg.rf.0ab01482b4f6b86e6343eb0fd3e87794.jpg,Flushing,87.67,127.52,129.24,-85.47,Type_VI
36_jpeg.rf.0ab01482b4f6b86e6343eb0fd3e87794_3355.jpg,Flushing,87.67,127.52,129.24,-85.47,Type_VI
370_jpg.rf.86f0d8aea576ad4057fb4560cb93a793.jpg,Flushing,167.0,139.29,137.91,57.38,Type_I
370_jpg.rf.86f0d8aea576ad4057fb4560cb93a793_2536.jpg,Flushing,167.0,139.29,137.91,57.38,Type_I
371_jpg.rf.d89c32b8473d467d3843ff115b7c6407.jpg,Flushing,156.08,138.36,139.31,44.75,Type_II
372_jpg.rf.9a28f3745dbab9ee386780b09bc7aad9.jpg,Flushing,148.12,139.84,139.75,34.53,Type_III
372_jpg.rf.9a28f3745dbab9ee386780b09bc7aad9_3112.jpg,Flushing,148.12,139.84,139.75,34.53,Type_III
373_jpg.rf.c9e0ed2993c5e57cd6f192bb8680ec76.jpg,Flushing,164.64,142.9,141.88,46.39,Type_II
373_jpg.rf.c9e0ed2993c5e57cd6f192bb8680ec76_2384.jpg,Flushing,164.64,142.9,141.88,46.39,Type_II
375_jpg.rf.66f9534f8b205ad774525232b1db64f7.jpg,Flushing,152.33,141.48,142.27,34.3,Type_III
375_jpg.rf.66f9534f8b205ad774525232b1db64f7_9078.jpg,Flushing,152.33,141.48,142.27,34.3,Type_III
377_jpg.rf.38ef1f62c3c3b9cb50aabea0da6995e2.jpg,Flushing,122.23,143.61,150.59,-5.23,Type_V
379_jpg.rf.6ae49c5a566eeed77111374ed7d9d4e4.jpg,Flushing,182.46,141.97,160.29,33.72,Type_III
37_jpeg.rf.74d63afb27b975a7b2a78cdf6f29ac06.jpg,Flushing,96.05,143.14,144.78,-36.32,Type_VI
380_jpg.rf.b67230a4d8d595af439657bb68e46e85.jpg,Flushing,169.5,144.57,156.26,30.23,Type_III
381_jpg.rf.0581b03ba9b0f7a9a8db75725175e823.jpg,Flushing,134.41,141.74,154.56,5.82,Type_V
381_jpg.rf.0581b03ba9b0f7a9a8db75725175e823_2746.jpg,Flushing,134.41,141.74,154.56,5.82,Type_V
385_jpg.rf.df1ecb141dd7f08edd8f4c969e0c740d.jpg,Flushing,166.1,141.53,137.11,58.95,Type_I
386_jpg.rf.cb101b41abaf7dd82693124523abf917.jpg,Flushing,167.25,138.77,137.12,59.67,Type_I
386_jpg.rf.cb101b41abaf7dd82693124523abf917_6880.jpg,Flushing,167.25,138.77,137.12,59.67,Type_I
387_jpg.rf.e0b02e66cff909c5a7dd3da530ce3d90.jpg,Flushing,152.68,140.46,139.56,40.51,Type_III
387_jpg.rf.e0b02e66cff909c5a7dd3da530ce3d90_9547.jpg,Flushing,152.68,140.46,139.56,40.51,Type_III
388_jpg.rf.22deb3e19ff6799c70966305a2b58cb6.jpg,Flushing,148.91,143.69,137.98,40.06,Type_III
388_jpg.rf.22deb3e19ff6799c70966305a2b58cb6_2387.jpg,Flushing,148.91,143.69,137.98,40.06,Type_III
390_jpg.rf.cba1fe822d135868ad855faf55227f59.jpg,Flushing,138.7,144.15,141.37,18.18,Type_IV
391_jpg.rf.70ca50080a206d6142fff1d215448454.jpg,Flushing,163.32,138.25,139.7,50.21,Type_II
392_jpg.rf.391ae6934bbef111483732a11fb10472.jpg,Flushing,157.96,138.87,137.61,51.17,Type_II
394_jpg.rf.826323151c648be4c8a68c417ba34fd9.jpg,Flushing,117.12,140.06,142.11,-16.1,Type_V
394_jpg.rf.826323151c648be4c8a68c417ba34fd9_8792.jpg,Flushing,117.12,140.06,142.11,-16.1,Type_V
395_jpg.rf.cb53baccecac4ede18246906155c9c40.jpg,Flushing,117.26,140.02,141.98,-16.02,Type_V
395_jpg.rf.cb53baccecac4ede18246906155c9c40_1265.jpg,Flushing,117.26,140.02,141.98,-16.02,Type_V
396_jpg.rf.d15825b09cba5594799bdccef8e69d0e.jpg,Flushing,108.37,139.38,141.73,-28.65,Type_V
397_jpg.rf.30f648f6cc2af00716a77f81a64ddcda.jpg,Flushing,183.16,142.26,140.72,59.77,Type_I
398_jpg.rf.fe323e9b2057cf1fd4402b3490b24d42.jpg,Flushing,191.06,141.61,139.73,64.81,Type_I
398_jpg.rf.fe323e9b2057cf1fd4402b3490b24d42_7296.jpg,Flushing,191.06,141.61,139.73,64.81,Type_I
39_jpg.rf.4ee2e87e034583fe1608912ebb411f4c.jpg,Flushing,116.62,144.8,146.54,-12.96,Type_V
39_jpg.rf.4ee2e87e034583fe1608912ebb411f4c_1038.jpg,Flushing,116.62,144.8,146.54,-12.96,Type_V
39_jpg.rf.d4e0efa655be186b158f9b7f5cc02b1b.jpg,Flushing,170.95,138.78,137.51,60.83,Type_I
3_jpg.rf.8a0ed3dc7d06e5828ca9c0ffd6b29266.jpg,Flushing,179.71,137.63,133.36,75.33,Type_I
3_jpg.rf.fffe9c8d38c7f7a29354e0cfb5184c56.jpg,Flushing,172.32,135.61,133.67,72.13,Type_I
401_jpg.rf.59a105fc0e7485213a34e3b1662367e4.jpg,Flushing,88.39,146.0,141.19,-49.3,Type_VI
402_jpg.rf.305b66b3491821634ff9b7cf28f8605e.jpg,Flushing,190.84,137.29,135.15,73.93,Type_I
402_jpg.rf.305b66b3491821634ff9b7cf28f8605e_8230.jpg,Flushing,190.84,137.29,135.15,73.93,Type_I
403_jpg.rf.1789cd530bac410fc0d042e9353f3f41.jpg,Flushing,142.85,136.8,134.67,42.06,Type_II
405_jpg.rf.037bd01cc40530cce431d721f91003ee.jpg,Flushing,127.46,137.05,136.61,-0.1,Type_V
406_jpg.rf.6c9988262343aa651d2962e4772da102.jpg,Flushing,163.63,134.37,142.85,43.65,Type_II
408_jpg.rf.e3a541fbc8d45d5591dc260df37c600b.jpg,Flushing,126.99,138.75,141.22,-0.86,Type_V
409_jpg.rf.a4170a716ba469e59017534e2dc8e47c.jpg,Flushing,174.57,136.27,134.44,70.77,Type_I
409_jpg.rf.a4170a716ba469e59017534e2dc8e47c_7125.jpg,Flushing,174.57,136.27,134.44,70.77,Type_I
411_jpg.rf.4695fb85a9d936ebd6dba84f59dfe490.jpg,Flushing,140.6,135.63,134.3,39.22,Type_III
413_jpg.rf.fedf64a6047ed5ac7a79e5d9a418ad4f.jpg,Flushing,155.14,137.4,144.94,32.62,Type_III
414_jpg.rf.edfee0cef8be0225402afe8684dbbda8.jpg,Flushing,142.22,140.15,150.11,14.63,Type_IV
414_jpg.rf.edfee0cef8be0225402afe8684dbbda8_5064.jpg,Flushing,142.22,140.15,150.11,14.63,Type_IV
415_jpg.rf.e5abf510dbc9a06cb196130a71c0aaaa.jpg,Flushing,152.79,139.28,140.31,38.86,Type_III
416_jpg.rf.359423fc837ff8b4c318191805f910bd.jpg,Flushing,118.91,139.83,141.11,-14.41,Type_V
418_jpg.rf.c57a3d7b49cdb7f68b3a2cb595603e40.jpg,Flushing,183.39,133.52,136.9,67.9,Type_I
419_jpg.rf.3505672f0a65de53da4d0384b436cf86.jpg,Flushing,163.24,133.44,138.97,51.95,Type_II
41_jpg.rf.65d998cb2e57c0e3991df13ec4788910.jpg,Flushing,168.06,137.62,138.39,56.84,Type_I
41_jpg.rf.65d998cb2e57c0e3991df13ec4788910_2729.jpg,Flushing,168.06,137.62,138.39,56.84,Type_I
421_jpg.rf.7962d2daed5ef9fdde61c5f17e26db18.jpg,Flushing,137.75,147.57,138.52,20.92,Type_IV
422_jpg.rf.73c6db38056eba4ad82f0ed28a471fef.jpg,Flushing,123.33,144.47,138.49,-8.86,Type_V
423_jpg.rf.717da0b0cc483fe0f52dd5751f0903ae.jpg,Flushing,121.21,145.4,134.1,-22.02,Type_V
424_jpg.rf.a3dd5b510e0e8357dc922cbb3564ce72.jpg,Flushing,175.09,139.48,137.8,62.3,Type_I
424_jpg.rf.a3dd5b510e0e8357dc922cbb3564ce72_8594.jpg,Flushing,175.09,139.48,137.8,62.3,Type_I
425_jpg.rf.7f62005982ab4945ec81054b1cae0c43.jpg,Flushing,172.89,138.06,139.57,56.97,Type_I
426_jpg.rf.836ec3e1e434fce2ca627296ee9a7a47.jpg,Flushing,186.53,137.79,138.4,65.81,Type_I
426_jpg.rf.836ec3e1e434fce2ca627296ee9a7a47_1094.jpg,Flushing,186.53,137.79,138.4,65.81,Type_I
428_jpg.rf.de38691f64dfa6c00f5d5d61d828fdc1.jpg,Flushing,109.06,138.7,140.09,-30.89,Type_VI
428_jpg.rf.de38691f64dfa6c00f5d5d61d828fdc1_4071.jpg,Flushing,109.06,138.7,140.09,-30.89,Type_VI
429_jpg.rf.678e51458476e93acd6058c64ef7de4e.jpg,Flushing,94.62,138.34,139.25,-48.9,Type_VI
42_jpeg.rf.c20e70e3a10fc2a98288731f77f285d7.jpg,Flushing,157.75,138.78,139.31,46.36,Type_II
42_jpeg.rf.c20e70e3a10fc2a98288731f77f285d7_8946.jpg,Flushing,157.75,138.78,139.31,46.36,Type_II
430_jpg.rf.65b8b8a748c3e42f4df18f526aff2326.jpg,Flushing,160.4,143.1,139.19,49.06,Type_II
432_jpg.rf.e89de9d95f9eaa0c9376f9e74399352e.jpg,Flushing,134.25,137.7,139.13,13.38,Type_IV
434_jpg.rf.b7b78c4aa86a5bfb4bbbaf7db3b7835e.jpg,Flushing,162.52,133.36,139.15,50.94,Type_II
436_jpg.rf.f7b323391409bbd1575a3c0bc7c8da88.jpg,Flushing,145.02,149.33,132.99,54.04,Type_II
439_jpg.rf.8afd9c55870774f6ab2d59d4786c0680.jpg,Flushing,177.0,141.54,142.19,53.82,Type_II
439_jpg.rf.8afd9c55870774f6ab2d59d4786c0680_7477.jpg,Flushing,177.0,141.54,142.19,53.82,Type_II
43_jpeg.rf.ee582e73905f7f26c581b737496d813d.jpg,Flushing,133.29,128.0,128.0,90.0,Type_I
43_jpeg.rf.ee582e73905f7f26c581b737496d813d_7616.jpg,Flushing,133.29,128.0,128.0,90.0,Type_I
442_jpg.rf.32992c0a0ffe4edd969d08a993819763.jpg,Flushing,174.52,140.36,128.38,88.83,Type_I
442_jpg.rf.32992c0a0ffe4edd969d08a993819763_7472.jpg,Flushing,174.52,140.36,128.38,88.83,Type_I
446_jpg.rf.8f6c16bf815f7365aff5eaa5a7c626ad.jpg,Flushing,155.53,136.71,135.27,56.5,Type_I
446_jpg.rf.8f6c16bf815f7365aff5eaa5a7c626ad_6816.jpg,Flushing,155.53,136.71,135.27,56.5,Type_I
447_jpg.rf.2653904b6d4d45b6d379b8aa0570ad9a.jpg,Flushing,163.36,138.7,134.15,66.4,Type_I
448_jpg.rf.da5b8b7a8a4e14c9bc2a40c8dd5f14d1.jpg,Flushing,158.79,139.07,142.42,40.4,Type_III
44_jpeg.rf.778c5ba3845ffe8660137c4803cf7e92.jpg,Flushing,198.61,138.55,134.97,75.97,Type_I
44_jpg.rf.0af8d69d797ece9fedfe6023476c6422.jpg,Flushing,111.59,132.46,140.28,-26.94,Type_V
44_jpg.rf.0af8d69d797ece9fedfe6023476c6422_2873.jpg,Flushing,111.59,132.46,140.28,-26.94,Type_V
451_jpg.rf.cd7a7fbdac11980af9e9bf72271ab7b0.jpg,Flushing,151.24,132.44,140.62,36.41,Type_III
451_jpg.rf.cd7a7fbdac11980af9e9bf72271ab7b0_1994.jpg,Flushing,151.24,132.44,140.62,36.41,Type_III
452_jpg.rf.2724c33f2c095a45c2b900d41376bae4.jpg,Flushing,155.09,137.77,139.52,43.2,Type_II
453_jpg.rf.8faedb08d02ff649c627df7bbb0bba44.jpg,Flushing,171.35,135.27,140.04,55.0,Type_I
454_jpg.rf.ff51995ac39f01b761c45af3db6afbcf.jpg,Flushing,148.96,139.07,140.72,33.49,Type_III
455_jpg.rf.49eda8051a5b22669e42c3c7c320f836.jpg,Flushing,150.02,138.66,141.76,32.69,Type_III
455_jpg.rf.49eda8051a5b22669e42c3c7c320f836_8532.jpg,Flushing,150.02,138.66,141.76,32.69,Type_III
457_jpg.rf.e546664a0d5314981652f3330d439b95.jpg,Flushing,120.97,140.98,137.74,-14.73,Type_V
458_jpg.rf.95afcbda9d84fe621ba41572d0703652.jpg,Flushing,104.32,142.7,138.17,-41.8,Type_VI
459_jpg.rf.ef1d8cd0b1aea31f2deec10ee26493da.jpg,Flushing,160.73,138.98,137.55,53.77,Type_II
460_jpg.rf.4c145cda8f3febbe292a4d14dc92437e.jpg,Flushing,176.26,146.94,141.66,54.45,Type_II
460_jpg.rf.4c145cda8f3febbe292a4d14dc92437e_9448.jpg,Flushing,176.26,146.94,141.66,54.45,Type_II
461_jpg.rf.c1a08206ad9b78fe1039da8f87a1f73a.jpg,Flushing,139.85,148.85,142.39,18.6,Type_IV
461_jpg.rf.c1a08206ad9b78fe1039da8f87a1f73a_4843.jpg,Flushing,139.85,148.85,142.39,18.6,Type_IV
463_jpg.rf.a33217f5ed8f91f7939d698945cba9f1.jpg,Flushing,155.49,146.71,146.9,30.15,Type_III
464_jpg.rf.f381df1e97d609e74a15ed7c550fa745.jpg,Flushing,135.43,142.63,144.34,10.77,Type_IV
464_jpg.rf.f381df1e97d609e74a15ed7c550fa745_1638.jpg,Flushing,135.43,142.63,144.34,10.77,Type_IV
466_jpg.rf.5ca9f8f3830cf5389d74dcbc1016d2fd.jpg,Flushing,164.19,134.02,135.06,63.88,Type_I
467_jpg.rf.acc5a4df027e1e4ddddaa92ceda9789f.jpg,Flushing,201.31,130.14,133.57,79.1,Type_I
469_jpg.rf.feb64c354a619ed74c58010d8b3d29c8.jpg,Flushing,184.42,143.15,138.81,64.17,Type_I
469_jpg.rf.feb64c354a619ed74c58010d8b3d29c8_3377.jpg,Flushing,184.42,143.15,138.81,64.17,Type_I
46_jpg.rf.ae4bf0382684a0316da3f643c08b1305.jpg,Flushing,179.01,133.57,128.47,88.66,Type_I
470_jpg.rf.b0f2940310bc3ea1c4114e61d9f4ff22.jpg,Flushing,186.37,143.2,140.17,62.2,Type_I
470_jpg.rf.b0f2940310bc3ea1c4114e61d9f4ff22_8821.jpg,Flushing,186.37,143.2,140.17,62.2,Type_I
472_jpg.rf.8dd802289b84f7e6da49ab8b55c2026e.jpg,Flushing,126.87,144.94,141.61,-1.04,Type_V
472_jpg.rf.8dd802289b84f7e6da49ab8b55c2026e_2796.jpg,Flushing,126.87,144.94,141.61,-1.04,Type_V
473_jpg.rf.49f56e4cc8b70128e8d58e1ab7f18e56.jpg,Flushing,90.45,145.44,143.44,-43.26,Type_VI
473_jpg.rf.49f56e4cc8b70128e8d58e1ab7f18e56_5365.jpg,Flushing,90.45,145.44,143.44,-43.26,Type_VI
474_jpg.rf.20e65d4b069c71b7548abbcb180cd670.jpg,Flushing,192.62,134.9,135.34,73.97,Type_I
475_jpg.rf.e3e2b2988a2d72cdbda4751beb664b99.jpg,Flushing,180.92,141.42,140.42,59.33,Type_I
476_jpg.rf.7e5b029a29277d0e27ae63798fe7d8d6.jpg,Flushing,192.63,137.82,137.63,69.34,Type_I
478_jpg.rf.7f6a6b7681e747fa74dc6173a3762d51.jpg,Flushing,89.56,139.01,136.22,-61.08,Type_VI
478_jpg.rf.7f6a6b7681e747fa74dc6173a3762d51_1461.jpg,Flushing,89.56,139.01,136.22,-61.08,Type_VI
47_jpg.rf.35981f91b86553db43f3f80a215e4e18.jpg,Flushing,195.76,130.52,126.59,-86.99,Type_VI
480_jpg.rf.aeb86bc1e457dd08ca9c9d6d05a185ec.jpg,Flushing,140.79,140.31,137.12,29.75,Type_III
480_jpg.rf.aeb86bc1e457dd08ca9c9d6d05a185ec_2967.jpg,Flushing,140.79,140.31,137.12,29.75,Type_III
481_jpg.rf.a15da339e667d636eb904449215d00cb.jpg,Flushing,183.84,137.62,136.41,69.17,Type_I
481_jpg.rf.a15da339e667d636eb904449215d00cb_5847.jpg,Flushing,183.84,137.62,136.41,69.17,Type_I
482_jpg.rf.378abcf17f077a95560c5630a33d1a42.jpg,Flushing,172.67,138.7,139.86,56.2,Type_I
483_jpg.rf.0ce33e3b00388d00e8c39c5b54261d54.jpg,Flushing,155.42,133.9,132.95,65.67,Type_I
484_jpg.rf.826de5e7e5c0833c1284eaa376de4abc.jpg,Flushing,171.4,138.23,135.72,65.84,Type_I
484_jpg.rf.826de5e7e5c0833c1284eaa376de4abc_5211.jpg,Flushing,171.4,138.23,135.72,65.84,Type_I
485_jpg.rf.87a53f7a065b5bce5bdd29a14b95f8cd.jpg,Flushing,161.46,135.03,136.08,58.75,Type_I
486_jpg.rf.65fad534215cfe3eb65b9526339f31b1.jpg,Flushing,167.98,133.6,135.46,64.83,Type_I
486_jpg.rf.65fad534215cfe3eb65b9526339f31b1_7147.jpg,Flushing,167.98,133.6,135.46,64.83,Type_I
487_jpg.rf.a9a7a64bceb08a700b28ffe9a016d92e.jpg,Flushing,165.73,147.87,138.99,53.76,Type_II
489_jpg.rf.5971f6b4464091537c6ef9ff098f2527.jpg,Flushing,126.78,143.92,137.37,-1.73,Type_V
48_jpg.rf.aec610729fe8ea38870eb33b796fef33.jpg,Flushing,151.68,132.97,127.5,-86.95,Type_VI
48_jpg.rf.aec610729fe8ea38870eb33b796fef33_7325.jpg,Flushing,151.68,132.97,127.5,-86.95,Type_VI
490_jpg.rf.5edd42ea35079ff2462a24779e226a03.jpg,Flushing,172.43,143.21,139.16,57.65,Type_I
491_jpg.rf.5c9984318aed2e761f0196d96d83bc7e.jpg,Flushing,164.64,141.15,139.34,52.09,Type_II
491_jpg.rf.5c9984318aed2e761f0196d96d83bc7e_7566.jpg,Flushing,164.64,141.15,139.34,52.09,Type_II
492_jpg.rf.1593571996e7fcbdfee6754144242b5f.jpg,Flushing,113.96,142.43,140.83,-22.49,Type_V
493_jpg.rf.ed98fd41671904712e21b542ad3984f4.jpg,Flushing,152.08,137.02,136.2,49.61,Type_II
494_jpg.rf.438d59088b768d894faba490e116fbc5.jpg,Flushing,152.2,136.59,133.49,60.43,Type_I
495_jpg.rf.8edefc519a1a6dda18b533992e3aed8d.jpg,Flushing,136.01,135.91,134.75,26.31,Type_IV
495_jpg.rf.8edefc519a1a6dda18b533992e3aed8d_2513.jpg,Flushing,136.01,135.91,134.75,26.31,Type_IV
496_jpg.rf.ff3c41ae51a389ce9ceaa37415a40273.jpg,Flushing,158.42,142.63,148.48,30.63,Type_III
497_jpg.rf.57e44454e80f2a1dcb2126f01ffd20a5.jpg,Flushing,142.68,143.25,152.2,13.82,Type_IV
499_jpg.rf.adae1ddc74308b93c9c35cb345916d97.jpg,Flushing,186.18,135.65,139.25,63.95,Type_I
499_jpg.rf.adae1ddc74308b93c9c35cb345916d97_8029.jpg,Flushing,186.18,135.65,139.25,63.95,Type_I
49_jpg.rf.2b9ca57b69464a224d9249df434b22f6.jpg,Flushing,158.99,147.33,160.2,20.98,Type_IV
4_jpeg.rf.c53dc6405f30a6111d70603cfaaf89b4.jpg,Flushing,142.04,150.14,153.92,12.41,Type_IV
4_jpg.rf.8b79abd5553e4812d4317be6a4cbf1bf.jpg,Flushing,156.92,143.12,152.85,24.91,Type_IV
4_jpg.rf.8b79abd5553e4812d4317be6a4cbf1bf_9012.jpg,Flushing,156.92,143.12,152.85,24.91,Type_IV
500_jpg.rf.51e01527f827ebbd81b44beee52f98f1.jpg,Flushing,170.93,136.44,144.56,45.81,Type_II
500_jpg.rf.51e01527f827ebbd81b44beee52f98f1_4844.jpg,Flushing,170.93,136.44,144.56,45.81,Type_II
501_jpg.rf.c8c5447792a0b69735707d6847cdec41.jpg,Flushing,168.8,136.62,142.97,47.24,Type_II
502_jpg.rf.3872ac7541bf31e7668aafa6a9f73df0.jpg,Flushing,136.05,141.52,138.87,17.15,Type_IV
503_jpg.rf.9caa5b0ffed18986309bc70141d69d7f.jpg,Flushing,166.18,137.45,136.39,61.06,Type_I
504_jpg.rf.b5c379a0f5cdfec733265cbc36beb561.jpg,Flushing,133.79,141.57,131.96,31.91,Type_III
505_jpg.rf.6b75c91fd481936225f0c7a36afda288.jpg,Flushing,145.42,135.8,141.35,27.76,Type_IV
506_jpg.rf.bb7f29e2892eee080572076f0f8d4140.jpg,Flushing,162.77,135.39,145.88,37.73,Type_III
507_jpg.rf.7667e08ca2ac42f7e957b38c13a4abad.jpg,Flushing,144.81,137.33,144.64,22.19,Type_IV
507_jpg.rf.7667e08ca2ac42f7e957b38c13a4abad_6896.jpg,Flushing,144.81,137.33,144.64,22.19,Type_IV
508_jpg.rf.63c1d63758aed98e32bc490d20d0ac39.jpg,Flushing,163.13,136.62,133.24,69.43,Type_I
508_jpg.rf.63c1d63758aed98e32bc490d20d0ac39_7153.jpg,Flushing,163.13,136.62,133.24,69.43,Type_I
509_jpg.rf.10ab350c4cf48df2ba9be2f13f1af53f.jpg,Flushing,100.56,137.74,137.71,-47.4,Type_VI
509_jpg.rf.10ab350c4cf48df2ba9be2f13f1af53f_5896.jpg,Flushing,100.56,137.74,137.71,-47.4,Type_VI
510_jpg.rf.54a77e2ceeb275a42785fb186331e8b4.jpg,Flushing,201.58,135.11,136.0,74.6,Type_I
511_jpg.rf.fed24ecec30d919145d0cc6fb9fbbefa.jpg,Flushing,164.06,137.92,143.32,43.11,Type_II
511_jpg.rf.fed24ecec30d919145d0cc6fb9fbbefa_2184.jpg,Flushing,164.06,137.92,143.32,43.11,Type_II
512_jpg.rf.d2658d15dee2635b5d0f03a6dfe71a63.jpg,Flushing,174.45,136.91,141.83,53.08,Type_II
512_jpg.rf.d2658d15dee2635b5d0f03a6dfe71a63_8634.jpg,Flushing,174.45,136.91,141.83,53.08,Type_II
515_jpg.rf.3884a7c2a9dcb266a0d37dbb80b63c73.jpg,Flushing,131.25,139.37,133.36,15.36,Type_IV
515_jpg.rf.3884a7c2a9dcb266a0d37dbb80b63c73_4907.jpg,Flushing,131.25,139.37,133.36,15.36,Type_IV
517_jpg.rf.45810a8f75b01e0cc7c82325921a83aa.jpg,Flushing,160.53,144.71,143.41,40.05,Type_III
517_jpg.rf.45810a8f75b01e0cc7c82325921a83aa_2813.jpg,Flushing,160.53,144.71,143.41,40.05,Type_III
518_jpg.rf.790aab42888c5e7b13cfc0d83f3ad165.jpg,Flushing,153.0,141.84,143.91,32.15,Type_III
518_jpg.rf.790aab42888c5e7b13cfc0d83f3ad165_7984.jpg,Flushing,153.0,141.84,143.91,32.15,Type_III
519_jpg.rf.c0fda11c61fd3f4462089438892774f9.jpg,Flushing,153.05,142.34,143.45,32.96,Type_III
519_jpg.rf.c0fda11c61fd3f4462089438892774f9_5999.jpg,Flushing,153.05,142.34,143.45,32.96,Type_III
51_jpg.rf.91f10c8d4a5721ff523c83b671613349.jpg,Flushing,94.59,147.17,155.8,-24.9,Type_V
520_jpg.rf.c339daf5167fea7801cf39fd32af3599.jpg,Flushing,171.17,148.16,140.04,54.89,Type_II
521_jpg.rf.c5b44a4ebdd061171591772a6036912a.jpg,Flushing,142.68,143.42,136.92,33.71,Type_III
523_jpg.rf.790a8646d662eb1369a810e53603e8d2.jpg,Flushing,113.48,151.44,135.72,-35.47,Type_VI
525_jpg.rf.95518f97ab8acc516de968ca64f6f040.jpg,Flushing,145.44,146.75,131.85,61.32,Type_I
527_jpg.rf.71c81203c26b05332679a78f3b684529.jpg,Flushing,176.48,148.04,150.5,40.49,Type_III
52_jpg.rf.2754f22c6458c41b3895aeaf131549cb.jpg,Flushing,93.09,150.39,160.49,-22.55,Type_V
52_jpg.rf.2754f22c6458c41b3895aeaf131549cb_6936.jpg,Flushing,93.09,150.39,160.49,-22.55,Type_V
52_jpg.rf.54aba908ae10ec1f1cf3dd4feb1013cc.jpg,Flushing,97.25,145.25,145.3,-34.44,Type_VI
52_jpg.rf.54aba908ae10ec1f1cf3dd4feb1013cc_2808.jpg,Flushing,97.25,145.25,145.3,-34.44,Type_VI
530_jpg.rf.796a052090befa8aa3987eff4fb43479.jpg,Flushing,143.16,144.03,142.99,22.29,Type_IV
531_jpg.rf.1d37efcc1c2935aa827dbaa573fd7fc6.jpg,Flushing,157.82,144.25,141.68,41.0,Type_III
532_jpg.rf.7ae889af73613c194d56224ecb135a56.jpg,Flushing,159.9,134.67,138.64,50.05,Type_II
533_jpg.rf.3eb321c2c8b17cbece12f583a0efb1a4.jpg,Flushing,141.14,135.05,134.29,40.37,Type_III
535_jpg.rf.2bc7064e4675dca13b6ff0d70147e6a9.jpg,Flushing,159.1,136.16,139.05,48.28,Type_II
536_jpg.rf.684e42b891d8c68e754b90ea3dac876c.jpg,Flushing,167.1,133.23,143.53,44.99,Type_II
537_jpg.rf.1d3285fb958bf2ed713b478ec3e085ed.jpg,Flushing,194.85,130.86,138.68,67.98,Type_I
537_jpg.rf.1d3285fb958bf2ed713b478ec3e085ed_4006.jpg,Flushing,194.85,130.86,138.68,67.98,Type_I
538_jpg.rf.8eb560b0d60eb92bda0766ff8c3c8cab.jpg,Flushing,165.88,134.13,137.52,57.69,Type_I
539_jpg.rf.48238b59db892df508d812cb06c1a837.jpg,Flushing,209.31,132.85,133.31,80.6,Type_I
53_jpg.rf.77bf8d456684bc77aed616235e278778.jpg,Flushing,128.63,137.58,146.97,1.34,Type_V
53_jpg.rf.77bf8d456684bc77aed616235e278778_6960.jpg,Flushing,128.63,137.58,146.97,1.34,Type_V
540_jpg.rf.723221352933d288102bc764a58ab595.jpg,Flushing,181.73,131.52,135.2,71.3,Type_I
540_jpg.rf.723221352933d288102bc764a58ab595_5583.jpg,Flushing,181.73,131.52,135.2,71.3,Type_I
541_jpg.rf.5c471b0442823c308e6491762045d072.jpg,Flushing,150.66,138.08,136.33,47.47,Type_II
544_jpg.rf.7baaf4d55803d2672c8435d974b7851f.jpg,Flushing,176.3,145.4,148.85,42.55,Type_II
546_jpg.rf.0a531e3f12cee570104f7b7ef9fdca99.jpg,Flushing,166.71,145.64,145.27,41.67,Type_II
546_jpg.rf.0a531e3f12cee570104f7b7ef9fdca99_4320.jpg,Flushing,166.71,145.64,145.27,41.67,Type_II
547_jpg.rf.9e6d2ab36d82a58bd383d44b5d7a6c02.jpg,Flushing,143.84,144.19,143.5,22.46,Type_IV
547_jpg.rf.9e6d2ab36d82a58bd383d44b5d7a6c02_9047.jpg,Flushing,143.84,144.19,143.5,22.46,Type_IV
548_jpg.rf.300d54062ae46ad26c8e9e3497148b13.jpg,Flushing,190.88,141.55,140.26,63.74,Type_I
549_jpg.rf.f59d77c55655e2b19fada3a68758839e.jpg,Flushing,107.39,143.61,140.69,-31.87,Type_VI
550_jpg.rf.10ad576612e3be22555e1d6efe7fe484.jpg,Flushing,185.0,134.77,133.9,75.33,Type_I
551_jpg.rf.fff3380f92920f67d221b50955fbf0c6.jpg,Flushing,168.4,131.59,133.12,72.29,Type_I
553_jpg.rf.be3c14190dd62e2503bd9ba6d626e6ba.jpg,Flushing,125.38,153.02,147.59,-2.43,Type_V
554_jpg.rf.4e767255cc4f6a1471ff698bedd74b5f.jpg,Flushing,100.25,147.74,143.73,-34.19,Type_VI
555_jpg.rf.2b2e760c35857f0bdeb3b7a11c50457f.jpg,Flushing,152.81,143.18,139.63,40.48,Type_III
556_jpg.rf.a0ea869f84314d15cf1010e2763276da.jpg,Flushing,158.04,140.82,137.69,51.03,Type_II
556_jpg.rf.a0ea869f84314d15cf1010e2763276da_8389.jpg,Flushing,158.04,140.82,137.69,51.03,Type_II
557_jpg.rf.3dcf5ff2de719c87b597ac024080da62.jpg,Flushing,162.56,140.66,139.07,51.16,Type_II
559_jpg.rf.8733f870b1ed1b131b702bdf5685fa1b.jpg,Flushing,162.53,139.67,143.24,42.03,Type_II
560_jpg.rf.78aa56b227c90cbe1eb91cb4654b6ddb.jpg,Flushing,160.48,138.5,141.94,42.85,Type_II
561_jpg.rf.66e0b818804b6bb104ea9ffa1fddb5fe.jpg,Flushing,157.55,138.49,143.45,37.34,Type_III
563_jpg.rf.d48c38ceecea5d04543a249889817dcd.jpg,Flushing,83.59,148.03,144.39,-46.41,Type_VI
563_jpg.rf.d48c38ceecea5d04543a249889817dcd_7592.jpg,Flushing,83.59,148.03,144.39,-46.41,Type_VI
564_jpg.rf.eeacf7e3e0dd6e0e803aeca5dc2fcf46.jpg,Flushing,151.43,149.4,143.68,30.9,Type_III
565_jpg.rf.7e7ddf03e168bf010bf07c5128515a1e.jpg,Flushing,150.42,137.04,130.84,72.47,Type_I
566_jpg.rf.3e5a79d3cf0cf758b5eae448dd1be3b4.jpg,Flushing,164.94,135.56,132.98,71.28,Type_I
568_jpg.rf.9702aa2aaed666dfea70dd14608f5507.jpg,Flushing,179.5,135.94,133.59,74.66,Type_I
568_jpg.rf.9702aa2aaed666dfea70dd14608f5507_9485.jpg,Flushing,179.5,135.94,133.59,74.66,Type_I
569_jpg.rf.c9986553b697cf83b39055cd4d7589f8.jpg,Flushing,163.94,140.57,142.12,45.34,Type_II
56_jpg.rf.79fbc4937457cfd869cd87fc4436a314.jpg,Flushing,139.73,152.94,145.15,15.63,Type_IV
56_jpg.rf.7ea524053d2c943d3e5d1936f5840916.jpg,Flushing,142.43,140.03,136.17,35.64,Type_III
570_jpg.rf.21ba3cefc73add89fe1e07694fe01caf.jpg,Flushing,170.95,138.94,134.8,68.24,Type_I
570_jpg.rf.21ba3cefc73add89fe1e07694fe01caf_8904.jpg,Flushing,170.95,138.94,134.8,68.24,Type_I
571_jpg.rf.3a72d95bfb735a77c579b9cd414a95df.jpg,Flushing,189.5,133.86,131.38,82.08,Type_I
571_jpg.rf.3a72d95bfb735a77c579b9cd414a95df_6557.jpg,Flushing,189.5,133.86,131.38,82.08,Type_I
572_jpg.rf.e53d2dd179139f7ea392aeb1055e84cf.jpg,Flushing,141.38,132.75,129.91,70.62,Type_I
573_jpg.rf.af5430f12f13816934f250f69e3a22d2.jpg,Flushing,132.44,133.44,130.48,37.95,Type_III
573_jpg.rf.af5430f12f13816934f250f69e3a22d2_7148.jpg,Flushing,132.44,133.44,130.48,37.95,Type_III
575_jpg.rf.9944847641f7ba9f1beb0473b60bd67d.jpg,Flushing,116.94,143.24,145.78,-13.11,Type_V
576_jpg.rf.14314eb5429caee41cac750334671869.jpg,Flushing,171.6,138.95,140.85,53.4,Type_II
579_jpg.rf.28fa52d4e78e310b5d32f9216274f4bf.jpg,Flushing,173.06,141.47,134.24,70.75,Type_I
57_jpg.rf.f7725f4b003fc71aef765f0c5ad6a1ad.jpg,Flushing,165.58,136.6,129.39,84.69,Type_I
57_jpg.rf.f7725f4b003fc71aef765f0c5ad6a1ad_8780.jpg,Flushing,165.58,136.6,129.39,84.69,Type_I
582_jpg.rf.ac556cb3f6e0ee1a98875d3f9d87e7e4.jpg,Flushing,135.81,140.85,141.92,13.17,Type_IV
583_jpg.rf.c0b02b71acc60b4f17a9a4d713dda6c3.jpg,Flushing,157.62,143.87,139.45,45.89,Type_II
584_jpg.rf.01f84de5d6f97882416baeab112a076f.jpg,Flushing,132.01,144.21,139.02,9.11,Type_V
585_jpg.rf.aafd0e0d0e3a255496c49f82180b6d0f.jpg,Flushing,168.62,144.67,137.02,60.79,Type_I
585_jpg.rf.aafd0e0d0e3a255496c49f82180b6d0f_1991.jpg,Flushing,168.62,144.67,137.02,60.79,Type_I
586_jpg.rf.15a434de5bf6106b009db4d4b1cc7c1f.jpg,Flushing,182.41,140.26,143.49,54.27,Type_II
588_jpg.rf.963745211cd2b4e79736643ca536b677.jpg,Flushing,169.98,141.02,140.7,52.67,Type_II
589_jpg.rf.aac2dd6b236a987b39df1cbd82837e44.jpg,Flushing,190.61,141.87,147.38,51.93,Type_II
589_jpg.rf.aac2dd6b236a987b39df1cbd82837e44_2852.jpg,Flushing,190.61,141.87,147.38,51.93,Type_II
590_jpg.rf.1ef562a131682d69a250a2116eafa744.jpg,Flushing,191.12,140.15,140.22,63.91,Type_I
590_jpg.rf.1ef562a131682d69a250a2116eafa744_2655.jpg,Flushing,191.12,140.15,140.22,63.91,Type_I
592_jpg.rf.20b656e4a2340bc026d39afe16411623.jpg,Flushing,192.3,137.6,139.48,65.69,Type_I
593_jpg.rf.0ff2b49d74d86556b3fd36756ae2ac35.jpg,Flushing,178.37,139.45,142.33,54.3,Type_II
593_jpg.rf.0ff2b49d74d86556b3fd36756ae2ac35_2048.jpg,Flushing,178.37,139.45,142.33,54.3,Type_II
594_jpg.rf.fc3b29e5995fd77c98df8efd41706c3f.jpg,Flushing,181.65,135.74,139.27,62.04,Type_I
594_jpg.rf.fc3b29e5995fd77c98df8efd41706c3f_9963.jpg,Flushing,181.65,135.74,139.27,62.04,Type_I
595_jpg.rf.7c2713c19095f215235b3c174662f561.jpg,Flushing,170.61,138.23,131.36,78.77,Type_I
596_jpg.rf.3ac74a2d44a2d6ae34b0c32847259d8f.jpg,Flushing,155.87,135.8,132.39,68.49,Type_I
599_jpg.rf.adbb2fde6d16c09419db64ef854a66da.jpg,Flushing,147.41,138.86,139.09,35.14,Type_III
5_jpg.rf.a92ba4b18779dbacced9375de59100ed.jpg,Flushing,159.16,143.37,154.38,25.21,Type_IV
600_jpg.rf.710b90734f7ec4b379e51fd98143b7b3.jpg,Flushing,177.42,138.1,138.84,61.03,Type_I
600_jpg.rf.710b90734f7ec4b379e51fd98143b7b3_3746.jpg,Flushing,177.42,138.1,138.84,61.03,Type_I
601_jpg.rf.7aec8ef12404eeff5500487649173d35.jpg,Flushing,160.37,146.1,139.86,47.4,Type_II
601_jpg.rf.7aec8ef12404eeff5500487649173d35_3153.jpg,Flushing,160.37,146.1,139.86,47.4,Type_II
603_jpg.rf.cacfd4a15403c6d9fc0eed31f53463da.jpg,Flushing,119.71,149.86,145.74,-9.78,Type_V
604_jpg.rf.8d8e574f7a0c9c5bf2269212f7afc4fe.jpg,Flushing,183.92,145.05,135.54,71.18,Type_I
605_jpg.rf.59e0908c775e122f5292fa83e72f3acf.jpg,Flushing,180.49,145.41,135.93,69.12,Type_I
607_jpg.rf.b2c049a57a1913f8237979b09face053.jpg,Flushing,83.24,143.19,137.82,-60.49,Type_VI
60_jpg.rf.df85e0af1bc43b2733bf6061b5b010ca.jpg,Flushing,166.71,136.41,136.8,60.22,Type_I
60_jpg.rf.df85e0af1bc43b2733bf6061b5b010ca_6596.jpg,Flushing,166.71,136.41,136.8,60.22,Type_I
610_jpg.rf.9a3fb1db300625bc54f64f541e7970a8.jpg,Flushing,141.45,143.46,143.97,18.91,Type_IV
611_jpg.rf.c7964936c052affa1c1a7bde480a8772.jpg,Flushing,98.74,144.18,143.19,-36.59,Type_VI
611_jpg.rf.c7964936c052affa1c1a7bde480a8772_7683.jpg,Flushing,98.74,144.18,143.19,-36.59,Type_VI
613_jpg.rf.324ac508102f89aa61f2e9157d7bb121.jpg,Flushing,129.93,140.71,145.93,3.05,Type_V
614_jpg.rf.56aac8f6819a903688e7aa09c7100fc8.jpg,Flushing,117.74,139.54,143.61,-13.78,Type_V
614_jpg.rf.56aac8f6819a903688e7aa09c7100fc8_7642.jpg,Flushing,117.74,139.54,143.61,-13.78,Type_V
615_jpg.rf.e72f42f36fdfb46dfe705af229e9dd02.jpg,Flushing,104.94,139.01,143.52,-29.69,Type_V
615_jpg.rf.e72f42f36fdfb46dfe705af229e9dd02_5717.jpg,Flushing,104.94,139.01,143.52,-29.69,Type_V
616_jpg.rf.71ed9bcdaa839a125972ff1b16ff7a17.jpg,Flushing,152.51,146.36,141.44,36.12,Type_III
616_jpg.rf.71ed9bcdaa839a125972ff1b16ff7a17_5229.jpg,Flushing,152.51,146.36,141.44,36.12,Type_III
617_jpg.rf.ecb8ad1551a09104eb84d54e77f8ec4c.jpg,Flushing,191.0,139.4,135.44,73.36,Type_I
618_jpg.rf.edc49e4ab591d475104c69b53fbdf6f8.jpg,Flushing,139.88,145.93,144.26,16.63,Type_IV
619_jpg.rf.5f11f38f48ea2a755805433ccf032d8f.jpg,Flushing,165.77,139.82,135.68,62.91,Type_I
61_jpg.rf.f0cc6ab197d861ac20023e3a4c5d3ecc.jpg,Flushing,185.82,141.04,140.32,61.69,Type_I
61_jpg.rf.f0cc6ab197d861ac20023e3a4c5d3ecc_1486.jpg,Flushing,185.82,141.04,140.32,61.69,Type_I
620_jpg.rf.7a97f945437d7d8c58fb57b4f5da8188.jpg,Flushing,104.93,149.25,142.41,-31.56,Type_VI
622_jpg.rf.843adcb427fce52f25570402dd74575e.jpg,Flushing,180.33,138.64,137.53,65.31,Type_I
623_jpg.rf.9ffb09ff3ba1d91b5aafab196573530d.jpg,Flushing,188.04,138.18,137.34,68.52,Type_I
624_jpg.rf.00ea8514ddbbeb9768bbfcc4718bf438.jpg,Flushing,151.67,140.3,139.63,39.18,Type_III
624_jpg.rf.00ea8514ddbbeb9768bbfcc4718bf438_1904.jpg,Flushing,151.67,140.3,139.63,39.18,Type_III
627_jpg.rf.42dd796e264452aeeec513cbde7f9fc6.jpg,Flushing,155.95,132.15,125.27,-76.26,Type_VI
629_jpg.rf.f36475cba090c653cbebcc6fdd5d9564.jpg,Flushing,144.36,140.08,139.24,30.46,Type_III
62_jpg.rf.44da9c24e708164cebf705f210b5425f.jpg,Flushing,140.11,153.47,162.02,8.27,Type_V
62_jpg.rf.62640a63d9c35882cf21393b532e1f00.jpg,Flushing,174.5,142.95,142.62,51.58,Type_II
62_jpg.rf.62640a63d9c35882cf21393b532e1f00_4231.jpg,Flushing,174.5,142.95,142.62,51.58,Type_II
632_jpg.rf.f67d1fa7a0b77b94ee79e7ff074c3c06.jpg,Flushing,169.1,139.13,135.44,65.5,Type_I
633_jpg.rf.1d0c8edd695a3e11d31ac735b44404f5.jpg,Flushing,143.07,147.93,139.66,27.63,Type_IV
635_jpg.rf.92295e413c9f5941263b0130a359be9d.jpg,Flushing,120.62,134.69,137.63,-15.66,Type_V
635_jpg.rf.92295e413c9f5941263b0130a359be9d_2211.jpg,Flushing,120.62,134.69,137.63,-15.66,Type_V
638_jpg.rf.9f2c4dc07bae58c92e3412af47b1954b.jpg,Flushing,147.12,145.49,142.49,27.97,Type_IV
639_jpg.rf.7b7adc00d87a19e2d855e6698ae3ad39.jpg,Flushing,129.57,144.38,140.39,3.75,Type_V
639_jpg.rf.7b7adc00d87a19e2d855e6698ae3ad39_8572.jpg,Flushing,129.57,144.38,140.39,3.75,Type_V
63_jpg.rf.2dfe9200f5991895070d63027cf6124a.jpg,Flushing,175.42,128.05,127.55,-88.64,Type_VI
63_jpg.rf.a5c4639ee883c471d7c469519a854674.jpg,Flushing,161.43,140.92,137.89,53.38,Type_II
640_jpg.rf.5dbb425afedd4325c2e9ad1c80905a1d.jpg,Flushing,121.91,140.36,141.97,-8.92,Type_V
641_jpg.rf.e8f44b450a524fb3457005746096214b.jpg,Flushing,178.57,135.59,137.18,65.37,Type_I
642_jpg.rf.7f1ebb267f90faee62dd6a75e95983b4.jpg,Flushing,176.18,139.89,142.0,53.74,Type_II
642_jpg.rf.7f1ebb267f90faee62dd6a75e95983b4_3228.jpg,Flushing,176.18,139.89,142.0,53.74,Type_II
643_jpg.rf.8c767c0ad0986a00f05070fa945f631f.jpg,Flushing,164.27,143.44,140.36,49.41,Type_II
644_jpg.rf.3662744d306e947cc76e41a9b5375bc4.jpg,Flushing,207.63,136.19,131.36,83.9,Type_I
645_jpg.rf.fe20371e0577b7e94dc4b453e307ea37.jpg,Flushing,160.29,140.41,136.26,57.28,Type_I
648_jpg.rf.061688304209120c321534d0358e26fb.jpg,Flushing,186.04,140.11,145.18,53.2,Type_II
649_jpg.rf.53e28f98d8134d101ccb2a4a0bfff6cc.jpg,Flushing,145.4,141.35,138.52,33.71,Type_III
64_jpg.rf.408e162bf1ebe214636127715a5b085b.jpg,Flushing,148.05,139.54,138.64,37.13,Type_III
64_jpg.rf.959fc6cc14c7721ca60ce128a2f52906.jpg,Flushing,128.46,146.21,145.96,1.2,Type_V
650_jpg.rf.4ff12ddf905220ab745c5eba170714bd.jpg,Flushing,150.99,139.79,133.5,59.14,Type_I
652_jpg.rf.5f65624cb986463652fbe31f30c53209.jpg,Flushing,152.81,139.38,147.5,26.98,Type_IV
652_jpg.rf.5f65624cb986463652fbe31f30c53209_1222.jpg,Flushing,152.81,139.38,147.5,26.98,Type_IV
655_jpg.rf.e7fbf42399a6efb50cd42f102123a5a5.jpg,Flushing,159.58,142.98,142.98,40.03,Type_III
655_jpg.rf.e7fbf42399a6efb50cd42f102123a5a5_9628.jpg,Flushing,159.58,142.98,142.98,40.03,Type_III
656_jpg.rf.ec68af54bca52c941895407ac813344d.jpg,Flushing,159.97,140.58,138.2,51.3,Type_II
657_jpg.rf.5faf14a40a24cdce05161b32f7e239b4.jpg,Flushing,172.06,135.98,138.08,60.02,Type_I
658_jpg.rf.c15219d4bb5b94d325cba1822916bf09.jpg,Flushing,172.64,136.25,136.43,64.55,Type_I
658_jpg.rf.c15219d4bb5b94d325cba1822916bf09_4721.jpg,Flushing,172.64,136.25,136.43,64.55,Type_I
659_jpg.rf.7eaac96f10a529a717ab343d36a56dae.jpg,Flushing,155.23,138.0,139.26,44.0,Type_II
65_jpg.rf.ce2af0f4224bd487217849c5f0fe52aa.jpg,Flushing,134.44,128.0,128.0,90.0,Type_I
660_jpg.rf.5170635e92618b500c118b036a676fc3.jpg,Flushing,191.38,138.35,138.96,66.37,Type_I
660_jpg.rf.5170635e92618b500c118b036a676fc3_9431.jpg,Flushing,191.38,138.35,138.96,66.37,Type_I
661_jpg.rf.dfbcfa2e27deedb38d089d11adc77687.jpg,Flushing,161.01,151.47,151.21,29.52,Type_III
665_jpg.rf.ad55574f3dfc38569f450a23f36dd319.jpg,Flushing,154.57,136.12,135.55,54.57,Type_II
665_jpg.rf.ad55574f3dfc38569f450a23f36dd319_5154.jpg,Flushing,154.57,136.12,135.55,54.57,Type_II
666_jpg.rf.d03536d003f376d2610cc1820db39056.jpg,Flushing,162.73,138.74,137.93,54.29,Type_II
666_jpg.rf.d03536d003f376d2610cc1820db39056_8953.jpg,Flushing,162.73,138.74,137.93,54.29,Type_II
667_jpg.rf.a2185a44ebf7d5a46582e520b64afe13.jpg,Flushing,125.58,144.74,137.82,-4.38,Type_V
667_jpg.rf.a2185a44ebf7d5a46582e520b64afe13_1496.jpg,Flushing,125.58,144.74,137.82,-4.38,Type_V
668_jpg.rf.92df579d01908732aa6c4880150584e1.jpg,Flushing,127.81,144.59,137.69,0.72,Type_V
669_jpg.rf.12858120a44df312b967afaf6bb8a3d6.jpg,Flushing,125.05,145.23,139.56,-4.76,Type_V
669_jpg.rf.12858120a44df312b967afaf6bb8a3d6_6132.jpg,Flushing,125.05,145.23,139.56,-4.76,Type_V
66_jpg.rf.7affad1105fba7d32a10c9dacbb38ee5.jpg,Flushing,176.35,138.23,137.18,64.4,Type_I
670_jpg.rf.449d9e9be727414ad1d89c56825f6bf3.jpg,Flushing,134.7,149.73,146.63,8.62,Type_V
670_jpg.rf.449d9e9be727414ad1d89c56825f6bf3_1799.jpg,Flushing,134.7,149.73,146.63,8.62,Type_V
671_jpg.rf.e0b72bd05517bdca562f3e4b29dccff3.jpg,Flushing,139.97,149.92,145.73,15.42,Type_IV
672_jpg.rf.d9c4d58d01f8d56270c080c0a4284640.jpg,Flushing,116.19,148.44,144.88,-14.73,Type_V
673_jpg.rf.6db7141567779ca5c9e4ee050def319e.jpg,Flushing,149.06,135.06,131.79,65.82,Type_I
677_jpg.rf.21c88fd4aad73025b3df8d4f3c78290a.jpg,Flushing,154.41,141.51,139.21,43.27,Type_II
678_jpg.rf.9a4e77aa9e8b322230b7ecef8329df3f.jpg,Flushing,137.71,141.89,143.56,14.44,Type_IV
67_jpg.rf.a2397d9290277391efb0731f2afde550.jpg,Flushing,132.22,148.35,146.73,5.64,Type_V
682_jpg.rf.9f889c0659ebd06ebb9be69cc7025288.jpg,Flushing,189.14,137.39,129.77,85.8,Type_I
682_jpg.rf.9f889c0659ebd06ebb9be69cc7025288_7416.jpg,Flushing,189.14,137.39,129.77,85.8,Type_I
683_jpg.rf.72cb13c2fc1efd002d2d7905346e7870.jpg,Flushing,100.5,136.99,130.24,-78.06,Type_VI
684_jpg.rf.6ce5ef0cbbb9ccce56930f18faf335e6.jpg,Flushing,184.58,134.84,128.8,87.95,Type_I
685_jpg.rf.f2d28b869c053ecb5cc04e2679255a3e.jpg,Flushing,173.0,133.26,134.59,69.74,Type_I
69_jpg.rf.b2c3f06a6a4907dd2598659409d67a8b.jpg,Flushing,182.76,128.0,128.0,90.0,Type_I
6_jpeg.rf.36b6e8857c473c24b5f921982358f2be.jpg,Flushing,169.5,145.74,140.44,52.93,Type_II
6_jpeg.rf.36b6e8857c473c24b5f921982358f2be_4612.jpg,Flushing,169.5,145.74,140.44,52.93,Type_II
6_jpg.rf.9d908c7c1178524fe3d8c3332784e83a.jpg,Flushing,138.52,143.81,148.55,11.87,Type_IV
71_jpg.rf.1a1605105a243f75ee0bf7d1183794c3.jpg,Flushing,192.11,143.97,148.65,50.82,Type_II
72_jpg.rf.2ff9a0cdf25501ba93ad115762aa4030.jpg,Flushing,130.05,127.99,126.95,-43.5,Type_VI
72_jpg.rf.b0db281bdcf6e3a83c86826d7cd66f8c.jpg,Flushing,171.34,143.42,147.17,41.89,Type_II
72_jpg.rf.b0db281bdcf6e3a83c86826d7cd66f8c_3999.jpg,Flushing,171.34,143.42,147.17,41.89,Type_II
73_jpg.rf.1204291c83b618b275fccb5ec6a34f27.jpg,Flushing,179.18,135.96,136.78,66.59,Type_I
74_jpg.rf.9d8dacafb7a2427e3ebbbf91615592a2.jpg,Flushing,146.71,128.0,128.0,90.0,Type_I
74_jpg.rf.9d8dacafb7a2427e3ebbbf91615592a2_2797.jpg,Flushing,146.71,128.0,128.0,90.0,Type_I
75_jpg.rf.452733ee1aa7ba860f394d983e9f9709.jpg,Flushing,81.34,158.41,158.52,-30.67,Type_VI
75_jpg.rf.452733ee1aa7ba860f394d983e9f9709_4905.jpg,Flushing,81.34,158.41,158.52,-30.67,Type_VI
75_jpg.rf.9609fd95bd19b9c05f1691cf08a46c78.jpg,Flushing,186.35,132.89,139.95,62.63,Type_I
76_jpg.rf.fa4137697f782066403b6ae01610e761.jpg,Flushing,71.54,132.79,134.55,-73.37,Type_VI
77_jpg.rf.4452d7a91a625b46a693fb01d07baa34.jpg,Flushing,180.07,137.49,136.22,68.26,Type_I
77_jpg.rf.db5f96a519248922b33e8f1894bb5d1c.jpg,Flushing,125.81,128.0,128.0,-90.0,Type_VI
7_jpeg.rf.19a66f00157fd72959a4cf584907151c.jpg,Flushing,115.93,149.24,145.32,-14.68,Type_V
7_jpeg.rf.19a66f00157fd72959a4cf584907151c_3718.jpg,Flushing,115.93,149.24,145.32,-14.68,Type_V
80_jpg.rf.09c30100a73c59f374897b99e46c3552.jpg,Flushing,164.9,138.62,139.29,52.43,Type_II
82_jpg.rf.f3fc3ab1061cf66a268a3608d5c8a8fd.jpg,Flushing,149.86,143.19,142.22,31.67,Type_III
82_jpg.rf.f3fc3ab1061cf66a268a3608d5c8a8fd_5957.jpg,Flushing,149.86,143.19,142.22,31.67,Type_III
83_jpg.rf.32489e2c975fb38f634ee24d36e0ce44.jpg,Flushing,123.58,143.3,141.78,-6.36,Type_V
83_jpg.rf.32489e2c975fb38f634ee24d36e0ce44_5504.jpg,Flushing,123.58,143.3,141.78,-6.36,Type_V
84_jpg.rf.5533fdc774c54d89b4612fe383aeeed6.jpg,Flushing,144.96,142.93,141.56,26.8,Type_IV
85_jpg.rf.c6276c0c13880eb87026adeb90353b88.jpg,Flushing,144.74,138.28,139.2,31.13,Type_III
86_jpg.rf.b1eb85400c6489e45fda7bfd78b8479a.jpg,Flushing,162.49,128.0,128.0,90.0,Type_I
87_jpg.rf.0f4acc36944db8c80509254842c2b865.jpg,Flushing,113.22,142.69,145.35,-17.89,Type_V
87_jpg.rf.33d82ed407139561c078ebb4c1488191.jpg,Flushing,184.21,135.9,137.04,67.89,Type_I
87_jpg.rf.33d82ed407139561c078ebb4c1488191_8751.jpg,Flushing,184.21,135.9,137.04,67.89,Type_I
88_jpg.rf.2830a6426102f232e94d7dbb368820ad.jpg,Flushing,174.0,140.47,140.95,54.62,Type_II
88_jpg.rf.2830a6426102f232e94d7dbb368820ad_4058.jpg,Flushing,174.0,140.47,140.95,54.62,Type_II
89_jpg.rf.492679605078fe6d984a4de2d6d1d1fc.jpg,Flushing,144.02,128.0,128.0,90.0,Type_I
89_jpg.rf.492679605078fe6d984a4de2d6d1d1fc_7392.jpg,Flushing,144.02,128.0,128.0,90.0,Type_I
89_jpg.rf.bc7e6f35b070c1172a6b221ac8a150e1.jpg,Flushing,173.15,141.51,144.65,47.07,Type_II
8_jpg.rf.1029b237db9b652c106c0b3eeb475da8.jpg,Flushing,193.2,136.89,138.03,68.73,Type_I
90_jpg.rf.da719d7d4caaec3ebe5cf345fdb4c511.jpg,Flushing,119.04,128.0,128.0,-90.0,Type_VI
90_jpg.rf.da719d7d4caaec3ebe5cf345fdb4c511_3950.jpg,Flushing,119.04,128.0,128.0,-90.0,Type_VI
92_jpg.rf.ec1e19ea9e13d74bda97ab42c93170f7.jpg,Flushing,125.45,140.92,148.58,-2.24,Type_V
93_jpg.rf.84924744faf0f11404a4c349367de1fc.jpg,Flushing,137.75,142.93,152.03,9.5,Type_V
93_jpg.rf.84924744faf0f11404a4c349367de1fc_7559.jpg,Flushing,137.75,142.93,152.03,9.5,Type_V
94_jpg.rf.fc7b30de8e3e9f6ad8d9aa3332b8bff3.jpg,Flushing,194.15,143.48,155.94,43.09,Type_II
95_jpg.rf.6457f06567a0806547b8791a1648976e.jpg,Flushing,180.79,143.04,131.94,79.33,Type_I
95_jpg.rf.ad67301a031e1ef07cb4fb65047f2a0f.jpg,Flushing,178.52,142.26,142.11,54.82,Type_II
96_jpg.rf.2a3155f6f48a4694eb07b7c8ada62062.jpg,Flushing,173.15,140.28,141.98,52.01,Type_II
97723bf3c1966b6736962b435dd43bda_jpg.rf.def425e1ce709e358bfc922cc76c9495.jpg,Flushing,203.04,139.04,142.31,64.21,Type_I
97723bf3c1966b6736962b435dd43bda_jpg.rf.def425e1ce709e358bfc922cc76c9495_1673.jpg,Flushing,203.04,139.04,142.31,64.21,Type_I
99_jpg.rf.9dd56c85a428dd2d05679d45e0a7eee8.jpg,Flushing,109.69,135.01,133.27,-52.97,Type_VI
9de7356fc7fe5df062b9719352b38f9c_jpg.rf.bf9be9487b043bd0283a3a14fcfa7981.jpg,Flushing,191.34,138.89,139.35,65.61,Type_I
9_jpeg.rf.45c868afbddabf7c70a2be219f52c54c.jpg,Flushing,165.02,139.09,146.8,38.05,Type_III
9_jpeg.rf.45c868afbddabf7c70a2be219f52c54c_2435.jpg,Flushing,165.02,139.09,146.8,38.05,Type_III
acne-1-_jpg.rf.82a8441a30e1623ef5d576763afa44ab.jpg,Flushing,195.57,137.23,144.69,57.98,Type_I
acne-1-_jpg.rf.82a8441a30e1623ef5d576763afa44ab_1572.jpg,Flushing,195.57,137.23,144.69,57.98,Type_I
acne-108-_jpg.rf.a24b646a59a0c44becac2b569be75214.jpg,Flushing,107.94,139.57,131.31,-66.68,Type_VI
acne-112-_jpeg.rf.86e18629220d71831a82069ceedaa9b7.jpg,Flushing,210.36,142.18,139.8,70.04,Type_I
acne-127-_jpg.rf.1d9d9c5a2b18840693ff329e05bcc2f7.jpg,Flushing,195.37,135.61,145.11,57.27,Type_I
acne-139-_jpeg.rf.7f9e60ba405cfc2ef3da9bcd91cb3ea2.jpg,Flushing,166.51,138.88,134.66,66.47,Type_I
acne-147-_jpg.rf.37609a10739d58929e7fafa3f33172ed.jpg,Flushing,195.19,139.58,136.76,71.73,Type_I
acne-150-_jpeg.rf.6d1e884b4eb8a2db241213e1be9f0dc4.jpg,Flushing,169.31,148.45,140.92,51.77,Type_II
acne-154-_jpg.rf.4b00045a24052fb9c2fa63bd942e783d.jpg,Flushing,155.64,140.27,143.42,35.58,Type_III
acne-154-_jpg.rf.4b00045a24052fb9c2fa63bd942e783d_1449.jpg,Flushing,155.64,140.27,143.42,35.58,Type_III
acne-155-_jpeg.rf.2e60856b0348724c11b29015daa168d8.jpg,Flushing,164.15,147.23,140.58,48.81,Type_II
acne-161-_jpg.rf.43f2ffbf2054c0b139c36619f413b89b.jpg,Flushing,168.98,138.79,134.53,68.13,Type_I
acne-190-_jpeg.rf.2c226a696e88cac0e08a4b473f6c5ae9.jpg,Flushing,167.41,138.78,134.73,66.72,Type_I
acne-236-_jpeg.rf.4daaabe2418d2d04b1252336de9e66a6.jpg,Flushing,143.77,136.97,127.79,-88.13,Type_VI
acne-24-_png.rf.37aeee358f2233c0e364123062ac26fb.jpg,Flushing,164.7,145.22,149.45,34.22,Type_III
acne-24-_png.rf.37aeee358f2233c0e364123062ac26fb_4827.jpg,Flushing,164.7,145.22,149.45,34.22,Type_III
acne-26-_jpeg.rf.3ba48c9061a39a553bc183365305b9d5.jpg,Flushing,198.27,135.91,144.86,58.72,Type_I
acne-26-_jpeg.rf.3ba48c9061a39a553bc183365305b9d5_3402.jpg,Flushing,198.27,135.91,144.86,58.72,Type_I
acne-274-_jpeg.rf.96bd6789625d6a199bc56940afb9c839.jpg,Flushing,196.11,135.64,144.92,57.83,Type_I
acne-295-_jpeg.rf.9b511b4a7fa502292a222dda1ab107f8.jpg,Flushing,157.28,141.14,142.07,39.7,Type_III
acne-303-_jpg.rf.0669c91b4e154f39c57f6b1a77a7e99e.jpg,Flushing,131.07,153.47,145.13,4.67,Type_V
acne-323-_jpg.rf.bacd7633f226882b1d3fa6632435060a.jpg,Flushing,137.12,139.7,143.73,13.49,Type_IV
acne-33-_png.rf.e5d0eb78a813aec4e667a407f9347872.jpg,Flushing,172.05,141.75,146.32,43.64,Type_II
acne-4-_png.rf.435a2cd5cf7bd4a6cdd26e632d54e862.jpg,Flushing,173.23,151.14,141.52,53.0,Type_II
acne-4-_png.rf.435a2cd5cf7bd4a6cdd26e632d54e862_1436.jpg,Flushing,173.23,151.14,141.52,53.0,Type_II
acne-42-_jpg.rf.f9dad76b0c15078e72616d27d02d1dc8.jpg,Flushing,144.92,136.99,127.95,-89.54,Type_VI
acne-47-_png.rf.d9551750ba9c085491ccf6d6a52525e8.jpg,Flushing,179.67,143.27,142.45,54.76,Type_II
acne-47-_png.rf.d9551750ba9c085491ccf6d6a52525e8_5475.jpg,Flushing,179.67,143.27,142.45,54.76,Type_II
acne-5561750_1280_jpg.rf.3259cd4b32289ae53c148dc23b3533c9.jpg,Flushing,189.1,146.21,152.66,44.41,Type_II
acne-56-_jpeg.rf.a415154a15ccf76bcf3a4b6ccad3581d.jpg,Flushing,169.07,138.89,134.57,68.06,Type_I
acne-6-_png.rf.19e5acb80e4c8f551154a9c8fbaf50cc.jpg,Flushing,210.62,143.69,136.19,75.9,Type_I
acne-63-_jpg.rf.dddf4ed87c45f2f4d3e044635d38880b.jpg,Flushing,209.05,142.39,139.53,70.18,Type_I
acne-64-_jpg.rf.7f974efbc3ae25f918afaae972edecca.jpg,Flushing,208.86,142.29,139.64,69.95,Type_I
acne-70-_jpeg.rf.16eb08557c48e739d4e68443053a30f9.jpg,Flushing,201.6,136.06,144.83,59.93,Type_I
acne-74-_jpg.rf.4a005e9a3be17be65e8889457e8a5167.jpg,Flushing,169.16,138.96,134.5,68.31,Type_I
acne-749-_jpg.rf.2c8a1cfc71cf3d8b1d28232ee5c98ec3.jpg,Flushing,209.06,139.25,139.71,69.89,Type_I
acne-792-_jpg.rf.40e4ec42c28f874945686c505bcfb716.jpg,Flushing,140.92,143.62,139.15,25.27,Type_IV
acne-792-_jpg.rf.40e4ec42c28f874945686c505bcfb716_8217.jpg,Flushing,140.92,143.62,139.15,25.27,Type_IV
acne-793-_jpg.rf.3c8d51d3a5ffcb55fcf004b646fa4fe7.jpg,Flushing,113.13,143.25,137.34,-31.09,Type_VI
acne-81-_jpg.rf.4e8f9566a40c108ca572af8b7748a991.jpg,Flushing,166.11,147.89,140.65,50.12,Type_II
acne-845-_jpg.rf.3cd1fa7e362a5145a19b0c15cca7431d.jpg,Flushing,104.03,139.37,130.58,-74.35,Type_VI
acne-cystic-117.jpg,Flushing,94.88,157.92,133.24,-67.71,Type_VI
acne-prone-skin_10_jpeg.rf.007859612d9d07b9438938ca6e95815e.jpg,Flushing,175.41,137.78,140.19,57.02,Type_I
acne-prone-skin_10_jpeg.rf.007859612d9d07b9438938ca6e95815e_8042.jpg,Flushing,175.41,137.78,140.19,57.02,Type_I
acne-prone-skin_123_png.rf.18cb64271c93562ac4510e32e925914a.jpg,Flushing,170.18,142.49,146.98,41.41,Type_II
acne-prone-skin_123_png.rf.18cb64271c93562ac4510e32e925914a_8346.jpg,Flushing,170.18,142.49,146.98,41.41,Type_II
acne-prone-skin_134_jpeg.rf.bd1ec5c68dc070bd55a06a75de3ecc31.jpg,Flushing,133.16,139.23,135.05,17.49,Type_IV
acne-prone-skin_135_jpeg.rf.9d4185111db5f3933b03be48e505b9de.jpg,Flushing,169.11,140.1,145.7,42.67,Type_II
acne-prone-skin_148_jpeg.rf.d6b046b0de970eb0d888722b76b12794.jpg,Flushing,195.08,142.94,147.05,54.29,Type_II
acne-prone-skin_165_jpeg.rf.bd656f67f2ba086e7902e1338cba3bff.jpg,Flushing,176.68,138.47,144.85,48.85,Type_II
acne-prone-skin_170_jpeg.rf.51e9082ef4e5268483bd151a06b97aba.jpg,Flushing,190.36,144.15,148.57,50.15,Type_II
acne-prone-skin_180_jpeg.rf.cfebca2fccb0190bd67eb97d14a54b89.jpg,Flushing,196.99,144.18,145.9,56.7,Type_I
acne-pustular-56.jpg,Flushing,128.13,142.94,147.05,0.74,Type_V
aug_1011_07RosaceaK02164.jpg,Flushing,126.39,149.12,136.68,-2.88,Type_V
aug_1097_acne-excoriated-18.jpg,Flushing,71.22,142.07,131.5,-81.0,Type_VI
aug_1104_rosacea-75.jpg,Flushing,168.11,139.63,133.12,72.17,Type_I
aug_1154_rosacea-116.jpg,Flushing,152.62,137.51,132.7,64.51,Type_I
aug_1206_rosacea-33.jpg,Flushing,125.71,139.96,140.73,-3.16,Type_V
aug_1253_rosacea-nose-22.jpg,Flushing,151.3,143.54,145.63,27.89,Type_IV
aug_1283_acne-excoriated-23.jpg,Flushing,162.96,145.14,138.46,53.05,Type_II
aug_1297_acne-pustular-62.jpg,Flushing,115.34,135.23,143.85,-16.75,Type_V
aug_1298_rosacea-54.jpg,Flushing,151.46,134.01,130.28,76.38,Type_I
aug_1313_acne-excoriated-22.jpg,Flushing,179.94,137.65,146.03,48.76,Type_II
aug_1315_rosacea-113.jpg,Flushing,200.26,139.82,153.15,48.61,Type_II
aug_1335_07RosaceaFulFAce.jpg,Flushing,171.2,147.97,140.95,52.92,Type_II
aug_1347_rosacea-14.jpg,Flushing,156.97,143.67,139.18,45.94,Type_II
aug_135_acne-cystic-42.jpg,Flushing,110.25,151.47,139.32,-30.86,Type_VI
aug_13_perioral-dermatitis-122.jpg,Flushing,177.53,131.24,132.17,77.99,Type_I
aug_1409_rosacea-74.jpg,Flushing,130.59,135.26,132.65,14.59,Type_IV
aug_1423_rosacea-41.jpg,Flushing,144.21,136.29,128.5,85.64,Type_I
aug_1434_rosacea-32.jpg,Flushing,138.49,141.4,141.4,17.84,Type_IV
aug_1454_rosacea-114.jpg,Flushing,138.31,149.01,147.56,12.23,Type_IV
aug_1463_rosacea-101.jpg,Flushing,92.41,140.88,131.83,-74.43,Type_VI
aug_1471_rosacea-78.jpg,Flushing,130.54,136.95,128.43,70.19,Type_I
aug_1483_rosacea-80.jpg,Flushing,122.17,148.54,140.84,-9.25,Type_V
aug_1504_rosacea-47.jpg,Flushing,116.63,136.3,140.6,-18.69,Type_V
aug_1513_rosacea-101.jpg,Flushing,122.18,143.81,132.57,-24.56,Type_V
aug_1552_07RosaceaK02164.jpg,Flushing,123.01,147.36,136.26,-12.04,Type_V
aug_1571_rosacea-114.jpg,Flushing,156.42,147.15,146.1,32.07,Type_III
aug_1578_rosacea-54.jpg,Flushing,165.93,135.49,130.86,79.25,Type_I
aug_1586_acne-infantile-15.jpg,Flushing,102.1,142.24,140.21,-39.2,Type_VI
aug_158_hidradenitis-suppurativa-72.jpg,Flushing,137.83,138.51,120.35,-27.92,Type_V
aug_1611_rosacea-98.jpg,Flushing,102.9,141.3,139.69,-39.52,Type_VI
aug_1621_rosacea-33.jpg,Flushing,143.53,138.95,140.73,26.28,Type_IV
aug_1653_acne-pustular-56.jpg,Flushing,148.33,144.0,151.34,19.29,Type_IV
aug_1666_rosacea-55.jpg,Flushing,137.79,142.05,135.81,27.33,Type_IV
aug_1686_07RosaceaK02162.jpg,Flushing,116.02,148.36,136.12,-29.01,Type_V
aug_169_07RosaceaOK082806.jpg,Flushing,89.36,140.2,141.28,-48.39,Type_VI
aug_1788_acne-cystic-117.jpg,Flushing,98.4,158.73,133.37,-64.79,Type_VI
aug_1810_acne-cystic-112.jpg,Flushing,160.68,152.36,146.03,35.83,Type_III
aug_1860_rosacea-40.jpg,Flushing,184.91,141.42,128.04,89.91,Type_I
aug_186_acne-excoriated-22.jpg,Flushing,185.45,137.78,147.29,49.67,Type_II
aug_1899_acne-excoriated-21.jpg,Flushing,149.53,134.07,140.75,34.11,Type_III
aug_190_rosacea-50.jpg,Flushing,168.56,131.53,136.19,63.04,Type_I
aug_193_acne-cystic-112.jpg,Flushing,114.12,151.14,143.32,-18.9,Type_V
aug_1946_rosacea-13.jpg,Flushing,121.85,138.76,137.22,-13.51,Type_V
aug_2016_acne-pustular-56.jpg,Flushing,116.3,143.08,147.25,-12.86,Type_V
aug_2037_acne-excoriated-22.jpg,Flushing,209.4,134.95,146.95,59.46,Type_I
aug_2043_07RosaceaFulFAce.jpg,Flushing,163.75,146.22,139.96,49.92,Type_II
aug_2086_rosacea-98.jpg,Flushing,104.53,141.74,140.32,-36.18,Type_VI
aug_2107_rosacea-58.jpg,Flushing,164.12,146.03,113.55,-44.83,Type_VI
aug_2135_acne-cystic-84.jpg,Flushing,136.44,156.06,147.04,10.43,Type_IV
aug_2152_acne-infantile-15.jpg,Flushing,139.2,148.8,146.38,14.02,Type_IV
aug_219_07RosaceaOK082806.jpg,Flushing,117.01,145.04,146.55,-12.51,Type_V
aug_2202_acne-infantile-6.jpg,Flushing,120.38,139.12,147.03,-8.35,Type_V
aug_2297_acne-cystic-112.jpg,Flushing,138.34,153.54,144.86,14.15,Type_IV
aug_2356_rosacea-41.jpg,Flushing,144.97,136.38,128.54,85.52,Type_I
aug_2420_acne-pustular-56.jpg,Flushing,110.37,142.29,145.82,-20.65,Type_V
aug_2449_rosacea-14.jpg,Flushing,164.81,145.94,140.68,49.08,Type_II
aug_2488_rosacea-58.jpg,Flushing,153.9,142.83,115.89,-40.54,Type_VI
aug_2516_acne-cystic-84.jpg,Flushing,115.18,154.96,146.63,-14.54,Type_V
aug_254_rosacea-80.jpg,Flushing,125.97,145.66,138.68,-3.22,Type_V
aug_2595_07RosaceaFulFAce.jpg,Flushing,155.71,148.74,141.43,39.48,Type_III
aug_2630_rosacea-75.jpg,Flushing,175.53,138.56,132.72,75.94,Type_I
aug_2722_rosacea-114.jpg,Flushing,155.85,150.55,148.8,28.13,Type_III
aug_2747_rosacea-50.jpg,Flushing,172.18,130.98,135.33,67.29,Type_I
aug_2750_rosacea-37.jpg,Flushing,127.89,153.09,140.18,0.71,Type_V
aug_2755_rosacea-79.jpg,Flushing,196.96,136.14,130.58,84.58,Type_I
aug_2839_rosacea-80.jpg,Flushing,114.83,143.99,137.72,-27.08,Type_V
aug_2875_rosacea-95.jpg,Flushing,129.69,133.96,129.95,23.82,Type_IV
aug_2879_rosacea-41.jpg,Flushing,154.28,136.93,128.57,86.88,Type_I
aug_289_rosacea-38.jpg,Flushing,119.78,145.47,138.18,-16.55,Type_V
aug_2930_07RosaceaK02164.jpg,Flushing,112.94,145.47,135.1,-38.8,Type_VI
aug_2937_rosacea-115.jpg,Flushing,138.4,142.42,139.22,20.85,Type_IV
aug_2947_rosacea-81.jpg,Flushing,167.57,138.21,130.78,79.96,Type_I
aug_2957_rosacea-75.jpg,Flushing,120.97,136.92,131.9,-33.28,Type_VI
aug_3001_rosacea-64.jpg,Flushing,156.88,138.14,127.83,-89.14,Type_VI
aug_3004_rosacea-56.jpg,Flushing,102.67,143.96,135.21,-53.46,Type_VI
aug_3050_rhinophyma-4.jpg,Flushing,96.82,137.34,127.47,87.46,Type_I
aug_3061_07rosaceaTreated091806OK.jpg,Flushing,128.9,141.55,142.21,2.21,Type_V
aug_3130_rosacea-54.jpg,Flushing,165.54,135.73,130.88,79.07,Type_I
aug_3145_perioral-dermatitis-137.jpg,Flushing,195.38,132.21,132.12,81.2,Type_I
aug_3176_rosacea-95.jpg,Flushing,174.7,137.02,131.27,79.97,Type_I
aug_3211_rosacea-38.jpg,Flushing,144.87,147.46,139.3,31.08,Type_III
aug_323_rosacea-41.jpg,Flushing,151.46,137.28,128.47,87.11,Type_I
aug_3249_rosacea-54.jpg,Flushing,219.66,135.54,130.77,85.62,Type_I
aug_3272_perioral-dermatitis-137.jpg,Flushing,146.9,130.77,130.51,71.75,Type_I
aug_3274_07RosaceaK02162.jpg,Flushing,116.95,145.63,134.86,-31.09,Type_VI
aug_3293_rosacea-14.jpg,Flushing,175.14,146.19,141.35,54.45,Type_II
aug_3340_rosacea-101.jpg,Flushing,95.8,142.37,132.29,-70.95,Type_VI
aug_3356_rosacea-37.jpg,Flushing,129.23,148.61,137.6,4.05,Type_V
aug_3451_rosacea-68.jpg,Flushing,170.41,137.19,146.82,41.8,Type_II
aug_3499_acne-excoriated-18.jpg,Flushing,66.91,141.64,131.55,-81.49,Type_VI
aug_3551_rosacea-14.jpg,Flushing,166.75,145.37,140.39,51.17,Type_II
aug_357_acne-cystic-142.jpg,Flushing,167.9,142.8,147.26,39.44,Type_III
aug_3590_rosacea-50.jpg,Flushing,182.18,131.72,137.31,66.52,Type_I
aug_3631_rosacea-74.jpg,Flushing,150.21,136.24,133.36,58.94,Type_I
aug_363_rosacea-14.jpg,Flushing,164.9,146.24,141.03,48.39,Type_II
aug_3668_rosacea-68.jpg,Flushing,193.53,136.75,149.88,49.8,Type_II
aug_3681_rosacea-116.jpg,Flushing,158.89,138.24,132.81,68.66,Type_I
aug_3682_acne-excoriated-21.jpg,Flushing,210.49,134.1,144.18,63.56,Type_I
aug_370_rosacea-68.jpg,Flushing,161.73,138.21,148.94,32.66,Type_III
aug_3726_rosacea-60.jpg,Flushing,175.48,135.08,130.01,83.9,Type_I
aug_3743_rosacea-65.jpg,Flushing,126.92,138.67,127.56,27.31,Type_IV
aug_374_rosacea-14.jpg,Flushing,137.51,141.61,137.32,22.84,Type_IV
aug_3765_rosacea-37.jpg,Flushing,150.93,150.05,138.2,42.01,Type_II
aug_3806_acne-pustular-62.jpg,Flushing,110.21,137.23,147.46,-19.21,Type_V
aug_3834_rosacea-115.jpg,Flushing,130.02,142.26,139.09,5.1,Type_V
aug_3878_07RosaceaFulFAce.jpg,Flushing,140.55,142.27,137.18,29.14,Type_III
aug_387_acne-excoriated-21.jpg,Flushing,194.74,135.27,143.03,60.32,Type_I
aug_3929_acne-cystic-112.jpg,Flushing,149.27,155.93,147.56,23.58,Type_IV
aug_3943_rosacea-94.jpg,Flushing,178.02,135.79,130.8,81.95,Type_I
aug_3962_rosacea-52.jpg,Flushing,160.51,136.69,140.31,46.45,Type_II
aug_3973_rosacea-50.jpg,Flushing,176.02,131.63,136.83,65.11,Type_I
aug_3979_perioral-dermatitis-122.jpg,Flushing,182.31,131.52,132.33,78.61,Type_I
aug_4021_perioral-dermatitis-122.jpg,Flushing,166.13,130.58,131.33,77.59,Type_I
aug_4030_rosacea-108.jpg,Flushing,134.28,135.32,128.5,79.43,Type_I
aug_4052_rosacea-50.jpg,Flushing,171.35,131.1,135.45,66.59,Type_I
aug_4070_rosacea-95.jpg,Flushing,129.54,133.71,129.87,23.24,Type_IV
aug_4086_rosacea-96.jpg,Flushing,151.19,131.37,131.27,70.61,Type_I
aug_410_rosacea-53.jpg,Flushing,124.63,138.66,132.71,-13.46,Type_V
aug_4189_07rosaceaTreated091806OK.jpg,Flushing,101.93,138.2,138.57,-43.47,Type_VI
aug_4204_rosacea-54.jpg,Flushing,183.17,135.45,130.8,82.69,Type_I
aug_4243_rosacea-55.jpg,Flushing,153.77,141.25,135.34,54.53,Type_II
aug_4246_rosacea-80.jpg,Flushing,107.4,144.52,138.04,-38.13,Type_VI
aug_4251_rosacea-75.jpg,Flushing,168.49,140.45,133.54,70.98,Type_I
aug_4328_rosacea-47.jpg,Flushing,126.07,137.08,141.91,-2.31,Type_V
aug_4336_acne-pustular-62.jpg,Flushing,91.16,135.2,143.36,-42.85,Type_VI
aug_43_rosacea-109.jpg,Flushing,134.19,143.57,154.53,5.65,Type_V
aug_4403_rosacea-33.jpg,Flushing,121.24,139.33,139.83,-11.72,Type_V
aug_4467_rosacea-38.jpg,Flushing,149.06,148.66,140.13,34.88,Type_III
aug_4515_acne-infantile-6.jpg,Flushing,163.5,140.83,153.77,28.71,Type_III
aug_4518_perioral-dermatitis-123.jpg,Flushing,150.25,141.08,147.11,25.02,Type_IV
aug_4584_rosacea-41.jpg,Flushing,116.36,134.67,128.51,-83.35,Type_VI
aug_45_acne-excoriated-18.jpg,Flushing,71.67,141.49,131.07,-82.01,Type_VI
aug_4624_acne-excoriated-22.jpg,Flushing,159.1,137.15,145.15,35.85,Type_III
aug_4869_acne-cystic-84.jpg,Flushing,143.32,157.59,147.72,17.46,Type_IV
aug_4950_perioral-dermatitis-138.jpg,Flushing,155.47,135.92,146.28,30.96,Type_III
aug_4976_rosacea-14.jpg,Flushing,150.56,146.13,141.14,34.53,Type_III
aug_4979_rosacea-61.jpg,Flushing,188.98,137.32,129.91,85.48,Type_I
aug_497_rosacea-37.jpg,Flushing,124.25,147.35,137.26,-7.84,Type_V
aug_4984_07RosaceaOK0828063.jpg,Flushing,92.84,140.9,140.61,-47.15,Type_VI
aug_5005_rosacea-97.jpg,Flushing,136.84,137.49,135.74,25.34,Type_IV
aug_506_rosacea-24.jpg,Flushing,120.8,141.6,134.96,-20.7,Type_V
aug_5092_rosacea-58.jpg,Flushing,138.8,142.34,116.47,-21.02,Type_V
aug_5103_rosacea-52.jpg,Flushing,135.3,134.64,137.48,17.88,Type_IV
aug_5187_rosacea-43.jpg,Flushing,161.23,138.51,128.62,87.31,Type_I
aug_5217_rosacea-44.jpg,Flushing,113.56,135.18,129.32,-76.39,Type_VI
aug_5261_rosacea-52.jpg,Flushing,152.32,134.77,137.63,45.32,Type_II
aug_5282_rosacea-38.jpg,Flushing,125.46,145.34,137.96,-4.6,Type_V
aug_5285_perioral-dermatitis-123.jpg,Flushing,160.6,140.9,147.38,33.81,Type_III
aug_52_rosacea-65.jpg,Flushing,137.34,139.56,127.6,-84.06,Type_VI
aug_5306_rosacea-25.jpg,Flushing,145.09,150.89,138.74,32.7,Type_III
aug_539_rosacea-26.jpg,Flushing,142.12,146.67,135.58,37.08,Type_III
aug_548_rosacea-52.jpg,Flushing,141.59,133.77,136.37,33.43,Type_III
aug_54_acne-cystic-143.jpg,Flushing,99.91,137.87,138.61,-45.57,Type_VI
aug_550_rosacea-25.jpg,Flushing,152.49,148.69,137.47,45.98,Type_II
aug_55_rosacea-53.jpg,Flushing,159.24,144.1,135.31,59.57,Type_I
aug_560_acne-infantile-12.jpg,Flushing,128.29,149.8,154.36,0.67,Type_V
aug_590_acne-excoriated-16.jpg,Flushing,132.02,145.46,119.73,-12.11,Type_V
aug_609_rosacea-56.jpg,Flushing,111.47,144.96,135.83,-38.76,Type_VI
aug_610_07RosaceaOK0828063.jpg,Flushing,101.94,144.57,144.76,-30.88,Type_VI
aug_613_acne-infantile-6.jpg,Flushing,171.81,140.23,154.07,33.69,Type_III
aug_615_acne-infantile-15.jpg,Flushing,129.53,144.96,142.63,3.12,Type_V
aug_617_acne-excoriated-22.jpg,Flushing,184.5,137.92,146.79,49.94,Type_II
aug_622_rosacea-38.jpg,Flushing,131.85,147.91,139.66,8.33,Type_V
aug_625_acne-infantile-6.jpg,Flushing,135.69,141.51,150.63,8.08,Type_V
aug_695_rosacea-60.jpg,Flushing,193.39,135.48,130.18,85.18,Type_I
aug_705_perioral-dermatitis-59.jpg,Flushing,103.38,134.91,128.98,-84.08,Type_VI
aug_72_rosacea-47.jpg,Flushing,142.81,140.09,145.67,18.77,Type_IV
aug_762_rosacea-101.jpg,Flushing,90.59,141.22,131.82,-75.23,Type_VI
aug_803_rosacea-80.jpg,Flushing,128.28,146.89,139.51,1.51,Type_V
aug_82_rosacea-44.jpg,Flushing,125.88,135.79,129.34,-25.42,Type_V
aug_852_acne-excoriated-16.jpg,Flushing,98.43,140.3,122.04,62.41,Type_I
aug_882_acne-cystic-112.jpg,Flushing,157.12,155.04,146.87,31.61,Type_III
aug_929_rosacea-116.jpg,Flushing,164.5,137.99,132.72,71.97,Type_I
aug_952_rosacea-52.jpg,Flushing,151.57,134.8,137.76,44.05,Type_II
Berminyak-1-_jpeg.rf.410521de591baa80145e9e8e3add090f.jpg,Flushing,187.75,139.13,141.85,59.61,Type_I
Berminyak-11-_jpg.rf.138c114cb3c74124d8eabfd7ced83f91.jpg,Flushing,153.46,139.34,146.27,29.13,Type_III
Berminyak-11-_jpg.rf.138c114cb3c74124d8eabfd7ced83f91_6158.jpg,Flushing,153.46,139.34,146.27,29.13,Type_III
Berminyak-13-_jpg.rf.6bbd73c9741cd8f594de6de82edf7adc.jpg,Flushing,209.09,141.21,141.84,66.61,Type_I
Berminyak-14-_jpg.rf.882a652db9c91ec2c69a67547cf4d67c.jpg,Flushing,218.09,138.13,139.73,71.73,Type_I
Berminyak-14-_jpg.rf.882a652db9c91ec2c69a67547cf4d67c_4029.jpg,Flushing,218.09,138.13,139.73,71.73,Type_I
Berminyak-18-_jpeg.rf.a0e9bb4fd10d44d1096dc3fe6e30439c.jpg,Flushing,190.9,139.73,142.47,59.8,Type_I
Berminyak-18-_jpg.rf.a1561f64bc0d1f67c0d0f27a104cb976.jpg,Flushing,194.98,141.63,142.87,60.66,Type_I
Berminyak-19-_jpeg.rf.96c3302ad5d18271e5fa4aebdcdfa8b9.jpg,Flushing,164.51,140.15,145.52,39.64,Type_III
Berminyak-19-_jpg.rf.e952d1c9cc6ec185c2d5746446338931.jpg,Flushing,182.93,140.52,145.16,51.71,Type_II
Berminyak-21-_jpg.rf.4db91b5d57c5691305fcc049262ef557.jpg,Flushing,201.94,135.01,138.5,70.22,Type_I
Berminyak-21-_jpg.rf.4db91b5d57c5691305fcc049262ef557_1653.jpg,Flushing,201.94,135.01,138.5,70.22,Type_I
Berminyak-22-_jpg.rf.20378142bc8efcc885d513ccc9d87196.jpg,Flushing,185.98,139.47,140.9,60.64,Type_I
Berminyak-22-_jpg.rf.20378142bc8efcc885d513ccc9d87196_8541.jpg,Flushing,185.98,139.47,140.9,60.64,Type_I
Berminyak-24-_jpeg.rf.b05e7580940018f4cc82f04d733c4735.jpg,Flushing,225.91,133.3,133.68,81.63,Type_I
Berminyak-25-_jpeg.rf.beb6f6b3df1e13bbec8976b7d70609e3.jpg,Flushing,203.94,136.26,142.3,64.49,Type_I
Berminyak-27-_JPG.rf.0089f5c1cb2cf93a284327ed305fb13a.jpg,Flushing,144.8,144.3,142.88,24.51,Type_IV
Berminyak-29-_JPG.rf.d1c0e54b1ad35e253ff6998d432b5be5.jpg,Flushing,197.15,135.21,138.99,68.08,Type_I
Berminyak-33-_jpg.rf.4d54f5dece5950821b47cb2b7cf4ba61.jpg,Flushing,190.97,145.09,144.85,55.91,Type_I
Berminyak-35-_jpg.rf.77e147b421251a6d5cdd15d433c5a0a9.jpg,Flushing,197.57,141.6,142.46,62.25,Type_I
Berminyak-35-_jpg.rf.77e147b421251a6d5cdd15d433c5a0a9_9654.jpg,Flushing,197.57,141.6,142.46,62.25,Type_I
Berminyak-37-_jpg.rf.71671a997b454cb3d958ec55d46a57fb.jpg,Flushing,159.67,138.96,144.11,38.06,Type_III
berminyak-47_jpg.rf.81dcc59f11af30e94ac9ae29a393daee.jpg,Flushing,142.98,142.23,145.26,19.38,Type_IV
Berminyak-7-_jpeg.rf.62e4fbaca060906f5612bb1a749b485c.jpg,Flushing,159.77,134.52,140.95,44.35,Type_II
Berminyak-7-_jpg.rf.15d697076e862f73d9469f6294236599.jpg,Flushing,206.92,134.3,138.25,71.79,Type_I
Berminyak-8-_jpg.rf.adfc0414a6f31576a867b67ccce23d00.jpg,Flushing,168.48,141.89,153.28,32.44,Type_III
Berminyak-8-_jpg.rf.adfc0414a6f31576a867b67ccce23d00_7118.jpg,Flushing,168.48,141.89,153.28,32.44,Type_III
Berminyak288_jpg.rf.3955a600cc4022cae7e5e4eacb3dce30.jpg,Flushing,197.81,142.56,147.91,54.17,Type_II
berminyak__-12-_jpg.rf.58cdac9af23a178c6db88d8ff10c2f05.jpg,Flushing,184.86,140.03,138.91,64.13,Type_I
berminyak__-16-_jpg.rf.21aa25cf159b349c6b52e583f175247b.jpg,Flushing,190.57,138.32,144.36,56.52,Type_I
berminyak__-17-_jpg.rf.bc184b4d893717b9bce74c69725d4a5d.jpg,Flushing,203.06,144.36,141.07,66.2,Type_I
berminyak__-19-_jpg.rf.5615844e9b1476a9c46160fd22d29f76.jpg,Flushing,176.48,145.46,150.69,40.25,Type_III
berminyak__-20-_jpg.rf.8ffc7ebf1f5223352ab3384584f11f6f.jpg,Flushing,203.59,137.63,144.62,60.88,Type_I
berminyak__-20-_jpg.rf.8ffc7ebf1f5223352ab3384584f11f6f_6394.jpg,Flushing,203.59,137.63,144.62,60.88,Type_I
berminyak__-24-_jpg.rf.e6fe150c02b3aff08825d0a7c60e6a38.jpg,Flushing,174.57,147.49,147.16,43.94,Type_II
berminyak__-26-_jpg.rf.065b1a6cc96ebf6cdb79f09b5d741f6e.jpg,Flushing,197.52,138.02,142.68,61.88,Type_I
berminyak__-26-_jpg.rf.065b1a6cc96ebf6cdb79f09b5d741f6e_3047.jpg,Flushing,197.52,138.02,142.68,61.88,Type_I
berminyak__-40-_jpg.rf.9f690ba36266f8fc772531f6352eff68.jpg,Flushing,159.37,136.26,143.21,39.41,Type_III
berminyak__-49-_jpg.rf.5f0d05393c38e3f837205d67c6f72738.jpg,Flushing,198.05,137.76,141.04,64.76,Type_I
berminyak__-51-_JPG.rf.fbcd94c739b95ed4fc6882544f0a1a75.jpg,Flushing,193.89,143.78,145.03,56.81,Type_I
berminyak__-52-_JPG.rf.2bf4aecc94acf6bb87d502c2882d6622.jpg,Flushing,154.2,143.96,147.8,27.87,Type_IV
berminyak__-52-_JPG.rf.2bf4aecc94acf6bb87d502c2882d6622_2762.jpg,Flushing,154.2,143.96,147.8,27.87,Type_IV
berminyak__-54-_JPG.rf.4e42b2c87d06a372b3624bfb3448cb43.jpg,Flushing,151.86,148.51,156.16,18.74,Type_IV
berminyak__-57-_JPG.rf.e1d682114266858eee07f92973ec4507.jpg,Flushing,124.47,145.04,151.31,-2.92,Type_V
berminyak__-57-_JPG.rf.e1d682114266858eee07f92973ec4507_1729.jpg,Flushing,124.47,145.04,151.31,-2.92,Type_V
Condition-Rosacea_jpg.rf.ae1bd3318a2bb9261efebc73f0e7c392.jpg,Flushing,176.14,140.91,137.65,63.16,Type_I
dau-hieu-tren-da-canh-bao-ban-phai-di-xet-nghiem-mau-ngay_jpg.rf.921277b4b2bfc747afa2e2b914de2d4b.jpg,Flushing,199.18,145.14,135.31,75.43,Type_I
erythema-survey_jpg.rf.8ef7493016b246ba62e7f946085e6e99.jpg,Flushing,161.27,147.74,146.35,35.81,Type_III
Face_red.png,Flushing,177.64,152.16,141.83,54.88,Type_II
Facial_Redness_Treatmentpicture_1056_1_jpg.rf.8dc912fa1c24dabdbd83db7e79db3021.jpg,Flushing,222.0,139.49,137.57,75.51,Type_I
images_jpg.rf.afabccae76622b2e37c223425a5925d9.jpg,Flushing,200.91,132.93,136.35,73.83,Type_I
Image_110_jpg.rf.5877b0d0e3bd0b879a5a207f77545516.jpg,Flushing,159.43,138.66,144.07,37.93,Type_III
Image_111_jpg.rf.dba341c36356b278334f0d19c1575f13.jpg,Flushing,179.42,146.03,152.22,40.05,Type_III
Image_111_jpg.rf.dba341c36356b278334f0d19c1575f13_6094.jpg,Flushing,179.42,146.03,152.22,40.05,Type_III
Image_114_jpg.rf.71e5c8dc8b4bf189f7625b500bd7de7f.jpg,Flushing,174.31,137.92,152.43,36.93,Type_III
Image_114_jpg.rf.71e5c8dc8b4bf189f7625b500bd7de7f_8172.jpg,Flushing,174.31,137.92,152.43,36.93,Type_III
Image_115_jpg.rf.d1a891a2a40726ca423a76db8e210193.jpg,Flushing,154.98,137.0,131.19,73.52,Type_I
Image_115_jpg.rf.d1a891a2a40726ca423a76db8e210193_2689.jpg,Flushing,154.98,137.0,131.19,73.52,Type_I
Image_117_jpg.rf.669afcd65b0d363e10fbcd045a0737bd.jpg,Flushing,98.48,140.36,143.76,-35.83,Type_VI
Image_117_jpg.rf.669afcd65b0d363e10fbcd045a0737bd_5711.jpg,Flushing,98.48,140.36,143.76,-35.83,Type_VI
Image_11_jpg.rf.ecbeadc7d22446a707ae9a05ff6ff227.jpg,Flushing,176.87,135.23,140.96,56.2,Type_I
Image_131_jpeg.rf.6f8544d22401c1417e4c0f07b7a2b9db.jpg,Flushing,144.35,144.6,151.66,15.6,Type_IV
Image_131_jpg.rf.72f11136b0b9cc03551e20c1549fe4f7.jpg,Flushing,147.11,141.05,144.01,25.66,Type_IV
Image_131_png.rf.603da32d510776935889258cccbc6ba8.jpg,Flushing,210.82,138.2,141.3,67.85,Type_I
Image_131_png.rf.603da32d510776935889258cccbc6ba8_5238.jpg,Flushing,210.82,138.2,141.3,67.85,Type_I
Image_132_jpg.rf.3d8e98886d7df23244eb15897fc00fdc.jpg,Flushing,142.48,132.16,128.91,81.17,Type_I
Image_13_jpg.rf.a09dfdafebe1f1799b72bd8521ac6fef.jpg,Flushing,204.39,137.36,142.1,64.94,Type_I
Image_148_jpg.rf.5efe1f9c890a22a5213d118e3929254b.jpg,Flushing,196.03,136.44,139.86,66.19,Type_I
Image_14_jpg.rf.4635c848e95fd3807841ec5fa818ef9e.jpg,Flushing,211.44,135.2,140.34,69.46,Type_I
Image_17_jpg.rf.455c5dd500170d57b3bd51e9058a3094.jpg,Flushing,193.3,142.5,151.54,47.62,Type_II
Image_1_jpg.rf.e5dc87305847861b3e53e0881c39953c.jpg,Flushing,218.18,138.03,144.24,65.46,Type_I
Image_35_jpg.rf.f58b80d3b622a6197b30b354de683eed.jpg,Flushing,219.43,138.03,144.61,65.27,Type_I
Image_40_jpg.rf.3bd91bb0ba331a83c2fc8b3a71ababad.jpg,Flushing,180.9,150.14,142.03,56.19,Type_I
Image_46_jpg.rf.cf348e0d8f8ccfd0f37b2df78f1b9a04.jpg,Flushing,161.89,146.04,158.46,23.88,Type_IV
Image_46_jpg.rf.d81dd83a730403336d66b174c4ff1f0e.jpg,Flushing,201.04,134.25,133.31,79.56,Type_I
Image_4_jpg.rf.9b054c802ba3509323f3d834671acbba.jpg,Flushing,219.27,138.29,142.61,67.9,Type_I
Image_4_jpg.rf.9b054c802ba3509323f3d834671acbba_1668.jpg,Flushing,219.27,138.29,142.61,67.9,Type_I
Image_53_jpg.rf.96b6d516e7d4e70738dea1c10450a009.jpg,Flushing,206.41,135.35,134.58,78.0,Type_I
Image_58_jpg.rf.470c1a5da6c46b93fefa668149db66d9.jpg,Flushing,193.73,139.68,143.68,58.87,Type_I
Image_61-1-_jpg.rf.29949fb9cb62624d1e8780fdfd792413.jpg,Flushing,173.33,138.16,145.79,45.28,Type_II
Image_61-1-_jpg.rf.29949fb9cb62624d1e8780fdfd792413_2060.jpg,Flushing,173.33,138.16,145.79,45.28,Type_II
Image_65_png.rf.ee384bb86d9a78599fa460b98c33f0fe.jpg,Flushing,193.19,141.25,138.69,67.46,Type_I
Image_71_jpg.rf.212bd18b8e09633c2e0e2c2bb558545d.jpg,Flushing,225.41,133.45,134.0,81.12,Type_I
Image_74_jpg.rf.a167554e87a68ffe660fd76c4bc5f1ae.jpg,Flushing,172.76,139.06,132.07,77.08,Type_I
Image_7_jpeg.rf.48a24606381104a2237faa3ce8dd8546.jpg,Flushing,207.4,136.3,144.3,62.52,Type_I
Image_82_jpg.rf.dc07396c7d5c5afd05512a28098ee2a0.jpg,Flushing,171.3,139.89,142.57,49.7,Type_II
Image_82_jpg.rf.dc07396c7d5c5afd05512a28098ee2a0_6673.jpg,Flushing,171.3,139.89,142.57,49.7,Type_II
Image_86_png.rf.cbffb3efc60501f53e50fc1aeba175b4.jpg,Flushing,203.54,136.56,145.57,59.49,Type_I
Image_87_JPG.rf.c5487712bdd9e81bc740e454850b202f.jpg,Flushing,160.94,138.37,145.37,37.05,Type_III
Image_8_jpg.rf.5f49aaae7afba0f6c8dedd0a6a41ab7e.jpg,Flushing,172.25,136.18,145.82,44.57,Type_II
Image_92_jpg.rf.697c554f773feeeccc1ee5071ba3f245.jpg,Flushing,165.49,144.61,142.82,45.15,Type_II
Image_92_jpg.rf.697c554f773feeeccc1ee5071ba3f245_5482.jpg,Flushing,165.49,144.61,142.82,45.15,Type_II
Image_94_jpg.rf.7bbecfcf993295d56c46ec331bf9060b.jpg,Flushing,190.9,139.67,143.85,57.48,Type_I
Image_94_jpg.rf.7bbecfcf993295d56c46ec331bf9060b_7015.jpg,Flushing,190.9,139.67,143.85,57.48,Type_I
Image_98_jpg.rf.07c131145a83226071a6ee654517c62e.jpg,Flushing,154.14,141.45,147.63,28.02,Type_III
Image_98_jpg.rf.07c131145a83226071a6ee654517c62e_9931.jpg,Flushing,154.14,141.45,147.63,28.02,Type_III
Image_99_jpg.rf.b0fe5960dcb2f97ceb230cad040f067a.jpg,Flushing,193.59,135.36,138.83,67.32,Type_I
image_jpg.rf.380efc7a03344f1d02c66e2b36c89976.jpg,Flushing,168.73,148.3,132.7,73.8,Type_I
IMG_6807_JPG.rf.317328e8da49bb8377f5f8ef67b17574.jpg,Flushing,154.99,138.83,144.53,33.11,Type_III
istockphoto-638452020-612x612_jpg.rf.6b430ec0ec3611ab427a01cba0605013.jpg,Flushing,118.89,145.55,147.39,-9.88,Type_V
kering-10-_jpg.rf.b746ab2b79b4a7d0fec43f22ad35c674.jpg,Flushing,167.96,139.86,146.82,40.13,Type_III
kering-10-_jpg.rf.b746ab2b79b4a7d0fec43f22ad35c674_9635.jpg,Flushing,167.96,139.86,146.82,40.13,Type_III
Kering-11-_JPG.rf.1c99d18caba0ce0d71fee121a1aad278.jpg,Flushing,180.32,137.52,136.34,68.06,Type_I
kering-11-_jpg.rf.3196bba48de4c4a7f2a0b6a79dc18e37.jpg,Flushing,192.27,142.49,148.38,51.26,Type_II
Kering-16-_jpeg.rf.a07d2af01c088fee25f0a3a4b20c2139.jpg,Flushing,162.09,143.92,139.7,49.21,Type_II
Kering-16-_jpeg.rf.a07d2af01c088fee25f0a3a4b20c2139_1749.jpg,Flushing,162.09,143.92,139.7,49.21,Type_II
Kering-19-_jpeg.rf.7c08cf7a40977677300819c1f2c01ed3.jpg,Flushing,194.49,144.4,151.88,47.73,Type_II
kering-20-_jpg.rf.3b6c27ec82bcaa538874aa3f05046816.jpg,Flushing,195.88,133.94,146.05,56.06,Type_I
kering-20-_jpg.rf.3b6c27ec82bcaa538874aa3f05046816_2447.jpg,Flushing,195.88,133.94,146.05,56.06,Type_I
Kering-22-_jpeg.rf.53878c26486e1197e88a80c85fd8dc1e.jpg,Flushing,206.14,133.76,142.51,64.81,Type_I
Kering-22-_jpeg.rf.53878c26486e1197e88a80c85fd8dc1e_3015.jpg,Flushing,206.14,133.76,142.51,64.81,Type_I
Kering-23-_jpeg.rf.2c1213018a05482d1928cd0e29f2fd10.jpg,Flushing,143.65,143.4,147.94,17.62,Type_IV
Kering-23-_jpeg.rf.2c1213018a05482d1928cd0e29f2fd10_3919.jpg,Flushing,143.65,143.4,147.94,17.62,Type_IV
kering-23-_jpg.rf.40e5ae9bfea66c757286339899d6bc1b.jpg,Flushing,181.04,147.17,141.48,57.3,Type_I
Kering-24-_jpg.rf.471dabacbbf347d416faf29aff98cfa7.jpg,Flushing,191.15,142.61,148.38,50.76,Type_II
Kering-25-_jpg.rf.017a918deee26fab25759adb9ffa95ba.jpg,Flushing,209.69,131.93,140.47,68.85,Type_I
kering-25-_jpg.rf.3b5fb1c0eb4acc63ccf79bb2b8492763.jpg,Flushing,216.68,137.35,136.78,75.91,Type_I
kering-25-_jpg.rf.3b5fb1c0eb4acc63ccf79bb2b8492763_6249.jpg,Flushing,216.68,137.35,136.78,75.91,Type_I
Kering-26-_jpg.rf.856f4261d4b363ffb1f461b32028396a.jpg,Flushing,226.6,132.83,138.11,75.42,Type_I
Kering-28-_jpeg.rf.bcbd75c74ba262558adb0782211a6e06.jpg,Flushing,204.45,139.87,147.84,56.68,Type_I
Kering-29-_jpg.rf.e1419555ebb5303a9ca721a3d5d56c5a.jpg,Flushing,168.58,138.57,145.38,42.83,Type_II
Kering-3-_jpeg.rf.d177cddfc74e3c0a27e1baa4b26c053c.jpg,Flushing,184.65,145.08,150.03,45.49,Type_II
Kering-3-_JPG.rf.bfc83f406c78a961f6e8110cc56d4340.jpg,Flushing,177.76,139.67,143.3,52.17,Type_II
kering-30-_jpg.rf.dfbc1b2d0d71a1797846addaa29561a2.jpg,Flushing,188.11,137.15,145.32,53.92,Type_II
kering-30-_jpg.rf.dfbc1b2d0d71a1797846addaa29561a2_7089.jpg,Flushing,188.11,137.15,145.32,53.92,Type_II
Kering-34-_jpeg.rf.c46b113114631f8c1a90593fd522bebd.jpg,Flushing,210.56,138.15,137.48,73.77,Type_I
Kering-34-_jpeg.rf.c46b113114631f8c1a90593fd522bebd_6585.jpg,Flushing,210.56,138.15,137.48,73.77,Type_I
kering-35-_jpg.rf.15e6bca06df4ed4be583f7882c2ae1d9.jpg,Flushing,157.04,132.32,130.17,79.4,Type_I
kering-37-_jpg.rf.4daa835762c1d53b7043f4b7c4c13034.jpg,Flushing,176.89,141.1,144.69,49.26,Type_II
kering-37-_jpg.rf.4daa835762c1d53b7043f4b7c4c13034_9631.jpg,Flushing,176.89,141.1,144.69,49.26,Type_II
kering-4-_jpg.rf.9806cec711298fab0f39685406e4bbba.jpg,Flushing,194.27,139.38,140.33,64.78,Type_I
kering-4-_jpg.rf.9806cec711298fab0f39685406e4bbba_6179.jpg,Flushing,194.27,139.38,140.33,64.78,Type_I
kering-4-_jpg.rf.e565819bd351f4cd3c21c1af139aa221.jpg,Flushing,175.45,144.53,151.47,38.7,Type_III
kering-46-_jpg.rf.2c2bc974cb4ee4ca31a647b8e96f84f4.jpg,Flushing,177.39,140.31,137.78,63.44,Type_I
kering-49-_jpg.rf.0db948ea7546cedeaa53570851e8ca6d.jpg,Flushing,178.99,138.72,137.6,64.58,Type_I
kering-49-_jpg.rf.5d072fb0ef0c6f02cda0fd4c6ccf2ca9.jpg,Flushing,182.6,141.26,146.95,48.74,Type_II
kering-5-_jpg.rf.2bf42dcb4b8d1d3e02ed9d168f3c00a7.jpg,Flushing,191.74,138.96,139.28,65.89,Type_I
kering-5-_jpg.rf.2bf42dcb4b8d1d3e02ed9d168f3c00a7_1295.jpg,Flushing,191.74,138.96,139.28,65.89,Type_I
kering-51-_jpg.rf.d82067e6c6920a84267610e1de64cbc8.jpg,Flushing,180.25,140.66,144.27,51.82,Type_II
Kering-6-_JPG.rf.19afe710531a586bcbf4e62d32ad06da.jpg,Flushing,150.85,151.85,149.95,22.65,Type_IV
kering-71-_jpg.rf.4d4ceee3feafec8cf0307f09a2e1eb87.jpg,Flushing,187.01,142.27,142.82,57.58,Type_I
kering-71-_jpg.rf.4d4ceee3feafec8cf0307f09a2e1eb87_7423.jpg,Flushing,187.01,142.27,142.82,57.58,Type_I
kering_-101-_jpg.rf.f69de2223f3aa0ada3f8c552ad94318f.jpg,Flushing,183.24,137.37,146.14,50.31,Type_II
kering_-102-_jpg.rf.a83b721f83277945d6d99dd620238edd.jpg,Flushing,208.43,141.56,147.49,58.44,Type_I
kering_-107-_jpg.rf.714b1f24781cf5cef309d4f79f1172c9.jpg,Flushing,196.29,142.33,147.02,54.81,Type_II
kering_-109-_jpg.rf.34635a424ae12508fd750ff1039ab547.jpg,Flushing,188.56,143.32,148.4,49.58,Type_II
kering_-11-_jpg.rf.454a7c489449e8ef44452d49989d4692.jpg,Flushing,212.7,139.51,143.14,65.63,Type_I
kering_-110-_jpg.rf.a0dd22ac6cf59069b4c1a7c6e89afec9.jpg,Flushing,147.06,142.33,148.26,20.74,Type_IV
kering_-111-_jpg.rf.56aaa232ae017c2a732ffe3561cd888d.jpg,Flushing,182.67,139.62,146.27,49.82,Type_II
kering_-111-_jpg.rf.56aaa232ae017c2a732ffe3561cd888d_9645.jpg,Flushing,182.67,139.62,146.27,49.82,Type_II
kering_-112-_jpg.rf.7aa954affe3b4aedef66502a8a5968c0.jpg,Flushing,203.36,139.35,143.96,61.78,Type_I
kering_-114-_jpg.rf.7f9a41d9acfc3867dfdb2491d9f2a796.jpg,Flushing,186.59,146.64,159.32,36.5,Type_III
kering_-115-_jpg.rf.254d8b3d343e5cfb35ff9039f2535a39.jpg,Flushing,191.45,145.23,143.95,57.54,Type_I
kering_-115-_jpg.rf.254d8b3d343e5cfb35ff9039f2535a39_2175.jpg,Flushing,191.45,145.23,143.95,57.54,Type_I
kering_-121-_jpg.rf.de14c84169ed57578f59c5e0c5e81c5a.jpg,Flushing,157.85,139.65,150.62,27.75,Type_IV
kering_-122-_jpg.rf.f0edd6e81713a92ec0a8b1e1363e3803.jpg,Flushing,164.08,141.64,145.97,38.6,Type_III
kering_-128-_jpg.rf.fdb5d7f5506335aa84268d5f53fae795.jpg,Flushing,169.55,144.63,146.15,42.26,Type_II
kering_-128-_jpg.rf.fdb5d7f5506335aa84268d5f53fae795_9846.jpg,Flushing,169.55,144.63,146.15,42.26,Type_II
kering_-136-_jpg.rf.20d8d4bc6f29e64ccc196f590d862e50.jpg,Flushing,198.42,138.63,139.56,67.44,Type_I
kering_-144-_jpg.rf.02201d791093990d9be44d61d465936b.jpg,Flushing,167.94,139.9,146.6,40.45,Type_III
kering_-147-_jpg.rf.752cfa50b5756e65e1d02bbd2cf62d2f.jpg,Flushing,182.8,141.53,149.29,45.53,Type_II
kering_-17-_jpg.rf.ce2521e3e7a4eda55febf38b456cb5a1.jpg,Flushing,195.78,136.03,130.84,83.95,Type_I
kering_-18-_jpg.rf.df435d15ce8833f72bd7539541ec09a7.jpg,Flushing,237.2,133.28,135.96,79.52,Type_I
kering_-30-_jpg.rf.21f3970ac355cfd9f5f1ca3e98e90c33.jpg,Flushing,199.47,138.54,141.86,63.85,Type_I
kering_-31-_jpg.rf.e96c790d3e415838435e8db3432754ce.jpg,Flushing,200.62,141.55,142.33,63.45,Type_I
kering_-37-_jpg.rf.e9998236f652b75cddf4be9afa610cf8.jpg,Flushing,165.52,142.37,154.86,29.03,Type_III
kering_-37-_jpg.rf.e9998236f652b75cddf4be9afa610cf8_2503.jpg,Flushing,165.52,142.37,154.86,29.03,Type_III
kering_-38-_jpg.rf.14b44f5406c93233ce45451b23fcce7e.jpg,Flushing,204.42,137.3,146.33,58.71,Type_I
kering_-43-_jpg.rf.423270d934587efbc0e76542e7856586.jpg,Flushing,203.27,138.66,145.97,58.84,Type_I
kering_-45-_jpg.rf.3f12fc2d05b043c7a87ab9977ee70a02.jpg,Flushing,203.05,139.58,144.7,60.59,Type_I
kering_-50-_jpg.rf.79c251e81949b3c7d0f6d50fb17e75f3.jpg,Flushing,181.0,141.84,150.46,43.05,Type_II
kering_-57-_jpg.rf.079e012246a19ae1ee8c51b90cf775e9.jpg,Flushing,173.39,141.9,145.86,45.21,Type_II
kering_-57-_jpg.rf.079e012246a19ae1ee8c51b90cf775e9_4336.jpg,Flushing,173.39,141.9,145.86,45.21,Type_II
kering_-72-_jpg.rf.27ee81acf4910048d8c93615054a0103.jpg,Flushing,174.64,139.86,146.42,45.1,Type_II
kering_-72-_jpg.rf.27ee81acf4910048d8c93615054a0103_7448.jpg,Flushing,174.64,139.86,146.42,45.1,Type_II
kering_-75-_jpg.rf.ca6c742cf37a9f147f66ecae5a6e47ce.jpg,Flushing,211.32,137.02,142.86,65.67,Type_I
kering_-75-_jpg.rf.ca6c742cf37a9f147f66ecae5a6e47ce_7572.jpg,Flushing,211.32,137.02,142.86,65.67,Type_I
kering_-76-_jpg.rf.98680dc73198d2ea3395bd5f9efa973e.jpg,Flushing,195.98,141.12,147.35,54.22,Type_II
kering_-76-_jpg.rf.98680dc73198d2ea3395bd5f9efa973e_2709.jpg,Flushing,195.98,141.12,147.35,54.22,Type_II
kering_-77-_jpg.rf.87492278f38507a541fc8c3494a68aa8.jpg,Flushing,181.19,146.42,145.77,49.84,Type_II
kering_-79-_jpg.rf.1f408d3dbc47ecc5dc19555f44ba57cd.jpg,Flushing,162.69,143.76,152.33,29.57,Type_III
kering_-79-_jpg.rf.1f408d3dbc47ecc5dc19555f44ba57cd_7241.jpg,Flushing,162.69,143.76,152.33,29.57,Type_III
kering_-83-_jpg.rf.52c4dfd64dcef357695aadea26f8a90f.jpg,Flushing,146.61,139.32,140.45,31.04,Type_III
kering_-84-_jpg.rf.a054d36e1f78dcc15829fca7b9e07aa4.jpg,Flushing,207.59,136.18,141.8,66.29,Type_I
kering_-84-_jpg.rf.a054d36e1f78dcc15829fca7b9e07aa4_2381.jpg,Flushing,207.59,136.18,141.8,66.29,Type_I
kering_-86-_jpg.rf.d165bb07837eece34dbb75c7d20d8456.jpg,Flushing,148.71,142.43,143.49,28.23,Type_III
kering_-87-_jpg.rf.8407749937db585edfbcb4015a7ececb.jpg,Flushing,118.01,142.42,144.57,-12.67,Type_V
kering_-89-_jpg.rf.9a7c5f092335a458d0027dadc5fee327.jpg,Flushing,161.75,141.61,148.02,33.87,Type_III
kering__-107-_jpg.rf.5ffd1605dce56a86deb9db6b7a2d2016.jpg,Flushing,212.0,137.96,140.72,69.0,Type_I
kering__-13-_JPG.rf.7190edc0bb4c68937147fdfdda5803d0.jpg,Flushing,111.38,141.92,143.84,-21.76,Type_V
kering__-14-_JPG.rf.879355a96b8bc5b2fd9b061bc6a1cdf3.jpg,Flushing,176.57,151.22,161.96,29.54,Type_III
kering__-15-_JPG.rf.6c7b17baffbfb96c6bbe4d0815294a73.jpg,Flushing,178.51,133.71,133.23,75.36,Type_I
kering__-52-_jpg.rf.37ec322da8591981977266d8e393e7db.jpg,Flushing,181.12,144.95,148.14,46.23,Type_II
kering__-52-_jpg.rf.37ec322da8591981977266d8e393e7db_6700.jpg,Flushing,181.12,144.95,148.14,46.23,Type_II
kering__-57-_jpg.rf.8ec78fc2807ab2f0632c01e93b70cb7b.jpg,Flushing,192.76,141.52,145.32,55.91,Type_I
kering__-63-_jpg.rf.dfb3f1a06dbdfee0a1d4d9449409ad1d.jpg,Flushing,214.93,137.53,141.08,69.12,Type_I
kering__-63-_jpg.rf.dfb3f1a06dbdfee0a1d4d9449409ad1d_5009.jpg,Flushing,214.93,137.53,141.08,69.12,Type_I
kering__-76-_jpg.rf.205797a820d85fbc9c50489658fd322f.jpg,Flushing,197.76,138.28,148.41,53.47,Type_II
kering__-76-_jpg.rf.205797a820d85fbc9c50489658fd322f_8463.jpg,Flushing,197.76,138.28,148.41,53.47,Type_II
kering__-77-_jpg.rf.961cbe69b3a18f9feb46023c56eb3a9f.jpg,Flushing,177.05,140.98,139.82,58.7,Type_I
levle0_102_jpg.rf.1fa438a379fd1c0b73ce0d50bb4dba5e.jpg,Flushing,131.09,153.88,156.67,2.81,Type_V
levle0_102_jpg.rf.1fa438a379fd1c0b73ce0d50bb4dba5e_8302.jpg,Flushing,131.09,153.88,156.67,2.81,Type_V
levle0_105_png.rf.01fec432b0daaf534ac4e910b6894738.jpg,Flushing,122.41,143.48,157.6,-3.86,Type_V
levle0_115_png.rf.e31f6f3bc96690252c6245e612c122dc.jpg,Flushing,136.64,136.68,144.85,12.0,Type_IV
levle0_115_png.rf.e31f6f3bc96690252c6245e612c122dc_8175.jpg,Flushing,136.64,136.68,144.85,12.0,Type_IV
levle0_122_jpg.rf.902e5a72ceb1d9c3d0b85026b160ff0c.jpg,Flushing,122.32,144.03,161.79,-3.44,Type_V
levle0_122_png.rf.b1fa197a150749eea93dca66ce2e7e2b.jpg,Flushing,122.86,143.8,161.7,-3.09,Type_V
levle0_124_png.rf.ca3ad935fa64f7f48a43ede8c71227eb.jpg,Flushing,139.85,140.48,156.51,9.64,Type_V
levle0_127_jpg.rf.0ed2c29c4ee472d59175ff5d5e20c36c.jpg,Flushing,120.25,142.97,154.98,-6.01,Type_V
levle0_128_jpg.rf.5d7529ead6b7171cd93a6e98d677ce0c.jpg,Flushing,147.5,140.28,149.72,19.85,Type_IV
levle0_143_png.rf.cb97b330093dd0aa886a0606e4fb46d2.jpg,Flushing,163.88,138.97,149.62,33.42,Type_III
levle0_166_png.rf.bfdb390c9162a38ab66e668a26a4c5dd.jpg,Flushing,129.75,139.97,154.8,1.89,Type_V
levle0_166_png.rf.bfdb390c9162a38ab66e668a26a4c5dd_5769.jpg,Flushing,129.75,139.97,154.8,1.89,Type_V
levle0_167_jpg.rf.290a9edfac9215dbd11a481982b04616.jpg,Flushing,114.77,142.76,153.85,-10.93,Type_V
levle0_175_jpg.rf.dad51dbf031d4ad47b635beda78bc3fc.jpg,Flushing,132.47,143.93,152.18,4.61,Type_V
levle0_185_png.rf.ac654ef79ff889da40f6c7d516ec12e2.jpg,Flushing,145.75,138.16,147.78,19.89,Type_IV
levle0_189_jpg.rf.17257fd0113dc988edfe01f9d99cf324.jpg,Flushing,149.48,148.46,150.88,20.64,Type_IV
levle0_189_jpg.rf.17257fd0113dc988edfe01f9d99cf324_7785.jpg,Flushing,149.48,148.46,150.88,20.64,Type_IV
levle0_19_jpg.rf.3f5b8b0cab7c7d23431733c99e74d21a.jpg,Flushing,120.6,127.66,131.98,-34.19,Type_VI
levle0_19_jpg.rf.3f5b8b0cab7c7d23431733c99e74d21a_5133.jpg,Flushing,120.6,127.66,131.98,-34.19,Type_VI
levle0_207_jpg.rf.f256fd32169bc5f203b51d1002892d6f.jpg,Flushing,132.27,135.79,144.24,6.57,Type_V
levle0_210_jpg.rf.46e404126bde3ec326ec6b3807f6e80f.jpg,Flushing,142.15,141.05,150.83,14.13,Type_IV
levle0_211_jpg.rf.acfdb57010db307e86ab8d694691ce10.jpg,Flushing,138.63,140.77,150.16,11.14,Type_IV
levle0_211_jpg.rf.acfdb57010db307e86ab8d694691ce10_3596.jpg,Flushing,138.63,140.77,150.16,11.14,Type_IV
levle0_21_jpg.rf.83ee82c486e158a93d5c1d6f4f055d0e.jpg,Flushing,150.79,140.16,151.44,21.28,Type_IV
levle0_223_png.rf.e80b5c170e3d51f7fadff42d2bcc0306.jpg,Flushing,154.14,137.52,151.76,23.74,Type_IV
levle0_252_png.rf.3a1460487c14a04d0d8dd33fc5fa7117.jpg,Flushing,128.13,152.82,152.3,0.59,Type_V
levle0_252_png.rf.3a1460487c14a04d0d8dd33fc5fa7117_4089.jpg,Flushing,128.13,152.82,152.3,0.59,Type_V
levle0_270_jpg.rf.cefba80ba3619367092a7da043a04361.jpg,Flushing,158.03,138.0,148.98,29.71,Type_III
levle0_271_jpg.rf.c27a26e010c8308cfbd0ad328f9d7960.jpg,Flushing,132.87,143.68,147.83,6.06,Type_V
levle0_272_jpg.rf.b1109c94520700ccd531dfd2f435dfb7.jpg,Flushing,125.83,142.03,148.66,-1.81,Type_V
levle0_279_jpg.rf.fcf2d35c30323055191621e24b8924b9.jpg,Flushing,136.78,138.38,147.64,10.5,Type_IV
levle0_280_jpg.rf.3635b6e6b18262a2906784749d274db5.jpg,Flushing,145.07,139.86,149.79,17.55,Type_IV
levle0_290_jpg.rf.72152f948a854126c311f29715bfe20e.jpg,Flushing,142.93,142.11,150.37,15.14,Type_IV
levle0_290_jpg.rf.72152f948a854126c311f29715bfe20e_9078.jpg,Flushing,142.93,142.11,150.37,15.14,Type_IV
levle0_296_jpg.rf.8134987aa6a6d8343206078253842301.jpg,Flushing,121.0,141.21,153.37,-5.74,Type_V
levle0_304_jpg.rf.38cf61ce6c520be9c96f80ad976f4049.jpg,Flushing,127.85,140.13,151.49,0.34,Type_V
levle0_304_jpg.rf.fcb43e080273f656bbfcd1ec0c3a4a7d.jpg,Flushing,128.51,140.42,151.71,0.96,Type_V
levle0_304_jpg.rf.fcb43e080273f656bbfcd1ec0c3a4a7d_8070.jpg,Flushing,128.51,140.42,151.71,0.96,Type_V
levle0_305_jpg.rf.2d6fdeeb8556c55b922eb5c952b0e5ec.jpg,Flushing,101.86,137.36,144.39,-31.53,Type_VI
levle0_312_jpg.rf.0330ac8827f2cc925e583b7878952068.jpg,Flushing,145.18,139.37,147.66,19.43,Type_IV
levle0_312_jpg.rf.0330ac8827f2cc925e583b7878952068_6010.jpg,Flushing,145.18,139.37,147.66,19.43,Type_IV
levle0_319_jpg.rf.96937ad56e74adc1936a6c36b6804f15.jpg,Flushing,155.88,139.92,150.26,26.56,Type_IV
levle0_334_jpg.rf.43f463528c8b85f6cb153abc26a761f3.jpg,Flushing,154.92,139.71,151.04,25.01,Type_IV
levle0_334_jpg.rf.e2971b08456d5de3acf756d52ab5be85.jpg,Flushing,154.35,139.76,151.0,24.6,Type_IV
levle0_334_jpg.rf.e2971b08456d5de3acf756d52ab5be85_7280.jpg,Flushing,154.35,139.76,151.0,24.6,Type_IV
levle0_353_jpg.rf.51bc6755b076997876a00bab4334915c.jpg,Flushing,177.05,138.54,151.24,39.9,Type_III
levle0_353_png.rf.8d2068d017fc957673f4650f216eb15a.jpg,Flushing,174.94,138.17,150.62,39.44,Type_III
levle0_35_jpg.rf.31be9bebff959363f278ce2033ad4f39.jpg,Flushing,121.67,140.36,156.46,-4.59,Type_V
levle0_35_jpg.rf.31be9bebff959363f278ce2033ad4f39_6995.jpg,Flushing,121.67,140.36,156.46,-4.59,Type_V
levle0_364_jpg.rf.69c4c4b2b377e7d6889ac4672b4e1c71.jpg,Flushing,147.5,139.24,148.68,20.78,Type_IV
levle0_375_jpg.rf.9d5515a719b52bc6bc63446f16a85ab9.jpg,Flushing,154.7,136.09,146.32,30.21,Type_III
levle0_375_jpg.rf.9d5515a719b52bc6bc63446f16a85ab9_6168.jpg,Flushing,154.7,136.09,146.32,30.21,Type_III
levle0_375_jpg.rf.f5d7a5e46176a7d3072ebbbb3bab2c41.jpg,Flushing,153.97,136.09,146.12,29.81,Type_III
levle0_375_jpg.rf.f5d7a5e46176a7d3072ebbbb3bab2c41_4531.jpg,Flushing,153.97,136.09,146.12,29.81,Type_III
levle0_378_jpg.rf.a9007ac3847e3ad27e895fff742cb2ed.jpg,Flushing,158.5,136.57,149.3,29.71,Type_III
levle0_378_jpg.rf.a9007ac3847e3ad27e895fff742cb2ed_6979.jpg,Flushing,158.5,136.57,149.3,29.71,Type_III
levle0_37_png.rf.d3c80a29f2409bc6b6572a0addc1ad6c.jpg,Flushing,131.04,140.49,152.77,3.21,Type_V
levle0_37_png.rf.d3c80a29f2409bc6b6572a0addc1ad6c_3427.jpg,Flushing,131.04,140.49,152.77,3.21,Type_V
levle0_385_png.rf.39ecfd2d528956dee4d15308561c8d7b.jpg,Flushing,146.68,139.33,149.7,19.12,Type_IV
levle0_385_png.rf.39ecfd2d528956dee4d15308561c8d7b_5401.jpg,Flushing,146.68,139.33,149.7,19.12,Type_IV
levle0_392_png.rf.b05af681510a8fac16b982f19ef8fa6f.jpg,Flushing,153.95,150.69,145.24,31.04,Type_III
levle0_400_jpg.rf.70f39a46adfdeabb0c3dbfb80bad652b.jpg,Flushing,130.5,138.16,157.72,2.26,Type_V
levle0_406_jpg.rf.277b00b4ac1b4bc7b457f35a2c980531.jpg,Flushing,155.96,138.5,146.11,31.64,Type_III
levle0_406_jpg.rf.277b00b4ac1b4bc7b457f35a2c980531_1117.jpg,Flushing,155.96,138.5,146.11,31.64,Type_III
levle0_426_png.rf.a48824cd407eddb79009f458eb2a77a8.jpg,Flushing,163.9,146.35,146.09,38.28,Type_III
levle0_426_png.rf.a48824cd407eddb79009f458eb2a77a8_4701.jpg,Flushing,163.9,146.35,146.09,38.28,Type_III
levle0_427_jpg.rf.176975f0fe7305fd0a9413810041ec95.jpg,Flushing,169.47,147.37,148.31,39.01,Type_III
levle0_427_jpg.rf.176975f0fe7305fd0a9413810041ec95_7093.jpg,Flushing,169.47,147.37,148.31,39.01,Type_III
levle0_447_png.rf.5809a7f10cb5ab8270c6c0be7aee824e.jpg,Flushing,149.84,140.14,149.08,22.57,Type_IV
levle0_483_jpg.rf.ee9c15a5a24fc77653fa9ba758c91b17.jpg,Flushing,148.0,137.84,150.17,19.94,Type_IV
levle0_488_jpg.rf.973b93a361b91b54c79e1a1e9ebc9294.jpg,Flushing,148.04,138.05,147.18,22.78,Type_IV
levle0_488_jpg.rf.973b93a361b91b54c79e1a1e9ebc9294_5135.jpg,Flushing,148.04,138.05,147.18,22.78,Type_IV
levle0_489_jpg.rf.e8590f3817f85569590db92ebc493c1e.jpg,Flushing,162.57,138.01,150.81,31.09,Type_III
levle0_492_jpg.rf.6f1beeb8a1731f4e13df0b63ce310a0f.jpg,Flushing,157.89,138.78,149.22,29.32,Type_III
levle0_494_jpg.rf.905b26fe291ad557913ba9e508af9560.jpg,Flushing,160.8,137.56,146.89,34.66,Type_III
levle0_49_jpg.rf.61ce668e182cee53a303b9b7785c99e0.jpg,Flushing,151.3,138.09,150.76,22.3,Type_IV
levle0_4_jpg.rf.112b7edeb99c1c46e14efae8a2b4e0f2.jpg,Flushing,141.45,144.3,145.89,17.0,Type_IV
levle0_504_jpg.rf.1c5790cf0fa56837dd8a7f942903a840.jpg,Flushing,153.22,137.53,151.58,23.15,Type_IV
levle0_511_png.rf.3c1104a43cde31603b67d203ad906180.jpg,Flushing,132.95,138.71,149.53,5.67,Type_V
levle0_512_jpg.rf.b6e6a1cfa2c5835cae997f91da72d697.jpg,Flushing,150.92,138.72,151.61,21.25,Type_IV
levle0_513_png.rf.c8981f2f9256acb9d58af4c781739dcf.jpg,Flushing,152.47,140.23,150.57,23.45,Type_IV
levle0_520_png.rf.eeee4250e22e687c3840d9f15950ad0b.jpg,Flushing,136.27,138.14,146.31,10.63,Type_IV
levle0_521_jpg.rf.d3696ab8980620f4434b214a4ca4c14c.jpg,Flushing,150.21,136.36,148.68,23.31,Type_IV
levle0_522_jpg.rf.62f7e1ba7b94d5c49f0252fc3344c706.jpg,Flushing,146.21,136.55,149.4,18.93,Type_IV
levle0_523_jpg.rf.6d09a42d78981816c41e6d6703829589.jpg,Flushing,138.7,138.87,149.29,11.65,Type_IV
levle0_52_jpg.rf.46b4e9c03b606bbf8c3cde44328d28a9.jpg,Flushing,143.49,137.91,154.27,13.43,Type_IV
levle0_54_jpg.rf.511666532427147604ee3d501e650d19.jpg,Flushing,147.67,138.62,154.66,16.53,Type_IV
levle0_64_png.rf.1ae35d3444c6daa5ca87b66a94ce702a.jpg,Flushing,142.89,135.52,136.83,34.36,Type_III
levle0_92_jpg.rf.11535e411ea5ebd39226562a5ce99402.jpg,Flushing,142.73,139.94,150.92,14.6,Type_IV
levle0_97_jpg.rf.cc170f432debc65d195be7139746c8ce.jpg,Flushing,137.08,142.33,152.45,8.74,Type_V
levle0_97_jpg.rf.cc170f432debc65d195be7139746c8ce_7695.jpg,Flushing,137.08,142.33,152.45,8.74,Type_V
levle1_100_jpg.rf.231f1d788b3fc6a030ac94814f29c052.jpg,Flushing,202.39,132.22,130.77,84.61,Type_I
levle1_100_jpg.rf.231f1d788b3fc6a030ac94814f29c052_5295.jpg,Flushing,202.39,132.22,130.77,84.61,Type_I
levle1_114_jpg.rf.49576f3452b1ac319f43aaada3b16634.jpg,Flushing,114.45,140.21,144.46,-17.27,Type_V
levle1_114_jpg.rf.49576f3452b1ac319f43aaada3b16634_8447.jpg,Flushing,114.45,140.21,144.46,-17.27,Type_V
levle1_123_png.rf.2bb340c7fe311a42787566838a2dfd97.jpg,Flushing,170.79,138.28,175.84,19.54,Type_IV
levle1_123_png.rf.2bb340c7fe311a42787566838a2dfd97_6157.jpg,Flushing,170.79,138.28,175.84,19.54,Type_IV
levle1_131_png.rf.bd5d005f781a4c7b2f3dbf4722fc0f36.jpg,Flushing,142.82,137.09,148.89,16.05,Type_IV
levle1_133_jpg.rf.4a0408029465db783f8663d98522d1a5.jpg,Flushing,153.33,138.35,149.15,25.59,Type_IV
levle1_133_png.rf.3b7a3b91fe9fcc3c1d02b9713b485c18.jpg,Flushing,154.28,138.32,148.99,26.58,Type_IV
levle1_133_png.rf.3b7a3b91fe9fcc3c1d02b9713b485c18_2604.jpg,Flushing,154.28,138.32,148.99,26.58,Type_IV
levle1_135_jpg.rf.461195edd54e31ae5b110db1e04873fa.jpg,Flushing,171.64,137.09,149.66,38.63,Type_III
levle1_139_jpg.rf.9b5cda99477649682f529abc91a788ec.jpg,Flushing,128.98,144.0,152.92,1.34,Type_V
levle1_140_jpg.rf.933fe472967703d079d7c8c0093d2e69.jpg,Flushing,130.47,141.74,155.27,2.44,Type_V
levle1_140_jpg.rf.d8c051c44a2d783385b308c7d7e06d37.jpg,Flushing,131.11,141.79,155.61,2.93,Type_V
levle1_144_jpg.rf.2eb67e087f2e6464ddbded28e7bdba3b.jpg,Flushing,159.13,148.71,149.52,29.95,Type_III
levle1_144_jpg.rf.2eb67e087f2e6464ddbded28e7bdba3b_6396.jpg,Flushing,159.13,148.71,149.52,29.95,Type_III
levle1_146_png.rf.2a694db5fb30d864f36de647eb154790.jpg,Flushing,140.38,139.9,149.28,13.35,Type_IV
levle1_146_png.rf.2a694db5fb30d864f36de647eb154790_5305.jpg,Flushing,140.38,139.9,149.28,13.35,Type_IV
levle1_151_jpg.rf.cb3ffb7e090af319696a983d5cd9348e.jpg,Flushing,132.05,139.27,149.11,4.83,Type_V
levle1_152_jpg.rf.bf811697275249d15e29e94e7f5092f8.jpg,Flushing,143.17,140.77,149.04,16.28,Type_IV
levle1_152_jpg.rf.bf811697275249d15e29e94e7f5092f8_2022.jpg,Flushing,143.17,140.77,149.04,16.28,Type_IV
levle1_157_jpg.rf.ff6787bb217b219f9253d08c728a02fb.jpg,Flushing,142.93,139.58,148.51,16.44,Type_IV
levle1_157_jpg.rf.ff6787bb217b219f9253d08c728a02fb_3036.jpg,Flushing,142.93,139.58,148.51,16.44,Type_IV
levle1_164_jpg.rf.c0e67b7628cb217a36c9f6ee2c9e809c.jpg,Flushing,132.53,140.7,147.7,5.72,Type_V
levle1_167_jpg.rf.6dd55b8c095c5655ee255ee0e189e9ab.jpg,Flushing,158.39,149.07,149.49,29.4,Type_III
levle1_167_jpg.rf.6dd55b8c095c5655ee255ee0e189e9ab_5144.jpg,Flushing,158.39,149.07,149.49,29.4,Type_III
levle1_16_jpg.rf.3fd3f142c6779b82d5be7a643025dcc7.jpg,Flushing,130.87,141.22,149.01,3.6,Type_V
levle1_171_jpg.rf.aea63cbce2c7dfe589a2174e5650e30a.jpg,Flushing,137.83,140.88,151.67,9.71,Type_V
levle1_173_jpg.rf.9d2067e1d88b868c9a3616d934cc707c.jpg,Flushing,141.12,148.54,150.54,13.33,Type_IV
levle1_175_jpg.rf.0f0b5f96c7b0228665bbae10a44e33e6.jpg,Flushing,134.04,140.74,155.42,5.35,Type_V
levle1_180_jpg.rf.8d766580468a11e3e572f93b620a1235.jpg,Flushing,143.29,140.26,151.88,14.53,Type_IV
levle1_184_jpg.rf.1e39b67d8c308175dc0bd444cb4b1d2e.jpg,Flushing,129.44,139.95,151.18,1.88,Type_V
levle1_184_jpg.rf.1e39b67d8c308175dc0bd444cb4b1d2e_3854.jpg,Flushing,129.44,139.95,151.18,1.88,Type_V
levle1_184_jpg.rf.378dc7ac38556f1f47cb6dc3356a3dbc.jpg,Flushing,124.7,139.77,150.56,-2.79,Type_V
levle1_186_png.rf.713ecbc71dd1c5b6b6c92bc1a6c4ef40.jpg,Flushing,126.86,140.86,150.24,-0.65,Type_V
levle1_190_jpg.rf.a818527f1482f1452a6dd92af05f0063.jpg,Flushing,132.83,144.66,147.48,6.12,Type_V
levle1_190_png.rf.15ee7af3687794822c11a370fe962a27.jpg,Flushing,136.56,144.96,147.82,10.17,Type_IV
levle1_190_png.rf.15ee7af3687794822c11a370fe962a27_3035.jpg,Flushing,136.56,144.96,147.82,10.17,Type_IV
levle1_191_png.rf.e902fe0437def6a1666ba817aca21ada.jpg,Flushing,153.37,142.26,147.5,27.49,Type_IV
levle1_192_jpg.rf.4e4bc68553b926ccc60c3d471e62d4df.jpg,Flushing,146.36,140.47,149.71,18.81,Type_IV
levle1_192_jpg.rf.4e4bc68553b926ccc60c3d471e62d4df_8470.jpg,Flushing,146.36,140.47,149.71,18.81,Type_IV
levle1_195_png.rf.9ec1e27650de1d3f06550dd037c1a7f0.jpg,Flushing,140.14,139.22,152.73,11.33,Type_IV
levle1_1_jpg.rf.3d315d37ac095197e9db999168e8985a.jpg,Flushing,121.16,134.79,145.88,-7.92,Type_V
levle1_200_jpg.rf.836e35635687c4bfd27f7eb5fcd783a2.jpg,Flushing,156.62,138.82,147.86,29.9,Type_III
levle1_200_png.rf.0ea1fad8fc3726f79f895022fb8190ea.jpg,Flushing,148.59,138.26,147.78,22.69,Type_IV
levle1_200_png.rf.0ea1fad8fc3726f79f895022fb8190ea_4863.jpg,Flushing,148.59,138.26,147.78,22.69,Type_IV
levle1_207_jpg.rf.92c2eca565f80576bde98bf65fbc48fc.jpg,Flushing,131.63,137.7,156.59,3.24,Type_V
levle1_212_png.rf.5c21dbfbd353b97755abd86854e7dcc2.jpg,Flushing,145.8,139.99,149.64,18.35,Type_IV
levle1_212_png.rf.5c21dbfbd353b97755abd86854e7dcc2_9281.jpg,Flushing,145.8,139.99,149.64,18.35,Type_IV
levle1_224_jpg.rf.00df22c896de6e30c82ae92471c01058.jpg,Flushing,159.35,140.7,149.07,30.66,Type_III
levle1_224_jpg.rf.00df22c896de6e30c82ae92471c01058_7121.jpg,Flushing,159.35,140.7,149.07,30.66,Type_III
levle1_225_jpg.rf.0f6724377330af2c7abe038f685b4011.jpg,Flushing,156.86,140.78,148.55,29.27,Type_III
levle1_225_jpg.rf.791d3880ab9944b7ec4f6b721c818659.jpg,Flushing,152.56,140.61,148.36,25.77,Type_IV
levle1_229_png.rf.5980b9e1bc834ce895404e137fce60f2.jpg,Flushing,125.0,145.99,159.36,-1.79,Type_V
levle1_229_png.rf.5980b9e1bc834ce895404e137fce60f2_9461.jpg,Flushing,125.0,145.99,159.36,-1.79,Type_V
levle1_22_jpg.rf.67c39f97efbad443fb9f3fc95cda8488.jpg,Flushing,129.32,141.02,149.36,1.91,Type_V
levle1_238_jpg.rf.cd28fd08ac6847c34d4a54dd4f4360d0.jpg,Flushing,111.74,139.76,148.57,-16.72,Type_V
levle1_23_jpg.rf.9fd56288608cc1813da41168edbfd41b.jpg,Flushing,129.56,139.5,147.07,2.42,Type_V
levle1_23_jpg.rf.9fd56288608cc1813da41168edbfd41b_3017.jpg,Flushing,129.56,139.5,147.07,2.42,Type_V
levle1_247_jpg.rf.fa191576161bfa895171251ae3b535c2.jpg,Flushing,149.12,140.11,150.9,20.32,Type_IV
levle1_247_png.rf.d78f636da61171b6fd36e7ec04869ae4.jpg,Flushing,153.15,140.04,150.51,24.08,Type_IV
levle1_247_png.rf.d78f636da61171b6fd36e7ec04869ae4_6127.jpg,Flushing,153.15,140.04,150.51,24.08,Type_IV
levle1_250_jpg.rf.86944ceb5e0034057b2299475c36f24f.jpg,Flushing,162.48,137.69,150.62,31.23,Type_III
levle1_250_jpg.rf.86944ceb5e0034057b2299475c36f24f_9383.jpg,Flushing,162.48,137.69,150.62,31.23,Type_III
levle1_250_png.rf.c8d43a32c7c73f44955afdabcf70e630.jpg,Flushing,166.81,137.78,150.4,34.53,Type_III
levle1_250_png.rf.c8d43a32c7c73f44955afdabcf70e630_9922.jpg,Flushing,166.81,137.78,150.4,34.53,Type_III
levle1_271_png.rf.11b20c647d5998a472e47f508b486fa4.jpg,Flushing,158.51,138.17,151.65,27.21,Type_IV
levle1_271_png.rf.11b20c647d5998a472e47f508b486fa4_2322.jpg,Flushing,158.51,138.17,151.65,27.21,Type_IV
levle1_278_jpg.rf.ce458218fa7d1d1ec5c789c1a4de841a.jpg,Flushing,159.64,136.32,145.68,35.48,Type_III
levle1_278_jpg.rf.ce458218fa7d1d1ec5c789c1a4de841a_6154.jpg,Flushing,159.64,136.32,145.68,35.48,Type_III
levle1_29_jpg.rf.5271eac022775e1444d4e707f8ab1329.jpg,Flushing,177.34,148.26,141.16,56.04,Type_I
levle1_29_jpg.rf.5271eac022775e1444d4e707f8ab1329_7316.jpg,Flushing,177.34,148.26,141.16,56.04,Type_I
levle1_315_png.rf.831fc914185247eb60910dbfc4cbd300.jpg,Flushing,133.48,142.75,150.0,6.08,Type_V
levle1_317_jpg.rf.8ed4afc4f6e21976e9210b45dfa921e8.jpg,Flushing,123.03,143.62,148.32,-4.93,Type_V
levle1_325_png.rf.ceb1f4f68c27cdf25e1cfa5ffb3b8545.jpg,Flushing,157.09,136.9,148.68,29.3,Type_III
levle1_325_png.rf.ceb1f4f68c27cdf25e1cfa5ffb3b8545_1897.jpg,Flushing,157.09,136.9,148.68,29.3,Type_III
levle1_329_png.rf.a6eae01810d2fb557917f2bafb4ab1d2.jpg,Flushing,106.42,146.62,145.74,-24.99,Type_V
levle1_330_jpg.rf.5a08697975a3ed8cf71d50603bf48879.jpg,Flushing,152.13,139.02,153.17,21.0,Type_IV
levle1_330_jpg.rf.5a08697975a3ed8cf71d50603bf48879_9622.jpg,Flushing,152.13,139.02,153.17,21.0,Type_IV
levle1_334_png.rf.a098b8b10bd4803924bd747f19539562.jpg,Flushing,131.64,140.83,151.18,4.0,Type_V
levle1_337_jpg.rf.2d2820766acea764469076c817637696.jpg,Flushing,153.41,141.61,147.61,27.39,Type_IV
levle1_33_png.rf.bee9f7e783b6b1cbc2a8b7ba7e95834e.jpg,Flushing,147.03,139.55,150.83,18.55,Type_IV
levle1_33_png.rf.bee9f7e783b6b1cbc2a8b7ba7e95834e_7212.jpg,Flushing,147.03,139.55,150.83,18.55,Type_IV
levle1_347_jpg.rf.8d49e5de84efb5d03ca199496ada1ad4.jpg,Flushing,124.35,144.18,149.94,-3.22,Type_V
levle1_351_jpg.rf.3b7bba169830ddea91ee177124925692.jpg,Flushing,142.29,139.2,148.93,15.49,Type_IV
levle1_351_jpg.rf.3b7bba169830ddea91ee177124925692_6241.jpg,Flushing,142.29,139.2,148.93,15.49,Type_IV
levle1_351_jpg.rf.d6685aa7b30f0a7e9677c26aebbce003.jpg,Flushing,146.43,139.55,149.41,19.12,Type_IV
levle1_360_jpg.rf.20ee1b951cd013131c1ca391b113abb4.jpg,Flushing,133.27,142.42,151.7,5.45,Type_V
levle1_360_jpg.rf.2950f7ed35bcd1e2d3199a63e8bd4c32.jpg,Flushing,130.49,142.32,151.54,2.85,Type_V
levle1_362_jpg.rf.e1fe23573a8c9d39b5115e81d4e5936f.jpg,Flushing,125.66,139.94,149.47,-1.92,Type_V
levle1_374_png.rf.b9dea69f7c18589e6d763b5d6e637e8a.jpg,Flushing,127.59,145.52,150.57,0.09,Type_V
levle1_381_png.rf.925a710d3317c3fd67e0d8895c54896d.jpg,Flushing,137.48,139.6,151.51,9.46,Type_V
levle1_381_png.rf.925a710d3317c3fd67e0d8895c54896d_6270.jpg,Flushing,137.48,139.6,151.51,9.46,Type_V
levle1_394_jpg.rf.eb53706d21b1ca16b512a556df9dfd37.jpg,Flushing,141.85,153.83,162.72,9.21,Type_V
levle1_401_jpg.rf.2625eabbc701121a601d2f2c1015d173.jpg,Flushing,152.24,138.67,153.16,21.09,Type_IV
levle1_401_jpg.rf.2625eabbc701121a601d2f2c1015d173_5405.jpg,Flushing,152.24,138.67,153.16,21.09,Type_IV
levle1_401_png.rf.df772b7741e681bb7ebab84531695960.jpg,Flushing,145.37,138.08,151.94,16.32,Type_IV
levle1_411_jpg.rf.19500a09b07be7ee64c6439808c98f79.jpg,Flushing,140.19,140.27,149.27,13.17,Type_IV
levle1_411_jpg.rf.19500a09b07be7ee64c6439808c98f79_6576.jpg,Flushing,140.19,140.27,149.27,13.17,Type_IV
levle1_417_png.rf.bad0a3f16557f54d49cefc51e48f5e04.jpg,Flushing,137.04,139.4,153.44,8.37,Type_V
levle1_422_png.rf.b27234d02c8444e947f31c5f3ee7a107.jpg,Flushing,149.34,139.34,148.61,22.57,Type_IV
levle1_424_jpg.rf.153ed6c5cb14186277389b293ef53d08.jpg,Flushing,137.07,144.35,145.46,12.13,Type_IV
levle1_424_jpg.rf.2d83f6db680637dbc938acf6234cf6c3.jpg,Flushing,140.56,144.77,145.86,16.0,Type_IV
levle1_427_jpg.rf.96f55099d518b3644e9ddad6e6ea2586.jpg,Flushing,149.59,140.27,152.36,19.57,Type_IV
levle1_42_jpg.rf.3758e0069ba1db4f10bd232e97982364.jpg,Flushing,121.6,138.64,147.6,-6.73,Type_V
levle1_433_png.rf.82e5936052b52f32ad8fe0cbb0b0c9d5.jpg,Flushing,142.85,136.83,152.33,13.9,Type_IV
levle1_437_png.rf.d6fd3239b733ac93ccbbb87ff355c6f1.jpg,Flushing,154.04,136.87,153.55,22.16,Type_IV
levle1_439_jpg.rf.32546a9a1930b82ee12d5790609ded37.jpg,Flushing,128.78,141.84,149.68,1.33,Type_V
levle1_461_jpg.rf.dc8b996be114002b07c7d0f741705cd5.jpg,Flushing,153.41,139.44,150.51,24.29,Type_IV
levle1_461_jpg.rf.dc8b996be114002b07c7d0f741705cd5_6463.jpg,Flushing,153.41,139.44,150.51,24.29,Type_IV
levle1_468_jpg.rf.e5614e7083a6e7fcf067759f38e8c2a1.jpg,Flushing,136.91,135.39,145.6,11.84,Type_IV
levle1_46_png.rf.6e9aaaf4b4f9d7d9f5ac9913031217d9.jpg,Flushing,143.35,140.84,151.7,14.7,Type_IV
levle1_472_jpg.rf.59ce792a70dbf3ebc9038fdc5dd473ba.jpg,Flushing,140.85,139.08,149.16,13.9,Type_IV
levle1_472_jpg.rf.59ce792a70dbf3ebc9038fdc5dd473ba_6072.jpg,Flushing,140.85,139.08,149.16,13.9,Type_IV
levle1_474_jpg.rf.1585dcce7ba3a177e823631486564831.jpg,Flushing,140.22,139.18,152.64,11.44,Type_IV
levle1_474_jpg.rf.1585dcce7ba3a177e823631486564831_7928.jpg,Flushing,140.22,139.18,152.64,11.44,Type_IV
levle1_476_jpg.rf.fbf5070fddd347321b5f0af0d0c69247.jpg,Flushing,151.48,137.14,154.29,19.68,Type_IV
levle1_47_png.rf.b61e7479c799b5cfe65691372d11fc76.jpg,Flushing,153.83,140.88,153.48,22.06,Type_IV
levle1_480_jpg.rf.685ce1efc86aa5cdf02b1e56ea994d7c.jpg,Flushing,144.19,139.76,151.98,15.27,Type_IV
levle1_483_jpg.rf.7f6e26cd5cf86d31032d2ebe94fe7adf.jpg,Flushing,126.88,144.75,153.05,-0.56,Type_V
levle1_483_jpg.rf.7f6e26cd5cf86d31032d2ebe94fe7adf_6932.jpg,Flushing,126.88,144.75,153.05,-0.56,Type_V
levle1_486_jpg.rf.95d7a6ca269b86d6de89d7188870ef38.jpg,Flushing,162.69,136.69,149.36,32.87,Type_III
levle1_486_jpg.rf.95d7a6ca269b86d6de89d7188870ef38_2620.jpg,Flushing,162.69,136.69,149.36,32.87,Type_III
levle1_489_jpg.rf.bbe0e9ef37685ae77fd410b04443939c.jpg,Flushing,132.98,152.47,154.51,4.63,Type_V
levle1_48_jpg.rf.cbc2e118c3952917988d430d1927c101.jpg,Flushing,150.91,142.8,151.01,21.75,Type_IV
levle1_48_jpg.rf.cbc2e118c3952917988d430d1927c101_3220.jpg,Flushing,150.91,142.8,151.01,21.75,Type_IV
levle1_491_jpg.rf.ce5d8b8a485cbc8a05350eff93cba571.jpg,Flushing,169.05,146.06,148.93,37.9,Type_III
levle1_492_jpg.rf.0c760b5c159ccea4122d43613c70f965.jpg,Flushing,152.48,147.36,148.47,25.57,Type_IV
levle1_492_jpg.rf.0c760b5c159ccea4122d43613c70f965_9328.jpg,Flushing,152.48,147.36,148.47,25.57,Type_IV
levle1_493_jpg.rf.cc7012ba79200e34510b80d29d2f46fa.jpg,Flushing,159.04,146.56,150.96,28.31,Type_III
levle1_506_jpg.rf.c26bfd98b607657cb6ffe56236c10baa.jpg,Flushing,154.35,137.29,149.65,25.94,Type_IV
levle1_506_jpg.rf.c26bfd98b607657cb6ffe56236c10baa_5610.jpg,Flushing,154.35,137.29,149.65,25.94,Type_IV
levle1_510_jpg.rf.2683addf8fba6a7040d40153a72a0b24.jpg,Flushing,153.75,136.96,150.81,24.29,Type_IV
levle1_510_jpg.rf.2683addf8fba6a7040d40153a72a0b24_2112.jpg,Flushing,153.75,136.96,150.81,24.29,Type_IV
levle1_512_jpg.rf.feefb01d34326ff60b13f17bd517aeed.jpg,Flushing,165.25,138.04,149.48,34.57,Type_III
levle1_516_png.rf.fd76cf277fa290acfca36f04f462244a.jpg,Flushing,139.2,137.54,149.53,12.03,Type_IV
levle1_519_jpg.rf.d900a14e1fac7374de2619e6a93e5438.jpg,Flushing,137.9,138.0,154.58,8.73,Type_V
levle1_520_jpg.rf.aff53cb93b0485cec291874cacd6e1d8.jpg,Flushing,161.69,140.73,149.94,31.43,Type_III
levle1_524_jpg.rf.dd32cacf6233725f7a0edf3d8e43ac1a.jpg,Flushing,163.62,135.92,149.5,33.38,Type_III
levle1_524_jpg.rf.dd32cacf6233725f7a0edf3d8e43ac1a_1237.jpg,Flushing,163.62,135.92,149.5,33.38,Type_III
levle1_525_jpg.rf.6309c6b9c2ef510044cfa20f492eaf07.jpg,Flushing,158.12,136.96,147.9,31.11,Type_III
levle1_525_jpg.rf.6309c6b9c2ef510044cfa20f492eaf07_4549.jpg,Flushing,158.12,136.96,147.9,31.11,Type_III
levle1_531_jpg.rf.53a49956238d6333eee2b49689cee57b.jpg,Flushing,141.84,140.85,147.84,15.83,Type_IV
levle1_531_jpg.rf.53a49956238d6333eee2b49689cee57b_8998.jpg,Flushing,141.84,140.85,147.84,15.83,Type_IV
levle1_532_png.rf.fbb40f1dfac74231aef87ffa4bd8ae2e.jpg,Flushing,139.05,138.99,147.02,13.39,Type_IV
levle1_536_jpg.rf.104f09f6b0c207a07a6813b2a5c8192b.jpg,Flushing,148.4,137.24,155.01,16.88,Type_IV
levle1_536_jpg.rf.104f09f6b0c207a07a6813b2a5c8192b_4965.jpg,Flushing,148.4,137.24,155.01,16.88,Type_IV
levle1_53_png.rf.3f6c32397e6e717ed6f630fe718e2c00.jpg,Flushing,119.85,140.87,155.09,-6.32,Type_V
levle1_542_png.rf.8bdfb789894b61ee1805fa82b5f7fe76.jpg,Flushing,145.55,140.28,159.75,12.57,Type_IV
levle1_544_png.rf.8c69ec3aa3e7d2775471a522695c197d.jpg,Flushing,161.36,138.24,151.67,29.29,Type_III
levle1_544_png.rf.8c69ec3aa3e7d2775471a522695c197d_5084.jpg,Flushing,161.36,138.24,151.67,29.29,Type_III
levle1_553_jpg.rf.5be3f82e01629a7f51c16fb94072a19d.jpg,Flushing,154.55,139.39,152.19,23.68,Type_IV
levle1_558_jpg.rf.5e8c967346c4699bc0738963385db281.jpg,Flushing,145.78,139.79,152.06,16.59,Type_IV
levle1_563_png.rf.fbf4df2498715bceede7a8e283687d4a.jpg,Flushing,142.58,139.73,152.97,13.33,Type_IV
levle1_564_jpg.rf.e1b8d1f83f77b3d6908cb579e676fc6c.jpg,Flushing,139.86,141.52,148.64,13.22,Type_IV
levle1_564_jpg.rf.e1b8d1f83f77b3d6908cb579e676fc6c_2114.jpg,Flushing,139.86,141.52,148.64,13.22,Type_IV
levle1_564_png.rf.dbcb9822d1e30a012d3163d2edf8b895.jpg,Flushing,142.29,141.66,148.92,15.5,Type_IV
levle1_564_png.rf.dbcb9822d1e30a012d3163d2edf8b895_7823.jpg,Flushing,142.29,141.66,148.92,15.5,Type_IV
levle1_565_jpg.rf.45dbad2a638d4002f392f28dec77c739.jpg,Flushing,166.13,137.22,151.42,32.9,Type_III
levle1_565_jpg.rf.45dbad2a638d4002f392f28dec77c739_6585.jpg,Flushing,166.13,137.22,151.42,32.9,Type_III
levle1_56_png.rf.121493bf9c984bfdb3a20031d82958a5.jpg,Flushing,152.52,138.55,150.53,23.53,Type_IV
levle1_576_jpg.rf.2c99b3933c52405143bbb040853be74a.jpg,Flushing,145.76,139.16,153.56,15.65,Type_IV
levle1_577_jpg.rf.47bb8caf76b0c4de0396dca37b458291.jpg,Flushing,134.82,139.7,153.1,6.52,Type_V
levle1_583_jpg.rf.54124330971c6d6904fe37c51c0f4918.jpg,Flushing,156.2,134.57,150.3,26.78,Type_IV
levle1_583_jpg.rf.54124330971c6d6904fe37c51c0f4918_5526.jpg,Flushing,156.2,134.57,150.3,26.78,Type_IV
levle1_586_jpg.rf.3b4764330c5903c9ac6701bd3f20018a.jpg,Flushing,165.99,136.43,148.93,35.8,Type_III
levle1_586_jpg.rf.3b4764330c5903c9ac6701bd3f20018a_4336.jpg,Flushing,165.99,136.43,148.93,35.8,Type_III
levle1_589_jpg.rf.1f9cd79368bd346e9ecfa8ac9327e0b9.jpg,Flushing,144.36,136.67,149.75,16.91,Type_IV
levle1_591_jpg.rf.d709d29e44de4daac774c538b26346d3.jpg,Flushing,138.09,139.95,151.36,10.09,Type_IV
levle1_593_png.rf.f9937dae39e24c1a11fa4c3de3bf1bdf.jpg,Flushing,157.62,138.16,149.53,28.75,Type_III
levle1_595_jpg.rf.a18adfc7a6f83a43fda319bab9d49592.jpg,Flushing,154.57,138.82,145.22,31.66,Type_III
levle1_597_jpg.rf.e29f9f356ca812589939452892014b9b.jpg,Flushing,141.88,140.42,149.13,14.94,Type_IV
levle1_597_jpg.rf.e29f9f356ca812589939452892014b9b_1367.jpg,Flushing,141.88,140.42,149.13,14.94,Type_IV
levle1_603_jpg.rf.96fb289a6986d8281f63f37546450943.jpg,Flushing,153.81,138.01,151.04,24.12,Type_IV
levle1_604_png.rf.a9243162d21532cd27e0835237e5b104.jpg,Flushing,151.6,137.49,150.76,22.54,Type_IV
levle1_613_jpg.rf.41d98b447504e85b47fa657a0306f603.jpg,Flushing,169.59,137.66,150.04,36.84,Type_III
levle1_613_jpg.rf.41d98b447504e85b47fa657a0306f603_7171.jpg,Flushing,169.59,137.66,150.04,36.84,Type_III
levle1_614_png.rf.8690fd8861e1500e1b84f4d56674eef0.jpg,Flushing,160.3,136.48,151.64,28.55,Type_III
levle1_614_png.rf.8690fd8861e1500e1b84f4d56674eef0_9953.jpg,Flushing,160.3,136.48,151.64,28.55,Type_III
levle1_62_png.rf.87e2bc9d6d0d09a147cecb3e0059050b.jpg,Flushing,141.49,135.93,151.1,13.37,Type_IV
levle1_62_png.rf.87e2bc9d6d0d09a147cecb3e0059050b_4987.jpg,Flushing,141.49,135.93,151.1,13.37,Type_IV
levle1_634_jpg.rf.8c44db2d81756dc3cc233559c831b098.jpg,Flushing,164.99,137.81,148.35,35.85,Type_III
levle1_64_jpg.rf.0580019a2ecf591fed6ecaa153f77638.jpg,Flushing,146.82,135.21,151.32,17.99,Type_IV
levle1_64_jpg.rf.e13a8a2bb86ae15d245f9642bbcd995d.jpg,Flushing,150.28,135.38,151.61,20.73,Type_IV
levle1_65_jpg.rf.3c589cbd6cd0c8bb47effe12aadd194a.jpg,Flushing,155.47,136.75,153.43,23.33,Type_IV
levle1_67_jpg.rf.f6af7a6ac66ca40aff8669297398a5f2.jpg,Flushing,160.33,136.1,152.63,27.59,Type_IV
levle1_80_jpg.rf.21f9e56eaabef6d0c3623840d0814d63.jpg,Flushing,132.17,137.51,143.5,6.74,Type_V
levle1_80_jpg.rf.21f9e56eaabef6d0c3623840d0814d63_4617.jpg,Flushing,132.17,137.51,143.5,6.74,Type_V
levle1_80_png.rf.c137325cd6e00203db6ff6b5ab144be9.jpg,Flushing,136.68,138.13,143.85,12.8,Type_IV
levle1_85_png.rf.43300e0189e3d99b88a9b36c8e17c209.jpg,Flushing,174.33,137.92,133.74,72.64,Type_I
levle2_102_png.rf.273e12ec6acfdce428b5e931c67e8505.jpg,Flushing,136.66,141.79,149.16,9.63,Type_V
levle2_102_png.rf.273e12ec6acfdce428b5e931c67e8505_8833.jpg,Flushing,136.66,141.79,149.16,9.63,Type_V
levle2_107_jpg.rf.613f87ef43e483d33a26ecef20706e40.jpg,Flushing,144.04,140.86,143.85,22.26,Type_IV
levle2_107_jpg.rf.613f87ef43e483d33a26ecef20706e40_3680.jpg,Flushing,144.04,140.86,143.85,22.26,Type_IV
levle2_108_jpg.rf.98a86300ed92a987c8fc0e79bf9ff70a.jpg,Flushing,146.52,141.48,145.93,22.59,Type_IV
levle2_108_jpg.rf.98a86300ed92a987c8fc0e79bf9ff70a_3454.jpg,Flushing,146.52,141.48,145.93,22.59,Type_IV
levle2_109_jpg.rf.b6da0c4ae4dddb8af42faaff33800909.jpg,Flushing,131.94,145.19,149.45,4.64,Type_V
levle2_111_jpg.rf.781f76db6ba25addb3cddabd1ddf73c1.jpg,Flushing,146.97,143.49,149.76,19.34,Type_IV
levle2_111_jpg.rf.781f76db6ba25addb3cddabd1ddf73c1_9674.jpg,Flushing,146.97,143.49,149.76,19.34,Type_IV
levle2_113_jpg.rf.528c0f8dfb06df34c033810fc38a3760.jpg,Flushing,153.11,142.9,150.15,24.39,Type_IV
levle2_113_jpg.rf.a460193e7bf9a3e3f62ea5305956d0df.jpg,Flushing,138.04,142.47,149.58,10.84,Type_IV
levle2_125_jpg.rf.19c33aec3449f1a4492ce5cb0cc1a6ee.jpg,Flushing,103.93,137.38,144.29,-29.58,Type_V
levle2_125_jpg.rf.19c33aec3449f1a4492ce5cb0cc1a6ee_1386.jpg,Flushing,103.93,137.38,144.29,-29.58,Type_V
levle2_126_jpg.rf.480f97a5dc29fc2df826eeaf2fea6123.jpg,Flushing,136.02,140.71,147.85,9.56,Type_V
levle2_129_jpg.rf.26ec0d9699d669c53dc59716ab03b95f.jpg,Flushing,153.05,138.21,148.73,25.8,Type_IV
levle2_129_jpg.rf.26ec0d9699d669c53dc59716ab03b95f_3790.jpg,Flushing,153.05,138.21,148.73,25.8,Type_IV
levle2_132_jpg.rf.3ee6cc2c6751225361932b9654ee5915.jpg,Flushing,148.11,137.23,147.1,22.93,Type_IV
levle2_138_png.rf.a7cfd3c2b6111c76868b6e57b28ba311.jpg,Flushing,140.8,148.88,152.04,12.24,Type_IV
levle2_145_jpg.rf.312cec5141e41051651e40923e240f81.jpg,Flushing,137.53,139.61,151.97,9.32,Type_V
levle2_145_jpg.rf.5cbc31f92e1bea0944489088c8e77968.jpg,Flushing,136.93,139.48,152.54,8.57,Type_V
levle2_160_jpg.rf.5c88d3367887dd678379f28c793d1f67.jpg,Flushing,138.11,141.3,148.84,11.29,Type_IV
levle2_160_jpg.rf.5c88d3367887dd678379f28c793d1f67_1115.jpg,Flushing,138.11,141.3,148.84,11.29,Type_IV
levle2_164_jpg.rf.7c97da57a260e2f8ccf30e2c42fd95fd.jpg,Flushing,142.9,136.68,150.14,15.25,Type_IV
levle2_164_jpg.rf.7c97da57a260e2f8ccf30e2c42fd95fd_6551.jpg,Flushing,142.9,136.68,150.14,15.25,Type_IV
levle2_164_png.rf.df617febdb68acfab5facd87cbeca55a.jpg,Flushing,150.12,136.93,150.61,21.43,Type_IV
levle2_166_png.rf.af13f0aecc2e0de90f99dc43a8b1b622.jpg,Flushing,148.26,136.78,150.56,19.84,Type_IV
levle2_175_jpg.rf.4326fb62a9f1a903d12d065b088ab474.jpg,Flushing,133.43,145.19,147.71,6.73,Type_V
levle2_175_jpg.rf.4326fb62a9f1a903d12d065b088ab474_8882.jpg,Flushing,133.43,145.19,147.71,6.73,Type_V
levle2_176_jpg.rf.372d42597a7815a440d113a4d2b771a6.jpg,Flushing,126.91,145.17,147.59,-0.68,Type_V
levle2_176_jpg.rf.372d42597a7815a440d113a4d2b771a6_3529.jpg,Flushing,126.91,145.17,147.59,-0.68,Type_V
levle2_177_png.rf.b9bbe75f73b668cfdd8a0a769b5e4c0a.jpg,Flushing,163.33,138.71,150.69,31.77,Type_III
levle2_177_png.rf.b9bbe75f73b668cfdd8a0a769b5e4c0a_9206.jpg,Flushing,163.33,138.71,150.69,31.77,Type_III
levle2_178_jpg.rf.1457d321e0e12d5016a340e35bf93cc8.jpg,Flushing,160.37,138.22,150.34,29.99,Type_III
levle2_178_jpg.rf.1457d321e0e12d5016a340e35bf93cc8_8796.jpg,Flushing,160.37,138.22,150.34,29.99,Type_III
levle2_184_jpg.rf.6cb0821f4aaf484583f4f7709e5c6b19.jpg,Flushing,146.06,138.56,149.63,18.59,Type_IV
levle2_184_jpg.rf.6cb0821f4aaf484583f4f7709e5c6b19_8670.jpg,Flushing,146.06,138.56,149.63,18.59,Type_IV
levle2_187_jpg.rf.730900e9aa8d78379f50bd37119b0a1c.jpg,Flushing,168.0,146.93,146.9,40.04,Type_III
levle2_189_png.rf.1ecac6c21e6c2454eb5e1b8eefa58674.jpg,Flushing,122.36,137.95,146.06,-6.37,Type_V
levle2_189_png.rf.1ecac6c21e6c2454eb5e1b8eefa58674_8267.jpg,Flushing,122.36,137.95,146.06,-6.37,Type_V
levle2_50_jpg.rf.9eff790fee1d572c19c8bd2b7bd837d5.jpg,Flushing,145.45,135.92,143.25,24.78,Type_IV
levle2_56_png.rf.d919231ac2e940b999585f9ed55d07f9.jpg,Flushing,148.27,135.39,138.27,38.41,Type_III
levle2_56_png.rf.d919231ac2e940b999585f9ed55d07f9_2181.jpg,Flushing,148.27,135.39,138.27,38.41,Type_III
levle2_58_jpg.rf.d1558c5c7d5d34d4f28532e703c63340.jpg,Flushing,125.25,134.33,144.06,-3.15,Type_V
levle2_59_jpg.rf.fb593ee6a2ab6d2be6b9c57a85b20da4.jpg,Flushing,153.25,138.3,135.71,52.64,Type_II
levle2_61_jpg.rf.34a6d0ccf6a9776486710545ef82df4a.jpg,Flushing,154.31,138.19,139.91,41.45,Type_II
levle2_61_jpg.rf.34a6d0ccf6a9776486710545ef82df4a_7558.jpg,Flushing,154.31,138.19,139.91,41.45,Type_II
levle2_67_jpg.rf.e62a125becab0fd587f3060f65920dbb.jpg,Flushing,174.17,135.06,140.14,56.43,Type_I
levle2_70_jpg.rf.d5d2eca151f4563735350ddf9db6526f.jpg,Flushing,118.5,143.86,147.4,-10.32,Type_V
levle2_70_jpg.rf.d5d2eca151f4563735350ddf9db6526f_4424.jpg,Flushing,118.5,143.86,147.4,-10.32,Type_V
levle2_72_png.rf.7f17e407e53438509c1f9fffa063312a.jpg,Flushing,118.83,145.19,148.36,-9.48,Type_V
levle2_74_jpg.rf.aae7325c99f764e4513fc69be71178ff.jpg,Flushing,115.92,154.07,156.97,-8.91,Type_V
levle2_74_png.rf.415c848576c134dcfdc3849f25e35651.jpg,Flushing,121.78,154.56,157.8,-4.3,Type_V
levle2_74_png.rf.415c848576c134dcfdc3849f25e35651_8235.jpg,Flushing,121.78,154.56,157.8,-4.3,Type_V
levle2_79_jpg.rf.55c0e3916dc8ceb2aed583f8adaa5bb2.jpg,Flushing,144.94,138.17,149.57,17.59,Type_IV
levle2_84_jpg.rf.78de47b26b227da5bac15ce5063d86b1.jpg,Flushing,156.64,137.87,148.2,29.49,Type_III
levle2_85_png.rf.dd0f45ce29b4a2d6aec43002151e3e0e.jpg,Flushing,122.31,144.55,154.62,-4.37,Type_V
levle3_89_jpg.rf.b341f6f9d9b23860b65b00936e87beeb.jpg,Flushing,137.53,138.19,149.75,10.25,Type_IV
levle3_89_jpg.rf.b341f6f9d9b23860b65b00936e87beeb_8146.jpg,Flushing,137.53,138.19,149.75,10.25,Type_IV
normal-140-_jpg.rf.a8cc93010856132ca065e267404bf5b2.jpg,Flushing,186.85,144.66,149.58,47.17,Type_II
normal-140-_jpg.rf.a8cc93010856132ca065e267404bf5b2_7657.jpg,Flushing,186.85,144.66,149.58,47.17,Type_II
oily-116-_jpg.rf.80b1bb512df4f8812d5f89e709e8ad8f.jpg,Flushing,185.67,138.45,142.77,57.08,Type_I
oily-116-_jpg.rf.80b1bb512df4f8812d5f89e709e8ad8f_6176.jpg,Flushing,185.67,138.45,142.77,57.08,Type_I
oily-140-_jpg.rf.6b62270e87cdd3210a0056bd0daa3b02.jpg,Flushing,205.23,144.69,139.87,68.73,Type_I
oily-140-_jpg.rf.6b62270e87cdd3210a0056bd0daa3b02_4272.jpg,Flushing,205.23,144.69,139.87,68.73,Type_I
oily-246-_jpg.rf.7fe21c2ab2b017bef1942bf54c450e44.jpg,Flushing,197.28,142.16,142.34,62.35,Type_I
oily-35-_jpg.rf.50d5ca3aebc22c6dbf56a4ecb92b81a3.jpg,Flushing,187.98,138.8,144.07,55.89,Type_I
oily-35-_jpg.rf.50d5ca3aebc22c6dbf56a4ecb92b81a3_5951.jpg,Flushing,187.98,138.8,144.07,55.89,Type_I
oily-39-_jpg.rf.8e410fe5b645f7f635765b9bb48b91d0.jpg,Flushing,203.46,140.3,148.87,54.98,Type_II
oily-skin_187_jpeg.rf.f050ecd5a5e0f0a5d30b683c6fdec8b4.jpg,Flushing,121.22,147.81,150.41,-6.28,Type_V
oily-skin_187_jpeg.rf.f050ecd5a5e0f0a5d30b683c6fdec8b4_9904.jpg,Flushing,121.22,147.81,150.41,-6.28,Type_V
oily13_jpg.rf.f7e4346b4ac8d640fc62b799448ee503.jpg,Flushing,177.02,140.05,152.84,38.02,Type_III
oily15_jpg.rf.ec2ee78a4a5f3f82e52978093e48f966.jpg,Flushing,136.09,146.81,163.61,5.41,Type_V
oily15_jpg.rf.ec2ee78a4a5f3f82e52978093e48f966_7565.jpg,Flushing,136.09,146.81,163.61,5.41,Type_V
oily18_jpg.rf.857e99e6693975c0eeb342c874be624a.jpg,Flushing,143.66,143.13,139.54,28.78,Type_III
oily18_jpg.rf.857e99e6693975c0eeb342c874be624a_9813.jpg,Flushing,143.66,143.13,139.54,28.78,Type_III
oily20_jpg.rf.450a2e3fb3453d738cf8e4cd8c5299ca.jpg,Flushing,131.79,137.07,139.62,8.23,Type_V
oily20_jpg.rf.450a2e3fb3453d738cf8e4cd8c5299ca_7543.jpg,Flushing,131.79,137.07,139.62,8.23,Type_V
oily23_jpg.rf.a623e0a5b2ada477afde9cf0475375ff.jpg,Flushing,147.88,141.51,144.57,25.74,Type_IV
oily28_jpg.rf.8236ee7e505701cfd83cb0377badd064.jpg,Flushing,148.93,143.48,143.88,27.88,Type_IV
oily31_jpg.rf.79a6a1dbe6ad4f9775ed634088bdeaa9.jpg,Flushing,154.22,148.95,147.83,27.85,Type_IV
oily31_jpg.rf.79a6a1dbe6ad4f9775ed634088bdeaa9_5001.jpg,Flushing,154.22,148.95,147.83,27.85,Type_IV
oily33_jpg.rf.7a7b34dd7097dc65b94dfd96fa7c8e0c.jpg,Flushing,209.26,133.27,138.17,72.41,Type_I
oily48_jpg.rf.b213403caf2837545ed9c8ed8031aeeb.jpg,Flushing,196.96,137.07,139.09,67.84,Type_I
oily48_jpg.rf.b213403caf2837545ed9c8ed8031aeeb_5442.jpg,Flushing,196.96,137.07,139.09,67.84,Type_I
oily53_jpg.rf.eb40a31977c16437fa9e9f0afca5c1e1.jpg,Flushing,190.61,139.64,153.38,44.28,Type_II
oily58_jpg.rf.d35bb197b96105c952dd9804dd7ca2f9.jpg,Flushing,185.66,149.35,150.09,45.92,Type_II
oily59_jpg.rf.0f594a127194f15d6a973cb06cffb0cb.jpg,Flushing,202.25,136.88,138.95,69.52,Type_I
oily59_jpg.rf.0f594a127194f15d6a973cb06cffb0cb_5298.jpg,Flushing,202.25,136.88,138.95,69.52,Type_I
oily6_jpg.rf.76890812f7e8adc0d82db58286e6d39c.jpg,Flushing,213.1,136.79,140.98,68.86,Type_I
oily6_jpg.rf.76890812f7e8adc0d82db58286e6d39c_5675.jpg,Flushing,213.1,136.79,140.98,68.86,Type_I
oily7_jpg.rf.f591a7038c278475a4dd56c41d10fe85.jpg,Flushing,225.8,134.57,141.88,70.2,Type_I
oily8_jpg.rf.4360d3322212bdfeaf39f7bdcbeb6751.jpg,Flushing,212.89,138.39,140.52,69.5,Type_I
oily8_jpg.rf.4360d3322212bdfeaf39f7bdcbeb6751_8906.jpg,Flushing,212.89,138.39,140.52,69.5,Type_I
perioral-dermatitis-137.jpg,Flushing,169.12,131.75,131.09,79.26,Type_I
perioral-dermatitis-138.jpg,Flushing,161.94,138.8,149.02,32.72,Type_III
persistent-erythema_3249_jpg.rf.ceee57b74db4f270fac190834ad55399.jpg,Flushing,151.79,157.2,157.08,18.14,Type_IV
pro04_sec03_png.rf.f85679a7727179b6f4e3a547a72d761a.jpg,Flushing,184.09,146.97,138.48,64.72,Type_I
rosacea-101.jpg,Flushing,115.7,145.19,133.16,-41.86,Type_VI
rosacea-105.jpg,Flushing,143.63,138.84,148.2,17.39,Type_IV
rosacea-113.jpg,Flushing,167.98,142.04,149.51,36.43,Type_III
rosacea-114.jpg,Flushing,152.62,149.99,148.2,25.99,Type_IV
rosacea-13.jpg,Flushing,140.83,141.33,139.43,24.58,Type_IV
rosacea-33.jpg,Flushing,128.7,139.47,140.13,2.23,Type_V
rosacea-39.jpg,Flushing,149.08,151.12,142.43,30.39,Type_III
rosacea-44.jpg,Flushing,112.59,135.45,129.43,-76.29,Type_VI
rosacea-50.jpg,Flushing,183.99,131.64,136.52,68.97,Type_I
rosacea-53.jpg,Flushing,145.21,141.43,133.95,49.43,Type_II
rosacea-56.jpg,Flushing,130.43,148.28,137.17,7.15,Type_V
rosacea-58.jpg,Flushing,158.21,145.37,113.93,-40.55,Type_VI
rosacea-59.jpg,Flushing,148.42,138.99,138.45,38.14,Type_III
rosacea-60.jpg,Flushing,181.11,134.68,129.83,85.04,Type_I
rosacea-63.jpg,Flushing,163.45,136.56,133.38,69.11,Type_I
rosacea-64.jpg,Flushing,201.4,139.16,127.54,-89.08,Type_VI
rosacea-68.jpg,Flushing,170.41,137.29,147.2,41.24,Type_II
rosacea-75.jpg,Flushing,148.48,139.41,133.06,58.4,Type_I
rosacea-79.jpg,Flushing,182.34,136.48,130.71,82.82,Type_I
rosacea-95.jpg,Flushing,163.74,135.66,130.62,79.57,Type_I
rosacea-96.jpg,Flushing,154.5,131.51,131.23,73.04,Type_I
Screenshot-2023-03-29-144401_png.rf.46cd1ad21ec14903e7150e29dc132751.jpg,Flushing,174.81,145.24,147.84,43.09,Type_II
Screenshot-2023-03-29-144433_png.rf.1508f8085ec0f83de7bc3f69d2eacb19.jpg,Flushing,167.77,141.92,144.12,44.41,Type_II
Screenshot-2023-03-29-144433_png.rf.1508f8085ec0f83de7bc3f69d2eacb19_9355.jpg,Flushing,167.77,141.92,144.12,44.41,Type_II
Screenshot-2023-03-29-144534_png.rf.ad95dac391131cd236a960643c2848ee.jpg,Flushing,167.19,146.68,138.05,57.16,Type_I
Screenshot-2023-03-29-145623_png.rf.899cc55c924ecd780adb197e3848a58c.jpg,Flushing,181.18,146.62,136.97,66.93,Type_I
Screenshot-2023-03-29-145645_png.rf.466409b8f5d9c4b516410440b2546a5d.jpg,Flushing,181.66,151.75,133.55,75.36,Type_I
Screenshot-2023-03-29-145645_png.rf.466409b8f5d9c4b516410440b2546a5d_8352.jpg,Flushing,181.66,151.75,133.55,75.36,Type_I
Screenshot_2_png.rf.bd8c70e9cd4166e6d573376cf572caa1.jpg,Flushing,118.13,147.71,152.86,-8.4,Type_V
Screenshot_34_png.rf.927d42a0c52b92455f93cff5b6261f53.jpg,Flushing,172.2,145.72,138.93,58.05,Type_I
Screenshot_3_png.rf.493eaf889fac923a4a884f8069e14495.jpg,Flushing,193.73,153.53,139.25,66.57,Type_I
shutterstock_1545102416_jpg.rf.30f47e0bfdfd3e87e2a794149158ceac.jpg,Flushing,174.12,141.68,137.99,61.35,Type_I
Skin-Redness_jpg.rf.8dff0dbf21097c83d9917c4dde33568a.jpg,Flushing,158.48,148.2,150.95,27.89,Type_IV
_1495410572_jpg.rf.f1934277db264eb66f6d0e912e9bdebc.jpg,Flushing,180.69,149.09,151.75,41.29,Type_II
_1892688412_jpg.rf.3896e7d4bdb3df0e356a98365da2f799.jpg,Flushing,165.08,144.74,142.44,45.59,Type_II
_1892688412_jpg.rf.3896e7d4bdb3df0e356a98365da2f799_8765.jpg,Flushing,165.08,144.74,142.44,45.59,Type_II
_2094077383_jpg.rf.c42b2c1599c714b3e7d2c810327c0638.jpg,Flushing,202.03,142.24,143.35,62.29,Type_I
_2094077383_jpg.rf.c42b2c1599c714b3e7d2c810327c0638_7553.jpg,Flushing,202.03,142.24,143.35,62.29,Type_I
_2265062407_jpg.rf.03f63e3faf745520525c1a449fd99dc0.jpg,Flushing,204.14,149.32,138.48,70.78,Type_I
